id,cluster,k
ANID_00dfe2a624ecab3b5aa03903befbd07b,1,4
ANID_025fa5620c54bec91d3e08fd5d2c9f94,1,4
ANID_0346e6609a02fdfa0e948e23544b9903,1,4
ANID_0462f398d00a99fcbd9aee6c71747ce3,3,4
ANID_066278afea715a58288f9ea5c2a842c7,1,4
ANID_0ac244a9086605f8fea26df3637ac282,3,4
ANID_0c1511af7460108ee7504aa18727851a,3,4
ANID_0d13a1f0489f4e862d75766126cf0398,3,4
ANID_10b06b1c7a060671ccb460c1b3c8c132,1,4
ANID_1257849af4e085c61536fd386d731ef7,1,4
ANID_152d6e55ca15e5e96a694eb8c4199c03,1,4
ANID_16e0dd6be1bee971178062d54ec194b4,3,4
ANID_18b9dd3b4ec63d7d3adddaea4920ee1d,1,4
ANID_1a196d1ba979f99afc44e911bcfc03d7,3,4
ANID_1cdcc27baed90770ad315df5b37ad661,1,4
ANID_22bc1107ce372215b968f91edb49dd73,3,4
ANID_2533f07cebb826b4f105a298f41d2dc3,3,4
ANID_2563bbec0ecb396e936179fe31b0c1a1,1,4
ANID_25fa4e87d736c3bc42e040e6e837d45b,1,4
ANID_2693009ea148f52d2b7794ef4f45bd8d,3,4
ANID_269e9d28962aea9115360bccde27c115,1,4
ANID_2805b7797b3e7ba2266a0a1905879b4d,3,4
ANID_2f0f4bc143206c79207f3519a6e8eefe,3,4
ANID_300cdb8e34706fb420f95963efe6b30d,3,4
ANID_30899a0ade6206208de16ddea10e2e67,1,4
ANID_344be1546f5544669e9d1907a9552d84,3,4
ANID_373c797ee3a4bee8a58bb1dfc8b25428,1,4
ANID_38f3295ef2c0f05f988fe4278ae55def,1,4
ANID_3974e4fd27f7b1f1c0e6c589edd4dc8e,1,4
ANID_3ad6367b4bce0fce2f1db742d7082d0b,3,4
ANID_3b15aadbe175d336f35c7610faac55e4,1,4
ANID_3cbf0c00e4de45fc4dba94e7de69068d,3,4
ANID_3e822ff69a222a32a36a27c07ba79259,3,4
ANID_3fdf6184f216f40a5e75b7ebd7b94ee2,1,4
ANID_442b5167e09103c6ac497ce76161c461,1,4
ANID_47af5e129af870955479ed650495b295,1,4
ANID_4ce72586fca31df42a305357deb99930,1,4
ANID_4e41b557a150510c6277fb6938b1562e,3,4
ANID_4e45f422abe2f913393b39d1cf7f043b,1,4
ANID_523df9f34a0fbd46ffdb36568617a0a7,1,4
ANID_53efa9f0a8eb3a60b5e3bb3aaf709998,1,4
ANID_57a9ac73d87e36acde27c6ff31f410af,3,4
ANID_5b1bcade7def555c48e38c6144602b04,3,4
ANID_5ce90e3632fdc557d6740b9e1bb83549,3,4
ANID_5e534e118b3059d3dfa3e0c64c5ca401,1,4
ANID_6325e888a74d672f1de31be6dbe25f36,1,4
ANID_64e616a285246dd5e24ae1c6705d3050,1,4
ANID_6986ac6c5df118d9dd7ad8d536c7c552,3,4
ANID_6992bee504ef1f8b21174d56e637c70a,1,4
ANID_6ac0f0bc76ee9b4d503e5b7ae41e5069,1,4
ANID_6fa5a5eeaf6bde4830ddca5115e3f210,3,4
ANID_7159f536bd3ef9611f4491ca35814633,3,4
ANID_71e437ca759197f1be751e58ab4569f2,3,4
ANID_7468e4552764582c830b64d927eb374a,1,4
ANID_7568305651f499c3f37ac3de1f01d4c9,3,4
ANID_7bec25c3ccba579e2cfe7b0ac164fd1b,1,4
ANID_7d08f96b0221ac2e3103f4192a4f2cf5,3,4
ANID_7d0f0061cb59e23a4551c2d8b7a13c25,1,4
ANID_7f8cfdecae5bf1fd802fb5c7ba07b34f,1,4
ANID_80a3cb486cd101cf8caef4836405d1ed,1,4
ANID_84b02f419764badab1fdb83683b19bb5,3,4
ANID_86dcb6faf3a2b2d383f33caa01882ce4,3,4
ANID_8c3b1a71749478c4bdf16e66be1a2356,3,4
ANID_8dffd1965e1f4fc7f3805db351677794,3,4
ANID_9006b50ab8b8426a88aa00ee70d82fc3,3,4
ANID_912d0fb4b99dd6be7956100723dd4106,3,4
ANID_92aba56059333431c26c4e0fc277b3f2,1,4
ANID_9635e8962cff5f66f305f39a571d890b,3,4
ANID_98f1db7576bac4f06c124f8f1e6acaea,1,4
ANID_9ed2e2b0062aad59e8de2118578c09ff,3,4
ANID_Infor_0e4dc18eb9c8d5b80cdc21ab77cbb491,3,4
ANID_Infor_12b7c1632b2e42b60e3aaa7a1c1d75e5,1,4
ANID_Infor_1642567f23ffc8add575f86606891dd4,1,4
ANID_Infor_18524c00319ae17c43d103a83f576462,1,4
ANID_Infor_306b472bfa31f549e2b5a480507b085b,1,4
ANID_Infor_3a2d0a93544a0e64c19f1daeb4abad5c,3,4
ANID_Infor_4107284e2c9becb4e3b84b02445fc0d8,3,4
ANID_Infor_4191714c707b14cb8aabd3d9a00a717d,1,4
ANID_Infor_4ca3f26abe4f9a21b3cb428c1eedd148,1,4
ANID_Infor_5cb3995c0ad8304748ca7e66e1134dfa,3,4
ANID_Infor_670be884d10edf27f9a708611f59eae1,3,4
ANID_Infor_688458dcd23cf091cc065083c0716be7,1,4
ANID_Infor_71e705214d4a67e31358373e920af3d6,3,4
ANID_Infor_7449b64b5de076a73e7438da8fae748c,3,4
ANID_Infor_77c4cb35f133582c7c060e609072b23e,1,4
ANID_Infor_85729c0f4b4851b4f861a4270b4c24a7,3,4
ANID_Infor_858c29326e827ce92eb03eda66120f33,1,4
ANID_Infor_899c535bc799383ef03331bed4c4ea7d,1,4
ANID_Infor_8f497265a79c67ea49a68c5b47c1c969,1,4
ANID_Infor_91ec8ebff3c7dfbb4fa85ded892c6fc9,1,4
ANID_Infor_9bcb34af2869e93b977bad19a879309e,1,4
ANID_Infor_a4e072b5fc3c8dc745253e844330f2d4,1,4
ANID_Infor_a4e3040984b0a47f30258c494ed302d0,1,4
ANID_Infor_a77f02560ba322fba5deb93991af7e27,1,4
ANID_Infor_acd8c7be3c53f27424e03ce60ff0daa8,3,4
ANID_Infor_b3ab3bead2b05ed037cf39591de2dacd,1,4
ANID_Infor_bc11a89554e9c6bc1025522777f0b73e,3,4
ANID_Infor_c841c7777d923d7abfb2bcad3a168bfb,3,4
ANID_Infor_c95470af927f69fb6f35c82af104f77f,3,4
ANID_Infor_d1743f4c1f6db5bbd8d7da0d4e27ff69,1,4
ANID_Infor_da964d12801999d36006d8e543db9601,1,4
ANID_Infor_f8f518c988c0832cb1aef984b82ef748,3,4
ANID_a3dca77714b757527e81a3c59e7cf14f,1,4
ANID_a4c6a0642e9ddef6471585da99ceff5b,1,4
ANID_b2b83c83b2ba5ffc7ed4737bc7f426d8,3,4
ANID_b4db55af3ae3ceb25b7332ca56228e50,1,4
ANID_b7e18cd05742fc0cb54b190612db770f,1,4
ANID_bccb2d66df901203b4246ccc8f118c95,1,4
ANID_c0925d1edfc5bcece55ee4104ae98af9,3,4
ANID_c34a0efa36bb918310999750ba773a79,1,4
ANID_c7a94e75a7156a994c5e2dc82f1dbf56,1,4
ANID_c7c0b80221d05968190764e831bebe67,3,4
ANID_c941dbec3a655fe22132db8919d45b17,3,4
ANID_cb87fb19f93773e6b9eef61f90be742c,3,4
ANID_d6ad8ec76a565696785e21c03792cc8b,1,4
ANID_d7d45b77fd926c55de777ef4ef7555cc,3,4
ANID_dab01b132f58ad5e7a9f4abc9b00fde1,1,4
ANID_db7ecafdc35a7ed0e2792137ad97128a,3,4
ANID_dbb0ceb67fe7c0cda47970c7963341b6,3,4
ANID_dbd6920689ef4012f944635058c29d23,1,4
ANID_de7ed6e2238249ef0ddd66cb227ab032,1,4
ANID_dff7c6b7f97f5231ae10adfe0edd7203,3,4
ANID_e0c0f82b2311038dfebf54002ec06dc8,3,4
ANID_e261b377bb742dbd86a9d8b77dfb162b,3,4
ANID_e55c7c7e26a814d871429ddcc8af1ebf,3,4
ANID_e6411a030c5904ea99ce1bda5b3800bd,1,4
ANID_e8bff29680ab169c7efa911460fde389,1,4
ANID_ed669e84fd0fcdc9343b4453b7d9178c,1,4
ANID_ed7d56de0ae729fdaeb6a09e9582da53,1,4
ANID_ed9b6f1dfc76f56f94f99c6cf9756cb2,3,4
ANID_ef413a30a988e222f2e512e025b75cf2,3,4
ANID_f54cc29aec6fded06506d2cf3be315a0,1,4
ANID_f5522d3a8981e93245725c8374525226,3,4
ANID_f77a922f22b3f88276e58dbb89ef9a6a,3,4
ANID_fb3172ee2117fd2cc47f7f1bb055436a,3,4
ANID_ff2c32142b129a447c0cbf37575eebc9,3,4
PUC_009f87c6c37fa4e1b8611ab3f0a45fd2,3,4
PUC_01276afa8e4e67071d27b55924ab5f60,3,4
PUC_01bd969bcdaa44563646fd5465010e90,3,4
PUC_02193ddf98c3ab350ef422450ec1c9e5,3,4
PUC_0265012e3b433cd72dccd985908b6303,3,4
PUC_03ad6aa20b42235f02398c586f7209f8,3,4
PUC_03c04db8e06d14c605b5fda431f11a02,3,4
PUC_047879722b8e4234ca4e5f2ebc9ed358,3,4
PUC_05ad9c385ec566c61e2efa60e1980a1b,3,4
PUC_05b475c1cc99e6b1f1f6ebf00866757a,3,4
PUC_05b884bfee8dca56b6031cecbdd056ff,3,4
PUC_05ee0758da507f7e23d289ea4b3f42a1,3,4
PUC_062f7196789b42017568cae8c169692d,1,4
PUC_065358c681fc311bfda51d15112ca65c,2,4
PUC_06fc7f01b043684ee5a1c575ab63a5ef,3,4
PUC_074ff5e7df7a68fe5e235931485d42c9,3,4
PUC_09105729e4deaf3da365a3378376fb32,3,4
PUC_0949749ab358f0e509c0fe86d704139b,3,4
PUC_09869b10abdcdd0e9a2696ef7fb19453,3,4
PUC_0a21d0e01efda348cd415107ef97494b,2,4
PUC_0a32bfcfac40a780e0171ae0476609f3,3,4
PUC_0b9d70528419b05c80c124d1cf604ad2,3,4
PUC_0c66ac78084699dac3194c6c5497d9b3,3,4
PUC_0cd6a0ea80e13f0780974482abae8d32,3,4
PUC_0db92961fb86f3f515dde20bb65884ec,3,4
PUC_0de2ea7a1b90da8409b9b79ce3dc5d3e,3,4
PUC_0e7c457f4880b0c46ebc3affeca6915f,3,4
PUC_0eea7251085cb1f64c9587988d1520b1,3,4
PUC_0fde92dcab52476c1da26edfc149a50b,3,4
PUC_0fdf94096bcf8657bfa2702f911a483f,3,4
PUC_11bcc00fa19bc69e064f58c17198bca4,3,4
PUC_12a6be75c8b6f4b1777ff967d13fcc3e,3,4
PUC_12f468766db4f381bc852516f6e4697e,3,4
PUC_1386d4febd971011e621feedf863af73,3,4
PUC_13ad4d28f5cbc5ffdd465ef6bbc5cd2d,3,4
PUC_142bc73c24e43381cfe07771cdbe28a6,3,4
PUC_14ce5f803ebf9d6d2d9c8ff329f825b0,3,4
PUC_167a75a64af733a577df9a07ad00e426,3,4
PUC_19cd89d5dac2074165504adae456810b,3,4
PUC_1aa2816f73bd28c6f84a8c41fbe89341,3,4
PUC_1b62d4ea7e8946490a5cd9fc509b234b,3,4
PUC_1bd560d1e5a61f6ccc08296a63892e63,3,4
PUC_1c74eebcd1d740bf6b42e043b15201c9,1,4
PUC_1d01c6c0cf1815a8d3ac56f7d03ef890,3,4
PUC_1d9e385cc80f57b1dabb5228593a9548,3,4
PUC_1df04718492d1412f572e09bab512f69,3,4
PUC_1e1f6b8e9bb674ae61b31e72a7807df7,3,4
PUC_1e315af5beabd11b2ccabb423a11a0a0,3,4
PUC_1e841cda9c15b47e2b4f50163ebbe5b8,3,4
PUC_1eb3820f3d9c38bb10c690a6c92e6c3c,3,4
PUC_1ed77b1e31e3546a069827aab37089e7,1,4
PUC_2008dc342d3245f36f18cd2e2bf47cab,3,4
PUC_2042d28da2f6ab9b7c578d60f34d8976,3,4
PUC_20aec2aaa2385b1cea9daac8791b0131,3,4
PUC_211b8278c54fb80cb87c9847a97ce5df,3,4
PUC_22041600cdb623f663bd379caf58e722,3,4
PUC_2248450465673f4a343ba1928c488178,3,4
PUC_2275b9769ab99f7d26509690d3a36472,3,4
PUC_22b31a32e1e8fa54d8e66f6c475e35a9,3,4
PUC_22e0352b0a3bb0873f0719ff59aa18a2,3,4
PUC_23625eb2c8bec980a5559ed097d5dd2e,3,4
PUC_236ba762e2705248ce098be172d60353,3,4
PUC_239c1c609aa8ee6767f53613ff50a5cc,3,4
PUC_23b83d53b3c28a5448b2ccc21fa9edd5,3,4
PUC_2405309fd29181a0b3ab5028a9865428,1,4
PUC_2644b7d83cb6981ba71330acb62780f2,3,4
PUC_26d0b58b04eaec48f7ce87fdc21b9a81,3,4
PUC_27c6e66eca012f611d0b9c6730c42e87,3,4
PUC_2855db7893f2c492f1bcf296e62f3345,3,4
PUC_286184a6111e68e096ebcf641454f124,3,4
PUC_286f36d9d9b958b6a430e2d3db08dd3f,3,4
PUC_2885485f21a346b5d48d03e741b00559,3,4
PUC_28b2e8e1be5cc2c2ffde733e926d7b3d,3,4
PUC_296ae46b9b5bdf5e5a609430471b16aa,3,4
PUC_298f2d0b0b5fa8154bc006daabb2ceb1,3,4
PUC_2a3492fae3495f3ba7094f2973f52fdc,3,4
PUC_2b0d72dfde132b3ed8e08cadd6325ce2,3,4
PUC_2b3cbdecf23a8967090529d9beaccfaf,3,4
PUC_2c37e20fe0f520b73836d2ae7c3bca54,3,4
PUC_2cf19007c2cc47619acec75bf6a3ce09,2,4
PUC_2cffbd3c5a34d8a583026e0b188567fb,3,4
PUC_2dbbc613d1d5ada87d0d59d37ebfc2d6,3,4
PUC_2e9ccc17ea0912ade3b6f8d31f34a33d,3,4
PUC_2ee7426712a6e2b30e7333ae4466c8d8,3,4
PUC_2f22f51a77d186b879cc3d81da468fac,3,4
PUC_2f87b11e1bbc6053b01b004bc9a12b1c,3,4
PUC_300f1284909190c3aef3765716f4b29d,3,4
PUC_303a10946d064c9ac804271cd9b7106a,3,4
PUC_31b5fb150006a2f94b3da04bd3952172,3,4
PUC_32bd6cd9b61a5bf48eec15acd0eaaa1a,3,4
PUC_337765fc5942c6cf3fc7a8d1a7fa27bd,3,4
PUC_340811275bd996cd295eacc362eff5ab,3,4
PUC_345e5abcaa9f8d375eac42344d5f3ac1,3,4
PUC_34689fc58c5ed3d123f5da2702b284be,3,4
PUC_347a7b2b33e97d4a90db5d234f5ca5b5,3,4
PUC_34caf3dd62071a032e2346f918b4c557,3,4
PUC_3547eff2784a0a1143cdc4a1f3ce3a28,3,4
PUC_366b4b613d75400e7386b3ddfe23aa4d,3,4
PUC_376f8931cd955c285f1de61d777fc2da,3,4
PUC_386d02fb65abd8bf9a1878ea072acc47,3,4
PUC_3907b8ffeb2e6348132e273edf3838dc,3,4
PUC_392d16984280124b206a09d4489273f6,3,4
PUC_3932f57b6de1fb58392fee0e6208c1f8,3,4
PUC_3940051a89da57f9d137fd00d8165119,3,4
PUC_396bf7494d4e8f8d8e52a434e0235032,3,4
PUC_3ac4c32a5fa78efbfedb49eca0e8d9d9,3,4
PUC_3ad1bdd8343de7447e3a60def348bf4e,3,4
PUC_3c2a4fe4471faa5a8eb3c808b48f932b,3,4
PUC_3c498b0e30b6b03b147f78360e8264f3,3,4
PUC_3c76d8df0f83784bf6911f3e1a1c286d,1,4
PUC_3cccfddd2ba4f3d5b1292d361ddaa92c,3,4
PUC_3d7ed903c4eaa9936384473f91dbdaa4,3,4
PUC_3e11fc1ff48e21b9fcb0bcc0c3e18d12,2,4
PUC_3e2560d6b64ca3973a7ad8dc0a4d275a,3,4
PUC_3ed8a429dd8afba4496c4ca767a565d9,3,4
PUC_3f1691615a5b833c7da3d9af8470c1ae,3,4
PUC_3f2f8039a75079615480bad3747dcd9d,2,4
PUC_3ffea4c65bcebfac5d52d61f8255a47b,2,4
PUC_4004e86e7e04b565b8f8c0e3890c8ca6,3,4
PUC_405d54969c6b9a40a708793b1f5c8c7e,3,4
PUC_40640db7d784f481cbf7d6af1a2ddece,1,4
PUC_4139f8a10d6e7b3babadec320f84e1cf,3,4
PUC_421e326f1a86d4f6853ce77ed63f2402,3,4
PUC_423ca7a61b810c54f1b179805a5ce3f8,3,4
PUC_431968766c9b27335948de33dc5bd048,3,4
PUC_437a55e22a5fbedb760f0c87439f0a68,3,4
PUC_4390dd4eb323747a15a8ff7c2fed50c7,3,4
PUC_43b49ec956a5a0b1107bba4a84a5a73a,3,4
PUC_43c1f33b0ce3b233fe593c52f96919fa,1,4
PUC_4474fa324ce14ae5cf5b742af70238f0,3,4
PUC_44a834054e00aa07dcc619306405cca1,3,4
PUC_45341151eb4d0fa5bfa4ac21cf9e492c,3,4
PUC_455615cb02e6da1f09c251667cfb6cf9,1,4
PUC_45df9f9f990d161898581f50efbd018b,3,4
PUC_460dad84b53c38db2d75e5ce16d9fcf5,3,4
PUC_46b109a32a8dae1479eab45dd06267db,3,4
PUC_47da654759fb0b870dd2551218e77ca3,2,4
PUC_47f2fb0937197b8298f1e099e9a36a2f,3,4
PUC_47f381eace28f354795de360acd4a055,1,4
PUC_4978da6d93c2f33fd5432a887d6f6d11,3,4
PUC_49b720281db14eafe64538c09c569c62,3,4
PUC_49fd405534ca74dadfa6359c2ae64d53,3,4
PUC_4ada0f1d0b05d294eeb69e045a546448,3,4
PUC_4b1871268529df9c9ae0f179b0af7208,3,4
PUC_4b70c0aeb5e6e7ce19ec1775faf938ba,3,4
PUC_4bbd72e30b7444d5bce6682d3d5dbdf6,3,4
PUC_4c5b26df8413b662b8caba916db99b89,3,4
PUC_4c8a64912886a4775c2b9054ab6639a5,2,4
PUC_4d60df4ca4f86b5bc2618dd86dabad93,3,4
PUC_4d7a88a69cb6034c14182f8b79d4a237,3,4
PUC_4d9312b5037589b33545d2de1214269c,3,4
PUC_4e9f878a93fe582f95b97c875a3330f0,3,4
PUC_4eba189f7b2c1f7e5bf4a523b6d66ca6,3,4
PUC_4fbc8946f83f1bd3a515e02cc9499892,3,4
PUC_4fbe58820bfcb545ee13427fdb2d0e9e,1,4
PUC_4fe40dd9a2ad8bd91e397c94c184ce66,3,4
PUC_501f342d3a469a2e5312c417704dd807,3,4
PUC_50219f22f2e635426aca223567341b1b,1,4
PUC_50261b0684ebc43e718acd5bef27460d,3,4
PUC_517910a35ad84d493297eee2416072df,3,4
PUC_51b607ec0f92465df19ddf230fefa079,3,4
PUC_51c9bed2e1dd665e403699c5ce0d9fc7,3,4
PUC_51ffb2d962bc0765bcbd5e60eefe2b16,3,4
PUC_5281bdb6bb38d5a7d9d31f3064252b3d,3,4
PUC_52ffa381cd2b3ac3fd73243bd9bfcce7,3,4
PUC_5343e2a8ebcde4c4c3c60fbb9db5a2f3,3,4
PUC_53ca42986c05f7f9a7ae56ca910f6643,3,4
PUC_5431a273f1c40985f31b0b1722402082,3,4
PUC_5434ce09b64e1a48452d4269b6e047ae,3,4
PUC_544da090bd5cba05d0fff7aeb629e156,3,4
PUC_54ad7ef53d2e7af2fc600ec41c76e24e,2,4
PUC_5502ce1493ec0de143619085572267b7,3,4
PUC_56677c3cebc789d814cb468cd31d31de,3,4
PUC_5701db56b3320a128d29f4690c4c90fd,2,4
PUC_57e9e27eef17bbb23fde9f310c8d02bb,3,4
PUC_5857474561901b07ab9fe7105c9abc27,2,4
PUC_5864c0ba8146b5fda228d0c0942188d8,3,4
PUC_58a16bc22e5a7a6cfdca6275d7f8d369,2,4
PUC_58b687940b2cc7eb8c285a07508836a7,3,4
PUC_58c7821e49566f3ce32a7d53a005103a,3,4
PUC_59447429442f2ac8280fbc33ce11c469,3,4
PUC_5ac744d91b106205577f60aa5ed8ef4f,3,4
PUC_5bcbcebdee5727e3923c974220a5a5d9,3,4
PUC_5c5edeeae373c8c1cf5002d3142f8530,3,4
PUC_5c729fa4f24ce247aa75e2d6d7806580,3,4
PUC_5ca184f9e74070cd9ce05091d37e45a9,3,4
PUC_5db1805aa00eaf27baed4cddcccd0abb,3,4
PUC_5e8689d021e908ff48232ec942f9e2f8,1,4
PUC_5fdcb368617a8e535f37f326f4c3ffde,3,4
PUC_60ee8a72274e272453b22b090f1fe48c,3,4
PUC_61eafe8ef5f81840dae6faaef29e55e7,3,4
PUC_62ada13edd2d41f5a46f824a4f4c649f,3,4
PUC_63122ff25f78f2179a8e21cc9a2dc1d5,1,4
PUC_63985e534f0ededf8b8a25f008051de6,3,4
PUC_6451f984d2bae8b1b63c0bd52ad4ad9f,3,4
PUC_648807c02300491d5bd4e48404aa5519,3,4
PUC_64ae8c33090eb6011566e2f006b5a6e1,2,4
PUC_653b54ea46b2235a1fdce3c88c1cc34b,3,4
PUC_67046c0198f2beef7104b3fd518da9ca,3,4
PUC_6780ef4b79a6f7d7ca9a5f56ca3f1b74,3,4
PUC_685cb565c3d5d557e4a1ea8c11ab61d2,3,4
PUC_6956ba7289f4afdc3dfe65186894774b,2,4
PUC_69ab53b07b57045a011570a8dd774c02,3,4
PUC_6a5c3b9121a6d0b9c31213e66979560a,3,4
PUC_6b172a079aa8874cc45f15293a9e5fe5,3,4
PUC_6c5392258815877d24f40a82535d7b86,3,4
PUC_6d7f37ef05e6bcd61b43006c64cbf5c6,3,4
PUC_6e92c323c634f3d67f09bc1adb48fb05,3,4
PUC_6e94e6ac12fd761cf40242800ebab24b,3,4
PUC_6ecf7d5c5294f3df6fdac5b00f260921,2,4
PUC_6ff14049fa6d6897ca884453809f6edd,3,4
PUC_70237fed41d23164c4e116398d8559bf,3,4
PUC_713af6bfb088e8e587aeae2bd5690ad6,3,4
PUC_716078d50010f80c7400a92a974f6670,3,4
PUC_718e3c9f96b090a0298233f36bd974ca,3,4
PUC_71d14bc5b4d7167c35d4d2f41d981827,3,4
PUC_72c6384f705e173fd297fc87c7e92f73,3,4
PUC_72f9da0fb2d31708672904b4f7f08557,2,4
PUC_736e9fa2df66cf460ea9b6e286fcd4e2,1,4
PUC_744c1eabd316170081bce75806ddfbb8,3,4
PUC_754d8b899e1702d98779a79f78f05e87,3,4
PUC_755944e6973bcbb310c853a85e1bc91a,3,4
PUC_766213407b7255274503873d3f9a1208,3,4
PUC_76657bd4c51a2695be28b22c1e69c953,3,4
PUC_773230003e847acf8e153b071194eaef,3,4
PUC_7780c2efad200d36f7219b5095352e00,3,4
PUC_77c15e0703da2a8171f077ae224e6a8d,3,4
PUC_78424d722b1403d6add2d9ec5b9fa8e8,2,4
PUC_785784d772db82277fddc705ea0bdf79,2,4
PUC_785de2f14153b1c5912d3b7141bfe555,3,4
PUC_7865c8e8957e2248daca66a742e41140,3,4
PUC_790ef4dca3d2a78b913a5498869f1323,3,4
PUC_79121ea27fadbc5c64a0ed366adcf094,3,4
PUC_7b5052cd59f48a8f2a7a2d7468d1c00a,3,4
PUC_7ca9177c5d2041b27fc29933f4bab308,3,4
PUC_7d77c92fbac4739c1cbb66a5c3aa825f,3,4
PUC_7dddd3d6b7548f46bf9033067148c486,3,4
PUC_7f2033b4151897d85d0304e3c0606f0c,3,4
PUC_801834eddad1de0583a974979ed3d2c0,3,4
PUC_809d42698f0c98432adfb3b04997fcef,1,4
PUC_80a56807b03df4a17e736a6c9a6b1c8c,3,4
PUC_8129c09a44d1101232e1497fb8e015e7,3,4
PUC_813bd21f5d4ae3dcba598c42ebf5e1b1,3,4
PUC_8153e78178bc93aba4668e76fb1679fd,3,4
PUC_817731b81910a766278b1cfa76cd90f8,3,4
PUC_81b8ec15fe1ae4b007b71321ba0d5862,3,4
PUC_84894a81444fd6d9f8f9b0d11c8fa069,2,4
PUC_84957a1fedec61b435f2522cf8eadf53,1,4
PUC_84a773d664fcf148093d10fb6939774c,3,4
PUC_853c2bd63c480a9bef96538e9369df4f,1,4
PUC_858536edb0ade9bbd336a44fbad7475c,3,4
PUC_863b77b86ec2c1a6aa19f23f0c34850f,3,4
PUC_8680eb4e6f192251dc3461308ea8b214,3,4
PUC_868b6f3d2df1274e7860174756a6e228,3,4
PUC_86d2528fbab6a35e62748c93769c2401,3,4
PUC_8770f5003d8a29102c406a889a2b5a10,3,4
PUC_880f7fe853f4ae484eca89a6d6eb6930,3,4
PUC_882624f103d7a44b47d11e78ec2a2439,3,4
PUC_8a12698e5580d001c94fe8cbe6a0c489,1,4
PUC_8b68a902a94727bb861fcc94bfb3d0d2,3,4
PUC_8c00b00d6399d433c385b534b78ec325,3,4
PUC_8c03053092d45c3ff5125c5385c12bca,3,4
PUC_8c25bcfb88a18e7c02c2e0f4386cfc34,3,4
PUC_8c84b04e7b6eb2b72b4d40e2a9a1b25c,3,4
PUC_8caa6129c8c92ebe8573e9be042e5b40,3,4
PUC_8d81b90dab7c6917d821240d2740c901,3,4
PUC_8d9aeda49779d88c928d7660eed27135,3,4
PUC_8da0690dbaf08e9296abeb609316e220,3,4
PUC_8da4c412d6ed0350e5e6ab4c90e9a1bc,3,4
PUC_8dcd4f1c402ddae3184d74763d1abc23,3,4
PUC_8e31a58c30315c8f18329e485e23f383,2,4
PUC_8e8d38524c4c1276bf469eb05c54f020,3,4
PUC_8e9a208af2428ef7df0dee48ad0af043,1,4
PUC_8f12b494cccb0664002663e992f4c8de,3,4
PUC_8f7da273e992ad28400f27ab1476c7dc,3,4
PUC_90061f366ddaa2eb2a690d9f05fe7ef1,3,4
PUC_90564401a516c73eb2dccb9a93d0235b,3,4
PUC_90f2898eeb03c1c76093d63063895bfd,3,4
PUC_90f3ccfcba278871c257d031089062a1,1,4
PUC_91a9b75664ad97616c979b081dc855b7,3,4
PUC_924d81991cf05709b265259ee3873c4e,3,4
PUC_92dc17a5702b3216a24752d99c86265f,3,4
PUC_94455c5e7eddd14f7cc587f6a794daa5,3,4
PUC_948214d8f26f82530a7a719364d2f497,3,4
PUC_94da9502d09543566582447b74edfe97,3,4
PUC_950152b7d2e0c012ab650c8fcf786fab,3,4
PUC_954d7c67482515ae1151558788bacf53,3,4
PUC_954f9bb8124814beb0c288ff42c51633,3,4
PUC_958688c4a88f7d006ce8985ede359a45,3,4
PUC_964faf7ca53514feb34f39ae49f991c9,3,4
PUC_96d5fb9746251450956a65f7d46e43d0,1,4
PUC_978906be892e575867771e86690e3148,3,4
PUC_98b938876d2af2c1219f482523c639ae,3,4
PUC_98e3fcf38aa3d3ad071e0721e6a27010,1,4
PUC_99a1a79a2dd9db592888c71fcfdbd243,3,4
PUC_9c622e17c1aa67616b953f07c1eef3cf,3,4
PUC_9c817ce29ddc043e4c538eae0d6ffbd0,3,4
PUC_9de244b4534f28f05231283e80e5bd5f,3,4
PUC_9e156b0f9f470acf36c2f53f6b1ba287,3,4
PUC_9eb253210beaec135df9ad8346c84576,3,4
PUC_9f2bf6848cad32bf2645752288b520bd,3,4
PUC_a05d73983f07038425ca8513d3206e5a,3,4
PUC_a0eb26c8df00ccdc690787a8c512392a,3,4
PUC_a11ec0a4bed6d47e0913ea938f55a703,3,4
PUC_a12e2211a8476a68b704a6092c2a632e,3,4
PUC_a2d79c962f98cdc30f58953e18f6c852,3,4
PUC_a35e08033ccd629e6246fa2e42f2b573,3,4
PUC_a374be8f6516ed859c7e20e2e7d4b26a,3,4
PUC_a38ce9a16fc80d11bfe04e9d2cd62386,3,4
PUC_a52dc053e9a9f01be4f9275cb911e889,3,4
PUC_a6642e39ec0ef2b8bced59ed718cb91f,3,4
PUC_a66492fd44efeea310cef443320262b3,3,4
PUC_a6a71d4528ceaa02442e0c99d4de98b2,3,4
PUC_a7d111262337bf07a5a61fa54be0dc6a,2,4
PUC_a890904e81be20d7c5041e057031206d,3,4
PUC_a899de1b952ad4561996a5adc6232e58,3,4
PUC_a8c3ed8cca5382614ecefc025dc7c9a0,1,4
PUC_a8fc27d52c0a81e82a5bbedd2e869ab9,1,4
PUC_a9f5d64668c82f9fb981eb12251089d2,3,4
PUC_ab66fe69c65e4605248052333a09a2a1,3,4
PUC_ab72eeb9d53fdfb77aa7633ccffb21cd,3,4
PUC_abe1249eb623dd67157e524064d9a2b2,3,4
PUC_acad1a9ce8c8be27937fb8836420e77e,3,4
PUC_ae6d16e7ffb6a16f80375c880445c9b3,3,4
PUC_aecc7a198a99bf11cfa6dba5e0ef7811,3,4
PUC_b021ea4d8d6c5512f2b7db2398a0e312,3,4
PUC_b026a1f202008d9dcf1854559a0f925a,3,4
PUC_b03a5e3933804254e8b366e10c8bff02,3,4
PUC_b1003f0e92f983ce571a923838039a01,3,4
PUC_b146deeb6759ae4e95257cb6ce1c4432,3,4
PUC_b2e71a4e7f861d0af62eb8502b177815,3,4
PUC_b2ecde2b3b95cc0d6e6e404bff1d9d94,3,4
PUC_b4b3d19731a3276a237cfdd7eda7b553,3,4
PUC_b4c8cf9cdf157d45bb32de9abbae603a,3,4
PUC_b585fee29be68eb7857d3d82df8cd6ed,3,4
PUC_b5cb760ac1cf51cbab97dd83da1693c5,3,4
PUC_b844c05c03fe8c7e38cfc40f0b1c7040,3,4
PUC_b8bb59562e1448d16ca0d2b18848edcf,3,4
PUC_b8fed311ea1d2724cd7d8741f1a22db8,3,4
PUC_b918be2d590a72c69e478038a777e903,3,4
PUC_b9641bb362659ee8ddcde88a4a5f5a16,3,4
PUC_b9a1155e863f9f904e954cc5c32430fd,3,4
PUC_b9f610e5315882b8a3dec6a7bf15166f,3,4
PUC_bad3c38bd9a960faf3fec1aaeb0477a7,3,4
PUC_baf77a5ad7733dcac1ea36b92941a132,3,4
PUC_bb59898dcf59a3e524ef93f9f1e16832,3,4
PUC_bc9ffc85fa0c055272a36a01f8480dde,3,4
PUC_be18a985695ea84753002c2b63883652,3,4
PUC_bf32349b69f0f9cfba4db80916bda255,1,4
PUC_c09968b5d7be001388fd670e49bd5f2c,3,4
PUC_c12a2739328108878bfb6ef2e28c66b2,3,4
PUC_c1a7289532925f94bc6e7b223779114a,3,4
PUC_c1ec41b37e27a8e7a0f14977ace08e55,3,4
PUC_c2796c705b5d77b0b4f6df15087c496d,3,4
PUC_c2c87a9136b5f495a1885d2077d2abf5,3,4
PUC_c31f390faa1b0332a0b7e82e1ae4975c,3,4
PUC_c33a74e7a24d1f3782751b102546f63c,3,4
PUC_c4c434f08d4d89c672a270e6bd70f994,3,4
PUC_c5d503df5e3a281f75f70199772850e6,2,4
PUC_c7d7cb5bfa3a04d54f58075a7cf23183,3,4
PUC_c85ef5f071212923943ddfd83289e19f,3,4
PUC_ca516d497eb99be2eb29b50a7bb90cbf,3,4
PUC_caa5b91e207a0f48b56c1be22e78b208,2,4
PUC_cb58e78dd910dd74cc5016a25acbf2ce,2,4
PUC_cbaa75f3ccfb82fdc44b4d6524592d46,3,4
PUC_cd453099739d140445b9853279e03c76,3,4
PUC_ce3fed7be3c3b723359f42bdf3805e17,1,4
PUC_ce9dd2a8a96130aeacd04155c1b73fb5,2,4
PUC_cec9aaa566e613cfbfa1d7218001cf2d,3,4
PUC_cef8b029d5840b8e2c50f229c552408c,3,4
PUC_cf7f96d84f0f9eef24d390bf8adb55d3,3,4
PUC_d10db925066c16df3caea5ac1fb0ca05,3,4
PUC_d1f50448753d1b0e8d56c725d5c37baf,3,4
PUC_d22c9d6ac6933bafb02fc247b73b73f3,3,4
PUC_d33813f41b5eab3da41dab31f5b3cfe1,3,4
PUC_d4437f927b7331d1b94391999cbf1896,3,4
PUC_d4b057996e4852c78bb15f5755b52e23,3,4
PUC_d4d9ba48910cf9cec3960a5dd93b91ba,3,4
PUC_d533100c0761bca5c38a33467f7e1199,3,4
PUC_d55fd803c54f5022558b2407769b2a6f,2,4
PUC_d6492008a8923e9aa467866cc95af073,3,4
PUC_d72d18ced4091b742631e28ff9266e67,3,4
PUC_d756f8af6f0ad122782691027c526ef7,2,4
PUC_d8307f4c613f6ab49547fd3d8d331ec7,3,4
PUC_d8a890e2b7e3668068c02c3e46e4e116,3,4
PUC_d8d332e2f7511fe02992cb245df0e698,3,4
PUC_d956a7e4ebab2de5793d997edcfcb700,2,4
PUC_d999307dc587ce2fcbd2222d43c13e6c,3,4
PUC_d9e27ffbdb0e84ae27b86048ac11b1b0,3,4
PUC_d9f89f01d740ff4b556b35deb5713dcd,3,4
PUC_da9b53550bacc547d9d0cf12e322fdab,1,4
PUC_db8e3b99e9d7405316bbe91b2a8e5a36,3,4
PUC_dc1f762decbbf62c568e4f72c960768b,3,4
PUC_dcbaf1a5e4cc03c004324b9c16a1c28d,3,4
PUC_dcfaf4a002be40902c62f3358b9c3823,3,4
PUC_dd33392bae7a1625277b50a5bc34d55a,3,4
PUC_dd579d3e709bf0afe298f4472ddd890f,1,4
PUC_de78df1eb819d41da2c4ce969cb2a188,3,4
PUC_de9b66a10b39ee15667324a22e644a5c,3,4
PUC_ded559eb4725cb5e6807e789efe9a972,3,4
PUC_e09a3d72cfd709e24aab8515d26c3bdd,3,4
PUC_e120526b9c0e7d5f239ffea39760367d,3,4
PUC_e1e0057240e80ec5fc35faead3c759e4,3,4
PUC_e2c4cb5dc95ed1a9676bf6d757911eff,3,4
PUC_e3ded6c4d0ceee12e6df4ff89ea3b097,3,4
PUC_e40a99362da8976f682c954f18ff197a,3,4
PUC_e489ac590c1afd8b9f920cf909717bf4,3,4
PUC_e5414b7a173650d8a1d9731807a10189,3,4
PUC_e545cdc86b35baf462ad04e5afe45651,3,4
PUC_e57b23531ee0943b71639d5f3ec400b7,3,4
PUC_e676c31dfc56a2697050a1646f5eb2e2,3,4
PUC_e76758cd4c08927535aa2f076bf3f4fa,3,4
PUC_e77aefb587d23c8a8de093a610a8c390,3,4
PUC_e78def53ae3bad1d05772042ea7dc928,3,4
PUC_e796e8092e64dff5b72d4ab82aa10747,3,4
PUC_e7beac9af2d4735b456c4f01ebadbe05,3,4
PUC_e80b90dcce2150ef645955f098b31976,3,4
PUC_e9896592d2d18d3490c4a151f4cb84c8,3,4
PUC_e9d66f7b47283f4a9c5d3dcf40996dfb,3,4
PUC_ea3232736d304d3905762a079cb7cefd,3,4
PUC_ea67cc1d9faa1dcc19f94c65a728e703,3,4
PUC_eadaed9e5b289a84b3b7f5427aeca809,3,4
PUC_eb28da9227e7f583b8a795bb3e420328,3,4
PUC_ebc8c5f59dd8c62ef3b3c36750cde4cb,3,4
PUC_edfada2b9a2fb05e96f13d541e8635d9,3,4
PUC_efcfe7215d1d9698952fe964193f3c46,3,4
PUC_f0e1ca3f2303a70335d4bdea615024f4,3,4
PUC_f1476ecc7d537eb32b53ab24ee19b685,3,4
PUC_f1dd89de7e29976bf3a14bd5366b2531,1,4
PUC_f219d0375cb03559e6f88e42f958baa3,3,4
PUC_f50a3a03c4a3881569ed234e25d62089,3,4
PUC_f621ff8165890f94317084ebfcc4a7fd,3,4
PUC_f66351ed88d19fc070b348829fd1268d,3,4
PUC_f6f618de6edc0a37e1c179c03485643d,3,4
PUC_f72243e05de917156322f2457bdb5d69,3,4
PUC_f811372e859770ea6bccf08ae9f5660a,3,4
PUC_f903e4b2d2f12949c9b674a033773e88,3,4
PUC_fa776b4900e3e0b36102f72b8ac543dc,3,4
PUC_fae5527ba747b1235aa90599bb7a67af,1,4
PUC_fb535fa01a3224c2aa8a8e51a06f14c9,3,4
PUC_fbb6a6850910eeb105f6679fd31adfe4,1,4
PUC_fc59773236d887a5b20d3018342e2d31,3,4
PUC_fd1470491c4508f3bff075934d0a50e3,3,4
PUC_fd2636b3f97552841822e4627dade565,3,4
PUC_fdd6f3d569fa16fe8df50db2ed7c0813,3,4
PUC_fe1d249c265b77c9075a75d1f10ffe80,3,4
PUC_fe364ef374e506f66d3d516569161bdc,3,4
PUC_fe56dc365bbea05cd4ea356c22a5af21,3,4
PUC_fed4866c9f73861cb11370f6fed01994,3,4
PUC_ff1ab392d24896e8f62a5140e8101c4f,3,4
Repo_ANID_0221f747b882c6695365f644ef648780,1,4
Repo_ANID_04a0aeeb0af268adef0602ea26657b9b,3,4
Repo_ANID_057a759165a94ef2122b730ac79c9d3c,1,4
Repo_ANID_067e84057a07336b41111851fa6fed9b,3,4
Repo_ANID_07fbe72a130ec9ddc2a42a3ebfe7de2a,3,4
Repo_ANID_0816276d8ab255a4082f39a1e7a62b37,3,4
Repo_ANID_0a16ec759f090c0a2427b61384fd1525,3,4
Repo_ANID_0ab6e875974cf5d74e8aa948e8966e30,3,4
Repo_ANID_0b74f3540ca99a2712b18f930b06ee40,3,4
Repo_ANID_0cc4422636930f34a431478d2ae2888d,3,4
Repo_ANID_0d49e6f2edd5be3fb8c2b448970f5a7b,3,4
Repo_ANID_0fb6b2a093c85ae29922c1a0da46f321,3,4
Repo_ANID_154eb8f8e0cb156a9cde9eea57417542,3,4
Repo_ANID_15ac63522915576cce90edf9f4f66ad2,3,4
Repo_ANID_16bd44c4b0aa044ec0b1f3f9131c7dfa,3,4
Repo_ANID_16d997d559b69e57852a15398248f391,3,4
Repo_ANID_173bfb2b35d1f53eb93aaabb3d4d951d,3,4
Repo_ANID_17efc5d056f058b6854ee83f656815f1,3,4
Repo_ANID_18eb23d7bb304a1be0ff67dbf83e32ce,3,4
Repo_ANID_1a4e664b36d6f7fe6589ab79fa71693c,3,4
Repo_ANID_1b5f1cc4b2c363e0ba4ca63e6d5458f3,3,4
Repo_ANID_1c58afe426b77be4ace37af62549ab87,3,4
Repo_ANID_1caa89829afb7837f150b8271edd0810,3,4
Repo_ANID_1e8b856b0a79336abdffa8df3e3cfecf,3,4
Repo_ANID_20b08fe99d5e2494df02340b8c99f9b7,3,4
Repo_ANID_2112cfc02bad959eb6b7ead82f693e88,3,4
Repo_ANID_22642329e7cf02ce7018f61bf05b2d14,3,4
Repo_ANID_24521ec851255956e17b237187171e0a,3,4
Repo_ANID_2a2c4c04148473d110a2a26be0f6a5a0,3,4
Repo_ANID_2e7d83473e220906344ab14c5a7b987d,3,4
Repo_ANID_2f773a3c862c3b9726deef73c58bf21a,3,4
Repo_ANID_3321088d04fbcaf9753bca539723cc5b,3,4
Repo_ANID_3321e34c10c5c6c0de38b44d5b21c395,3,4
Repo_ANID_3473e7811f86387260d620dfe6d40278,3,4
Repo_ANID_35c8d7612b8eb141a46bd16f1c27583f,3,4
Repo_ANID_35d186289bbc5e2c7c1a436780f39aae,3,4
Repo_ANID_364d35a35df68c248dc8b79e8dfe9434,3,4
Repo_ANID_371243fcfd5de56936b856367fb921c2,3,4
Repo_ANID_3897c95ec47ae1d59273d271e43bc9d8,3,4
Repo_ANID_3b12d1813d9c2b004074a126f0e1b6e1,3,4
Repo_ANID_3b5f4624fca928a5ada7f2eaa2fe508a,3,4
Repo_ANID_3db2eaeae6b085572cdbbc8237bf4c54,3,4
Repo_ANID_3e81aa7702935cb5fc27b601aa7a1efd,3,4
Repo_ANID_3e913bec028b7f9da478e71a3cef99f1,3,4
Repo_ANID_3eece70479076d855d69aeb3852bb4f2,3,4
Repo_ANID_3f47a2c3708ec2c4abc1263e280a3655,3,4
Repo_ANID_3f86b6a09d591cfa45e92ad2a68f5edf,3,4
Repo_ANID_41076f6dc6c673c65790e84e9c7eb8e5,3,4
Repo_ANID_4585f133c4851cf92ba475036259599e,3,4
Repo_ANID_45ca4e17e1f8b44617040868809d2394,3,4
Repo_ANID_48c5aa4e9e4c845b9f983b77146234c0,3,4
Repo_ANID_49249a1d975e1aeb38d8e7397ea3207e,3,4
Repo_ANID_4997ef98e623050ea8f67c5cb835b67a,3,4
Repo_ANID_49b63a64ad4d873eeaee16665f804090,3,4
Repo_ANID_4b908f4636db9b48b6d3fa0d8525eb96,3,4
Repo_ANID_50ac9138fdd378a4bf8bb1c117da3aa0,3,4
Repo_ANID_535846a8d4e38e294deb04ca40c19738,3,4
Repo_ANID_53c398deb76e86a79bc7b0ab82bf86ae,3,4
Repo_ANID_55dce46d87d43f831737e9a648549eb2,3,4
Repo_ANID_56a8fc54703a00f026793f2a1bd6a345,3,4
Repo_ANID_5833097a3c7c962c936faaef36cf0227,1,4
Repo_ANID_58e29a03f66904030a8fe05fcd054510,3,4
Repo_ANID_598cf0ff6b04995ae66a7e18fe8714f7,3,4
Repo_ANID_5a10542a56e8ed272ac48cacec805077,3,4
Repo_ANID_5bb185f24fe79be6dc25693d63fdbf74,3,4
Repo_ANID_5bf078ee62ccb4323674ab653dd9de0b,3,4
Repo_ANID_618ece0b103090750470713c2b13544d,3,4
Repo_ANID_63d0b0a8930ef947b2723a2780847e1b,3,4
Repo_ANID_64273d30102e1761e6a5592294831eca,3,4
Repo_ANID_64d0ae0120f9629565338a3407587100,3,4
Repo_ANID_67d181538a75575194db2c8f961a5593,3,4
Repo_ANID_6a522bacd905e4a6e29ced6cd93626bd,3,4
Repo_ANID_6cd9814a6d985f6d34b6287e064fbfef,3,4
Repo_ANID_6d8cc8ae2a6414e699b5d9f1ad0372c9,3,4
Repo_ANID_6ebc5a29c0b014f4414f6a8e87490aa1,3,4
Repo_ANID_6fe6e52c5e1cadd209ea373d31f654d8,3,4
Repo_ANID_707e132ac2afb9dfe1a0927ab713703c,3,4
Repo_ANID_71374736ba0bcb857869ef951b3c2af1,3,4
Repo_ANID_71f53bd049325549318ee34b7c517049,3,4
Repo_ANID_7288f6ddbcb48894d508550d514aeaf4,3,4
Repo_ANID_74a5c0491afd28d03c030dda35c18f41,3,4
Repo_ANID_74ff2db01a5bfa5095bbaf48480e2f78,3,4
Repo_ANID_773a1ae20c35328fdf20c36fd60ed9dd,3,4
Repo_ANID_7754cff5b201844317d056d526053ff4,3,4
Repo_ANID_7896f43a0e6026bba0a6b6f395597616,3,4
Repo_ANID_7d56354e88c43aad21ddaee656fd0e82,3,4
Repo_ANID_7e82871fe855673f2473fc06fd967c8f,3,4
Repo_ANID_7f95f6217963777324e27029a1c2b5be,3,4
Repo_ANID_8111060efa0bd22136c8e4d339626cd5,3,4
Repo_ANID_88b85d0752f619b2a80ae9c0b2a7e842,1,4
Repo_ANID_8a120ba66a5f3bfe075b4c60b5e8b385,3,4
Repo_ANID_8e0ab3166881a7068bb086fe9d072b54,3,4
Repo_ANID_8edc95ed32eb16e168737af585e043da,3,4
Repo_ANID_903e3499ec80e9740a9ea4a75c099bd7,3,4
Repo_ANID_91f75e73a0b0df5ef17e0f799eddde12,3,4
Repo_ANID_9357f4e447b769ff695eb0cb68b1b530,3,4
Repo_ANID_93afde0a6446660c132426a8b542816d,3,4
Repo_ANID_96362598df073994cae67697daac85a8,3,4
Repo_ANID_9865b65cd0677429eac551a35a21b444,3,4
Repo_ANID_99b7a2d5cac89f75458d6430889f7ee8,3,4
Repo_ANID_9ad227fb69067a6943425ac6a1ed6a20,3,4
Repo_ANID_9b283ce9fc87e2971bae71c9d8f30b9b,1,4
Repo_ANID_9b992296c1065dd62a00e991a1712647,3,4
Repo_ANID_9bae63a5cea9c86e87ffe4ff0b1457c8,3,4
Repo_ANID_9c4bff5207a80ec92449ef1ec888c566,3,4
Repo_ANID_9cb24b6424d9055e1aa5d64f4e10204a,3,4
Repo_ANID_9db995c855327ee528bdf0895aa96a90,3,4
Repo_ANID_a56e9f16a08e57cdd8a1d64d6d16ed15,3,4
Repo_ANID_a827edff62e572c481456eb94c0d3dc2,3,4
Repo_ANID_ac57676812348ef9256fc6e4065941c0,3,4
Repo_ANID_ad5a1d765c43e5001d1e264210b0abd5,3,4
Repo_ANID_ae34b68104b45eb4e257b248d6fbfaf9,3,4
Repo_ANID_ae7224ef273090542c14f1cdc795a5ca,3,4
Repo_ANID_af107df213fd506db8175a9748e50b42,3,4
Repo_ANID_af4d729b2321e66649fe7b969a8d8689,3,4
Repo_ANID_b0ad3dd86bf5bfa4642fbedec6a11cec,3,4
Repo_ANID_b16d382a7ee230a95336a30651d4f11d,3,4
Repo_ANID_b23243e0bd90b2643760e3be60fa13bd,3,4
Repo_ANID_b33b5600fdecbaa697bf9125a5546dc0,3,4
Repo_ANID_b4b1dc2678c25ccb0741d0ec5187aad1,3,4
Repo_ANID_b57cc923028287f3aa1eeb451388625b,3,4
Repo_ANID_b7686188cd090fb24c6614ec6743a6c0,3,4
Repo_ANID_b7aabe024018d836292bb4876bfc8d24,1,4
Repo_ANID_b7b16642f9b3fb6096d0cf9e03483dcf,3,4
Repo_ANID_c0fabad653f281b5e34049fbdd985e17,3,4
Repo_ANID_c2e1bc1b466f8445811b0b9424c5f540,3,4
Repo_ANID_c313745d647faa3630fe22f8081944f2,3,4
Repo_ANID_c49186239c18ccc08d81353958bffd98,3,4
Repo_ANID_c5d519f841a26bcf02019e473fe325e5,3,4
Repo_ANID_c671e08fb96cd9280af55e9f3308e071,3,4
Repo_ANID_c7460d70bd731e65c469b3fda07043e8,3,4
Repo_ANID_c8ed21db34568a39d71ff543d8dead34,3,4
Repo_ANID_c931ba2caa02c68488a3c3738ecd21ed,3,4
Repo_ANID_ca97c3f411ff84645614825c078d99ed,3,4
Repo_ANID_cb284f7a3fb6889a979c0ff2b00a0144,3,4
Repo_ANID_cdc8235dcf637dee4efaa361c481d1b8,3,4
Repo_ANID_cef53cf0c0490e7b5c9bb272b1498dbb,3,4
Repo_ANID_d033793bc6471542a13058d2c133413d,3,4
Repo_ANID_d0cd20eb33e2e000c7d08ceb0e96edde,3,4
Repo_ANID_d1667ba245f36e4f37b28f65aa5c90eb,1,4
Repo_ANID_d268d71ac33cabae02b27dc0d45e9448,3,4
Repo_ANID_d3d1838f5c0498746c4787cfcb820eda,3,4
Repo_ANID_d86fb5dcea4fc87952e16d0ae3407afc,3,4
Repo_ANID_d87c52e3d506ee4ad401b5734522ee94,3,4
Repo_ANID_dbb5556b379b0c52ff903f35f6a6d74f,3,4
Repo_ANID_dc19f87d667f68e7a1fb065c4ceda91a,3,4
Repo_ANID_dca92318de6bfc472f4b924c686d78d6,3,4
Repo_ANID_dd331c2e2f6970adc6a19583a054bd9f,3,4
Repo_ANID_deea3fa7931fabb3a79e8d482f6ab8f9,3,4
Repo_ANID_e122ad33b04aad8fb10c574a79a75f0e,3,4
Repo_ANID_e35042fc7e7c69d53bb7b681c5d4d9aa,3,4
Repo_ANID_e555ad9718adedb46f3256ebf08c7659,3,4
Repo_ANID_e5673dce4302456416892fd65337a1ea,3,4
Repo_ANID_eb32c42e3aed6796fed8d968c401f199,3,4
Repo_ANID_ef31a1fbbf8c4b38e9c414dbd9d49ec5,3,4
Repo_ANID_f01bae441036e77e072ff05eea3dfbc2,3,4
Repo_ANID_f0b90c964935c573e9f9ec88b2faa988,3,4
Repo_ANID_f0e15d953229a6dfd465ca8940297988,3,4
Repo_ANID_f147829df58624d7112dc0f3cd247dea,3,4
Repo_ANID_f369c16518fc43c040be2820e5957fd3,3,4
Repo_ANID_f49b89a8a04a1636d1fdd6c994f8ea86,3,4
Repo_ANID_f6a6e538d8e01db26771aef04d44ee83,3,4
Repo_ANID_f6a978d7507344dae8f3022a2e4ebb27,3,4
Repo_ANID_fddf9de774d17a1155b79bfde3b0cae5,3,4
Repo_ANID_fee92aba9bcdf33758e61009ce1164fd,3,4
Repo_ANID_fff46822ebe9346a3f0b7c17c2dadb33,3,4
SCIELO_003a2d777be44a2dd374aec6faa6a8c5,3,4
SCIELO_0070d3bbd1597aef0414fae0960ca92a,1,4
SCIELO_014b9f0fe025d72fd3ca503db7fd03fa,1,4
SCIELO_0308cbb85df63183ec7cb911ace2056e,1,4
SCIELO_04b96c6a32abe8873d5ab7b46a2b8416,1,4
SCIELO_055577a3eacc6d1ea7ba9a4ee9e5c9f6,1,4
SCIELO_0698641eab702ceae5ae35b325b9198d,3,4
SCIELO_06f8a79d18932c1c6fbc7468944ac8f4,3,4
SCIELO_0706cc65c4a0365a18e1dce89666bb06,1,4
SCIELO_070a002c5259e1b289b27762321afdc8,3,4
SCIELO_072426afed62245c6fac9e4850ae17ea,1,4
SCIELO_07b8c8927b704aa4c101c35eb23440a4,1,4
SCIELO_08184425bb29d1e9b38c72dc43c3b4c8,3,4
SCIELO_08f1ab6d6da9eb3ba57ad2a2c7256d1a,3,4
SCIELO_0a0f2299333ed57227b5d57412b2cd1b,1,4
SCIELO_0a4d81d0560e5289ee2d1b7d279e337d,3,4
SCIELO_0a8d232aaa249d7566d977290ab23cbf,1,4
SCIELO_0ac82ccec15ed794adaa84a4639481b8,1,4
SCIELO_0c120da4214f525b34fd63ada13f944c,3,4
SCIELO_0dd5ef9977e90a57299ecfc5a1e11512,1,4
SCIELO_0e57c28d7025bdd77eca34c3d407832c,3,4
SCIELO_0e5cd2b81303cfcb5e77b171bb8de3ee,3,4
SCIELO_0f1541072098bb0ecd46c865daa8c200,3,4
SCIELO_0f3ca612dfbc1a77eda988e48c361930,1,4
SCIELO_101156d55b0c946d5dac3aa488dabbbf,1,4
SCIELO_1099c67a8e7bfae8e09e860c508ef556,3,4
SCIELO_10fe83a7a257cfee5942e635e7a24ce9,3,4
SCIELO_12a8f3810a643f497e62f05b2cfd0117,1,4
SCIELO_12be0be397e89ee1d868926cb3108271,1,4
SCIELO_13f6f90b6d517357bc94220fa5633ffb,3,4
SCIELO_148abcc1679bef9347a596a96db1b5b9,1,4
SCIELO_168e58caf3c8b049810b4a53381eb89e,1,4
SCIELO_193296c8de032edf642bf84bb662f5d5,3,4
SCIELO_197b02aaa2705e6486c2720ec8e7c130,1,4
SCIELO_198b35e3c878d4be1e4db5bd10faa9d0,3,4
SCIELO_19c764abda5b69b90ee3727b77c3850d,1,4
SCIELO_1a4d6892bc35166d3aefb91019c41813,3,4
SCIELO_1a651e0eda30aadfd879d98dedc8043f,1,4
SCIELO_1abf18af5c55d964a62183af180d49b9,3,4
SCIELO_1b1f8b9fa6f732984c14a21c1c4b0f25,1,4
SCIELO_1c57d3f11131fdf701cfb6cdd977e974,1,4
SCIELO_1da6eeb3f4cefd1984ebe3dc9aef6b2b,3,4
SCIELO_1dc53a906939e65310064cc317285af0,3,4
SCIELO_1f150e0d31de66e665b9f5951d00d34f,1,4
SCIELO_1f7298052a30e26d2afb015201e8797f,3,4
SCIELO_2024a543cfd189cde0b45bf4829b9986,1,4
SCIELO_20697fdcde09b906ae4fbd02eb5a4d99,3,4
SCIELO_20d46f3e9db52c7397d5374d2ec861a8,3,4
SCIELO_2131bbcf62f36a15bd961ae4a1b28ee3,1,4
SCIELO_215f673831fa89f6ee3a395b789bf3b2,1,4
SCIELO_217220edbc23094271f08af53c947d42,3,4
SCIELO_21856f8bdbbbea93fe14e17562931a53,1,4
SCIELO_2234581497605931e2c2e569ce76e650,3,4
SCIELO_23d0ab9e6d5e42f2030c4e4bcd731576,3,4
SCIELO_2470cb9816fb85c98b56bcd5791c0b8b,3,4
SCIELO_2493b94fc98965e7a62dd1d44afbb47c,1,4
SCIELO_2494f3b0e27f8b41279f8c2592b52f12,3,4
SCIELO_255a58f267d738dc0991b265ce49bf02,3,4
SCIELO_255c93e9b2214015211d05c2da180291,3,4
SCIELO_257003d3a392e1514fca2d4ced6794ad,1,4
SCIELO_26afd46cd9aa8c1dbdd31e78e4360518,3,4
SCIELO_27b1fc92a5fb97921982603079a56eb7,1,4
SCIELO_286ceb011cce7a934863d9194d816ace,3,4
SCIELO_2985b4101c43cadae3938a59182963c6,1,4
SCIELO_29df499046a3477b128fe44c94a3cb52,1,4
SCIELO_29eaf327d48ac884331e2045a8e619b7,3,4
SCIELO_2b02512ef56a877a570305a7124cb8d7,1,4
SCIELO_2b27009464cf25891ba60d22badd57c8,1,4
SCIELO_2b36e31cc0aff95dc03234b9b2d7b7dc,3,4
SCIELO_2c09d2914a3ad97ca3b87aa7efe93ae4,3,4
SCIELO_2c5e2f979ea319748cdc7d340cd54b2f,1,4
SCIELO_2dfd5b8c829a16dfc3ef04086b7d3615,3,4
SCIELO_2e0f6f8fe305e17c48d1f1ba206cc699,1,4
SCIELO_2ea784b98d8458e119c2d1b34837ceed,1,4
SCIELO_2ec2d7afdbee45b3849e172a81ed07d3,3,4
SCIELO_2f1229b15364ec88a6161762403b7446,1,4
SCIELO_2f6c283ea6ef60578a4466ad05c42838,1,4
SCIELO_2fc65d3ee5f8a68c31ca46bb6fc718c8,3,4
SCIELO_303bfeb1e412e13cf66100c9129dd3d6,3,4
SCIELO_313b21bd550b631f85d3686a9111a871,3,4
SCIELO_31c4464bcf2f509371d65c4188f622ab,3,4
SCIELO_324f45d012c611fbdbad415640d6c9e1,1,4
SCIELO_328de006fdf2eeb778b10e3b6cf9ac1d,3,4
SCIELO_32c4342f92d0741d9355a77810a3b7ac,1,4
SCIELO_3519291c8342c0b150f8dfef43610b4f,3,4
SCIELO_35dbad6256a9fa01efb927fa698ed4ba,1,4
SCIELO_36005bf9c934b18cbff709e103eaf236,1,4
SCIELO_366b75c540423836800fa3ff5f5a2c75,1,4
SCIELO_3764774b20f82485a00919169c10ed1c,3,4
SCIELO_37aaf7b91d1e8ff4022f9c467fa0371f,1,4
SCIELO_3902f7838c85a292740695ba10aa534e,1,4
SCIELO_3933a89060ff36715375f0cf540f476f,3,4
SCIELO_394c95cb0f130231da8a6450b5ccfb1a,3,4
SCIELO_39725c85c5b2914f10b080588219f37c,1,4
SCIELO_3a136a832d8b6bd7b4e22afe942e564a,1,4
SCIELO_3a377dd3a20ee6b6922cdfae52132204,1,4
SCIELO_3a934fd52244e92427482d9e1224f648,1,4
SCIELO_3a97576e6b51903c921cfcc03c9de10d,1,4
SCIELO_3c12e2ab3fe2c3a84a5d5162dd0c0939,1,4
SCIELO_3c32b5e815039a9710ece331cc76e5b0,1,4
SCIELO_3c61b2e419a8423e67e76ba3d4c25a97,3,4
SCIELO_3c8b4476421a808f4249e47003b97469,3,4
SCIELO_3d158288d531433c38fa375ef36cd68d,1,4
SCIELO_3d94c630d2707173ba53f727038392a0,1,4
SCIELO_3df8b193fd2203061f62a920af0cb279,3,4
SCIELO_3e16d9c183670a2b220eb640401b5b4d,1,4
SCIELO_3e56366e1e1f5cf6b542f9174048b1ce,1,4
SCIELO_3eeac1e2afbd782b86f328dec7bf8388,3,4
SCIELO_3f4ddf67a4168eec7ac37724ec2a3817,1,4
SCIELO_3fa679c9f52c6c588a5c409fae296331,1,4
SCIELO_404b9b26d95127c6b113fe386d356d86,3,4
SCIELO_4078cb9eb469e46bf1814b16025c3345,1,4
SCIELO_4159843d665f3912f7627fb474a290f1,3,4
SCIELO_42e6b9af896cb92694bdded1ab778eee,1,4
SCIELO_42fb4d3deb6cf1d48aa4305f7be9945e,3,4
SCIELO_43f600f1aa2a8729550e2eca973bf679,1,4
SCIELO_447a2ff8785f906fc8a1aa90729d2a9a,3,4
SCIELO_464e00b2539c8be4cd9c72df63ef274b,1,4
SCIELO_478f9672e4d8fabf072c84095bf1a4c0,1,4
SCIELO_47aa40d10896e3b2e6b3c9778bc98d42,1,4
SCIELO_47ba4b43e9720283286c291b343670bd,1,4
SCIELO_48476a21aabf309823b0d8e45f9dfffc,3,4
SCIELO_48e527dc77dd878c8e948bce0b611a97,3,4
SCIELO_49385eaf14b277cc7eaab21f56a3143c,3,4
SCIELO_49563d30775f2af8e6c80636254e05e6,3,4
SCIELO_49874042082ba6b5b3a1d7b608367c08,3,4
SCIELO_4a7fb8f9a1a7b3e1fe0e4df937b0f76b,3,4
SCIELO_4afb7ac81235027f8b1b5991d628c26a,3,4
SCIELO_4b5e123669f85e7636fb8590dad455dc,3,4
SCIELO_4bad92b31a4235a54f840aa9d8fca8c2,3,4
SCIELO_4bbe0e9b90562bbf0c1c074d046ca838,1,4
SCIELO_4c904d42d43b0760fc57a374a6a94e6a,1,4
SCIELO_4ca4c8e246448d2e6bd4bbf162da500c,1,4
SCIELO_4e3cc7b8ef458901e0c49d1126d799a1,1,4
SCIELO_4fa014c1c6b024605aab7a3bb2ecf326,3,4
SCIELO_502152337506d8f96d89d5d789a0b519,3,4
SCIELO_52ddc4002c1bc34465bb0a3d98b21a54,3,4
SCIELO_532231dddb6744e17afa60f65299e110,3,4
SCIELO_54a901c2464125c633e0e9f0f8ea3b20,1,4
SCIELO_55983b1eed3f0ec415b229ac6a97fc7e,1,4
SCIELO_55b6a76c9a4e8e9d4c254a95395a86c2,1,4
SCIELO_55c098f4a54be5d9c20046da3a11064b,3,4
SCIELO_5615f05f6eb4f58f15b61f7a1b69a44b,1,4
SCIELO_56c0a88985d624e3d6a37f9b92f58196,3,4
SCIELO_56f0aa1cc96e63ec97ba79c35108b2cf,3,4
SCIELO_57cb135614b2c20da42a808cc1692a09,1,4
SCIELO_584edf192be84e3e3f40b1fecfe2ae6d,1,4
SCIELO_59048438a85031fca041316d270e4675,1,4
SCIELO_59ae21da057a582eb47d5a801bcc561a,3,4
SCIELO_5b03868b22a5415fef18edfe825f8b0a,1,4
SCIELO_5b856a728e9cd828e5f9f20743ff841f,1,4
SCIELO_5beb0f3cebbb6318d688c8852d64c039,1,4
SCIELO_5d8082e4c77eedfc60172852b7c91527,1,4
SCIELO_5e4c53a35d8aff48e8024d9dd7d17169,1,4
SCIELO_5e94ab03aef1efadb317b880159c1cc3,1,4
SCIELO_5eb10c8dfb65957c06280fe9fa8ee6be,1,4
SCIELO_5ed900902dd1f25747e65dc7ace93d21,3,4
SCIELO_6128fde49965b72a32e1f01f515f6080,1,4
SCIELO_614133e5a36d1dc0b8e2d48afaf6ee0c,1,4
SCIELO_61b348ac975aaf5eda19416b3c327699,1,4
SCIELO_61fb15cca778edb17ea29baf89beccee,1,4
SCIELO_6350d214581c9feeb6ee919c3aa640b6,1,4
SCIELO_63a5699058ef8896e3c38f15643864bf,3,4
SCIELO_63e438f98cd5395453eaffa004fa47ea,3,4
SCIELO_63e638cab98ecb7c96e9432d3a7b9cbe,3,4
SCIELO_6422975651b18bfc49b32416f19170f5,3,4
SCIELO_64d5b78aa1441bbd0619899e7ce5e6f1,3,4
SCIELO_655e4acbc5518206f86c4615ed006009,3,4
SCIELO_65c59cbb2fbe446011901a94ddf61c45,3,4
SCIELO_6793c454150b17d86271a651c63a373a,1,4
SCIELO_689f69ea18cb3f1fec18ec5fd9e02a51,3,4
SCIELO_692f7f795615d0c66a805166d431efc3,3,4
SCIELO_6974648fc4a3da0bdf33007a9c6bf375,1,4
SCIELO_69c5e2e12ce00387bde18dcede19fb08,1,4
SCIELO_6a8ced9e3100917297efe9c49148bfff,1,4
SCIELO_6a9a5ded5800d03a4efde456980c3e73,3,4
SCIELO_6acde1ffc0caf1b754e8605423f5dbca,1,4
SCIELO_6b78a5a946bd50386f5aac57bf779d03,1,4
SCIELO_6ba589876a999e7fc1bb8af1a0200047,1,4
SCIELO_6bd85bd352ab558e8523c7311f4366c1,3,4
SCIELO_6cbb860c50e8b2cf2d67ec71a8df8ecd,3,4
SCIELO_6d6890594c2a6df53c16c46347796e59,1,4
SCIELO_6dafeb74877721faccb92ccb69e8dc26,3,4
SCIELO_6dc178a7574627af70c58c69faa81d5b,3,4
SCIELO_6dceaa714b049af7b8c18b0b4a456025,1,4
SCIELO_6e2570ca762e96a02916df6131728f3d,1,4
SCIELO_6ee06b9f696a29d31d59a02c53eb96d5,1,4
SCIELO_6f197fa019bf93d01b992aec26154a11,1,4
SCIELO_6f242196278f91a56f1dfefad9fac362,1,4
SCIELO_6f7c3559054f739f105c930305963401,3,4
SCIELO_6faed646743fe7f2409012e947212fb9,1,4
SCIELO_6fbda2e47be40c56790d516940b28a3b,1,4
SCIELO_6ffa3d6c873088711659da4f1e9aed25,1,4
SCIELO_700946e7bb878f797873967c417dc962,1,4
SCIELO_7267c34aa5a5998844ae8eb4566c0053,3,4
SCIELO_72cebf844be6bfe16dd6fd4fbf44045e,3,4
SCIELO_736a60e5cb64211bc444b8692f75f5eb,3,4
SCIELO_749f8e12516755d43d7dc1c4534e1100,1,4
SCIELO_74fdfce9396c5f202963e76e00ddfabf,1,4
SCIELO_7564331bb942a7ccebbd3d8fb182f2cd,1,4
SCIELO_779b933b8c4fd44084d255eed2696e3e,1,4
SCIELO_7828d09880800d29691ddaf9513ef5d5,3,4
SCIELO_7891b4263cc0636aa8f40c16fe1f3b20,3,4
SCIELO_78b12f0bb3e9f6135fac2770531f62a0,1,4
SCIELO_78f8f4c5099810006a71d9b26e3748fd,3,4
SCIELO_794e37b2255ec1a09fec52c8dbc5d87a,1,4
SCIELO_79aa12b911468d473a9335a0c466c3c9,1,4
SCIELO_7a3840ad095b3b79490ca0a1fc896e02,1,4
SCIELO_7af9e88644c97cc53fef022dfb803a7d,1,4
SCIELO_7b1a007d68d7cfcbb32303f424c2578d,1,4
SCIELO_7b71befb12f0ef56cceb59838ba2cd7d,3,4
SCIELO_7c23628b6f5cafada080dfbf05d1b369,3,4
SCIELO_7c875285440e967495a686cb6c72cf2e,3,4
SCIELO_7c9d7dc9542468c48d7d132fa0992a11,3,4
SCIELO_7ce24ce90cac77be0ccd8b046651f594,1,4
SCIELO_7d6e0859a75d0edfc267ded0f2c61166,1,4
SCIELO_7d9104caccccf3df44f5fa0af5c0bfcc,1,4
SCIELO_7e5978279f47510b4459c32b5bb99fbe,3,4
SCIELO_7e650d838712c64f3e82c3f87088d8f1,3,4
SCIELO_7e9ea8b067c870c504bb424849bc23c9,3,4
SCIELO_7ee6133fb8342d12c8a94b213980efd8,3,4
SCIELO_8069e0db8a53bfbf556f0769d8ac933a,1,4
SCIELO_819fe8f023abed6ec9239df776318616,1,4
SCIELO_8245ee28bb8f7bc4b211e560e95472d3,3,4
SCIELO_84e2900d8efddd1256dd745d6a176b41,1,4
SCIELO_85bc59f9b096aef32f85bed821d2dbd8,3,4
SCIELO_85d9842589b14621ee1f60d434dc234b,1,4
SCIELO_85f87468e477b84fc639aaa97e9bafea,1,4
SCIELO_86b90d75f889ddeb675e13105648b829,3,4
SCIELO_8713f936940406bfc51fb8e294bc6112,1,4
SCIELO_876f91c4c46c05c5c3effbcef19969db,3,4
SCIELO_87725b226f3d3d8300c7d83678a6b738,3,4
SCIELO_89681aa7995c5d903a2894dd6770f8ca,1,4
SCIELO_89f70dbe70c537e12f66d132c4071660,1,4
SCIELO_8ace1c133b239754a9aef1369ec0caf0,3,4
SCIELO_8bf0666636a0053021e8e3f1097d32e5,1,4
SCIELO_8d5c09009cb7d5d32b498df5e11d375b,3,4
SCIELO_8e35ce9bfe3c2834b70527e1d1f01f2a,1,4
SCIELO_8e646f8795e44ca9f59fea20942e7e75,1,4
SCIELO_8ecffb4b3f0ffa85b0bf11220d340cf9,1,4
SCIELO_8f5e432bb467989c0b6ccd4d09f9acde,1,4
SCIELO_8fb221fb899a2a846819f81f3c612034,1,4
SCIELO_8fb2a5e68a2861b0349e3295441908b2,1,4
SCIELO_90f8171f67f764368cf2f7db6c905865,1,4
SCIELO_9100ae143aa84ba71cd2822d8c9f601d,1,4
SCIELO_91c31432ee9c64dbfdf9175148ef59ec,1,4
SCIELO_92d0eed5d446797fde1d878e0e61776e,1,4
SCIELO_932937d6faf741b93fbc0060f34fbd98,3,4
SCIELO_9373f53bfbaa4b88cf67c10487240b13,1,4
SCIELO_93900c77ca74258593a88e558862a794,1,4
SCIELO_939f894ed216f5f716cee11900499b91,1,4
SCIELO_95387896a10641a7097c4ddd1719cbeb,3,4
SCIELO_95737e479466c909804e522c77210228,1,4
SCIELO_962a2b5c9c15463300dea8ad9242f328,1,4
SCIELO_969c4168f29f41c6ca16769ef662736a,3,4
SCIELO_97494f8a9ee5c2cd680faeb22803c5a7,1,4
SCIELO_9750e2638f75e2f1f57d0e6162ea1e5f,3,4
SCIELO_978caa46ba6c983be50c3d3b6515d31a,1,4
SCIELO_97c1c54287781212065a6cc690113316,3,4
SCIELO_9896c0b917d0bdfeb11ec2c134d45d6c,3,4
SCIELO_994d96062811c703ef5f88cac8ea9ea9,3,4
SCIELO_9a153ccc780b02863b5209b0de260929,3,4
SCIELO_9a4a3ec5bdce5391143a3b9d8cafb07b,3,4
SCIELO_9a725207e5779cd760bc4d2a442ee3bb,3,4
SCIELO_9ab25a724809cdb858fabcbf9668867d,1,4
SCIELO_9b755d558fc2ddd6eabe6483fc7cec30,3,4
SCIELO_9e305f76cfe4e61f08e36f8019e0fa85,1,4
SCIELO_9e47730dceba34b801517a37f60d43a8,3,4
SCIELO_9e569f73f032348be124f02568cf0485,3,4
SCIELO_9f5edca274cff6123331b23e5dc5d502,3,4
SCIELO_9fdbbabf1efd37ef5690df9789f1dd03,3,4
SCIELO_a04a302dcd8a86fb015e4bdde19f557c,3,4
SCIELO_a1349e25c4274e55878a38bf35b7cf37,1,4
SCIELO_a1a36f0fe7dc4fe171dda809c87b1a3e,3,4
SCIELO_a1e0a3ff9657a240a83afda1dbd843a7,1,4
SCIELO_a2b24f86616c539c4c2948c6a84db5d2,1,4
SCIELO_a416c57c8ae1394864ab0ca3d04298ce,1,4
SCIELO_a42f43e3111036dc7a99d39f7ac539d3,1,4
SCIELO_a487b389a4b696ef42623d06179d5150,3,4
SCIELO_a596fd59f8af64bbd708dd17fa9e1ac1,3,4
SCIELO_a5ad64804f1538a266dada5a93c265a7,3,4
SCIELO_a614e0d775af38e338f37ea8b8dd6442,3,4
SCIELO_a63bce2d2c3e132fee8cc2173b30ceae,3,4
SCIELO_a64552f794519c989a101ed25a15ec83,3,4
SCIELO_a670f6b1ac31c78be0d0dfffbb2d6adc,3,4
SCIELO_a6b87cc4d9d632d0a1daa4b19e734d70,1,4
SCIELO_a80df90d4a0e7be6a502e109c7f7b7e1,3,4
SCIELO_a8cafc17336ea4f27d5fb5a0f60898cd,1,4
SCIELO_a957007a9fb17b3fa37cb2db0e43e7e4,3,4
SCIELO_aa5831fdc568113c00f018432bad3501,3,4
SCIELO_ab3fbc6c9a9e38295006db18cdf84bcf,3,4
SCIELO_ab5cad09134489c8c340211074594d78,3,4
SCIELO_ac4484c6424b9bb3528af19d0aac1920,1,4
SCIELO_ad189716196d30369f1787bcfece1424,1,4
SCIELO_aeb78f13f5bad68c4d910069abd2d490,1,4
SCIELO_aee1a163b085f40c96df17cb52639ff2,3,4
SCIELO_aef8b4327cf0820405a5e670e725663f,3,4
SCIELO_af53487ce8469fd95909f701652d4282,3,4
SCIELO_af6b64d082dfe3878d71008ffaadac12,1,4
SCIELO_b09611c6a1715d13db667154aafdaae5,1,4
SCIELO_b19ec19efeffd7c7f6323d5747ab3e2e,3,4
SCIELO_b1a076d5b910de4bbbed60b147fce453,1,4
SCIELO_b20a9dc34c59a129876edea799236ec6,1,4
SCIELO_b2eab3b714d2366b9cbc7a5c8749965f,1,4
SCIELO_b2f9724f9ec8961505872c5bebbf668b,1,4
SCIELO_b348313e5c013d80cccaa75bffdba727,1,4
SCIELO_b38cd07093b17a50ab804d503cc79b32,1,4
SCIELO_b41f24e8cfa9d977a26691fa3a2c211a,3,4
SCIELO_b459fb3c60b59569295bcb91af477988,3,4
SCIELO_b488a5769f1c6dcd8e014ec9e16aac51,1,4
SCIELO_b50de82405d0bb332c8a248503eaec7b,1,4
SCIELO_b51ae0c6e43a3b1e80a7b08331f4f2d9,3,4
SCIELO_b59c76ef4a6d18112be5fb5d324a04a8,1,4
SCIELO_b73d1594ea30c389394f571c734172a3,1,4
SCIELO_b9455384702c0c829180bbe488477c90,3,4
SCIELO_b9a638620611e4c375d6af7a464d6ea1,1,4
SCIELO_ba8657bb4b74f702459c7bd21816f4c1,1,4
SCIELO_ba8f4785a64f5a56cba7b06eee6d1860,3,4
SCIELO_bb385e892a95e0a8f0bcc68f351aff74,1,4
SCIELO_bb8506ffc647b7cc4dd053ac1d3b3093,1,4
SCIELO_bd1c6deaeb4660e89164f0611e96f4ff,1,4
SCIELO_bd751afa665032352386f2a0e61cec1e,1,4
SCIELO_bd8f1dc2481e61496c51c5358725e1b9,3,4
SCIELO_bda1f55adc487d74324a40f0d60c539d,3,4
SCIELO_beb0dcaf2d9eb4f8364e799ba48b8da3,3,4
SCIELO_bf1f3594bdc3cdadb8d1730f40fa160f,3,4
SCIELO_bf91eb11e0b65918e3edf7014d14f7b9,1,4
SCIELO_c01942b25edbfd55a4602bd128a291a1,1,4
SCIELO_c039d79c262846b3eb2f1677a99accb2,3,4
SCIELO_c0c1eb0a674ad058a258bde861daadfa,1,4
SCIELO_c3e29da8cff12ec5bf897ee945040931,1,4
SCIELO_c3f09f2938c11256ddee6aea5f2a84cf,3,4
SCIELO_c47e2c0fb04386c8e00597f3cf49af6b,3,4
SCIELO_c5ab5c4b707aa6e8c61c6db2f33392d6,3,4
SCIELO_c63f077fc26e38e4faa7797299f11b04,3,4
SCIELO_c686eb6d039a905bc74e0fd1ba4d97ca,3,4
SCIELO_c69920c634cb21e43af28d617ba20e0e,1,4
SCIELO_c750d44757a0ca46624b65d0e92edb1f,1,4
SCIELO_c80bf9ef12db522b9867ad73de5c2734,1,4
SCIELO_c88c272e5f1f070ffb1003e18fad97cd,1,4
SCIELO_c9158b880ae4d27b8c0d10d32f8af128,3,4
SCIELO_ca4f8ede3457027097beff132f5132d4,3,4
SCIELO_ca577f928fd5935840c78be775f87d35,3,4
SCIELO_ca92705ba4be3d2c9eefb2fb8252a9e2,1,4
SCIELO_caffbc6c4835c64d7339fc4fc1f37d66,3,4
SCIELO_cb3c34be5cfafe72f9bfa40383530c40,3,4
SCIELO_cd0fd9bdbc452293d66b96e4ecbef296,1,4
SCIELO_cd61536187a2a6c4035966df93d371a3,1,4
SCIELO_cd7ac78b15e6923ba6e332b6d43e9d88,1,4
SCIELO_ce6b565986742be83d97a10c8c5dff04,3,4
SCIELO_d01aa46c6c29abf0667459350d78ab62,3,4
SCIELO_d02452c132af4bedb10d7be6811d4a4b,1,4
SCIELO_d02f7678281c6b87e5e69e1ce2c9304d,1,4
SCIELO_d1260a98209fd622923b355a2cfaf365,3,4
SCIELO_d14948c7d59cd70ca70c7df4255f536f,1,4
SCIELO_d1ded4d7a8bee409bea5bc32d6334045,3,4
SCIELO_d2125c2eb3d7c3f1f6e4b9ff84c9d5f4,1,4
SCIELO_d28652521b6db6ce5f973e7d53ff7d8b,1,4
SCIELO_d2887c8cbbe2f4b154cb7bb79e49d716,1,4
SCIELO_d36d7d76f5932ad4f8f2762137072c05,3,4
SCIELO_d37f4a594d6ed0e303bc242ab53420d6,3,4
SCIELO_d61a673eb6c160b9cd0c8e821c0176b4,3,4
SCIELO_d66f0cd409f892a6b423af8c5bffea8b,3,4
SCIELO_d6efed715c1c891b313aa4f368fe5baa,1,4
SCIELO_d74e5e4e19110e20e2882894341033b6,1,4
SCIELO_d989a9a59196cd1e596d73dd7b50101c,3,4
SCIELO_d9ca5709aa9bdd86a2d1d744ab2c2b1e,1,4
SCIELO_da5016a052c81f1f9313a72ca2ef0574,1,4
SCIELO_dad97b3a73b51cb60f8a60f7a914cdd8,3,4
SCIELO_dc67c1de14b4177e56bbeec5b51d2445,1,4
SCIELO_dc7889ad8c67ef059eb206d76784035a,3,4
SCIELO_dcf6ec422da56b68ca001d190b6e2919,1,4
SCIELO_dd29315f7c4a28ffe552bc224c136f0c,1,4
SCIELO_dd84602bf0f764b9eb214505822dbba2,1,4
SCIELO_de1e008416d4ce283ce806424035200c,1,4
SCIELO_de6a93be9f3f69bee3231afd7f4cd31e,3,4
SCIELO_deff9a82fd2cfe301211d8fef9344a5d,1,4
SCIELO_df8051923ea7a290783188ffb507cd74,3,4
SCIELO_dff553e6cefe79fd8766e54461953171,1,4
SCIELO_e03346690230c2112dcc088635dc555f,3,4
SCIELO_e0ec4a7f2cbcdbe09739c36cd863481b,1,4
SCIELO_e15475eac72ae061123fae4a434a3513,1,4
SCIELO_e1a05867b84f5b24485886df644d966f,3,4
SCIELO_e1ecf6e3f4bdb0629cb60f44e95ba253,3,4
SCIELO_e26f29781f3c1779eed62c9ac49d422a,3,4
SCIELO_e2727f4959cabeb4c5fa59f0bb07a366,1,4
SCIELO_e2a9efeaeaf18e82dd55d55fa43341c8,1,4
SCIELO_e337a3cdcd3f2c8b985a8e564f4f07c5,3,4
SCIELO_e4a30ab2d017f43e20fa2af8ea8e8545,3,4
SCIELO_e4bd923703192a0e6de894136345c923,1,4
SCIELO_e4e95cd31337610f22cbb5787419103f,3,4
SCIELO_e514f599a6871919bfdee8a3585f99dc,1,4
SCIELO_e5b23bacccd1ad2a896f7eaefa70d077,1,4
SCIELO_e7a65e883b76913933d56d4cf6021940,3,4
SCIELO_e7be0bdf8ea8ad9a77cb218535a0d6f8,1,4
SCIELO_e7c2a4fb7b861ba8d64a339aa31c02ce,1,4
SCIELO_e831a8bb3fe9d4d5f7279fcdd9b10ad7,1,4
SCIELO_e8fecd2c7dbaf6ad146cfa5d6dc9a75f,3,4
SCIELO_ea13ce891389a05e45c3011b00c37f29,3,4
SCIELO_eabb18537dbabc8b9b35127cf20b7e89,3,4
SCIELO_ebd3579554f828640522e053675b0204,1,4
SCIELO_edec7db5fdfe619be24c3076addbca7f,3,4
SCIELO_eeb6d23aac18c928f1e9b28426ea10ec,3,4
SCIELO_efb281adefb61bec75f2556a98e4069f,3,4
SCIELO_f00beea3020fa69623d4ae36191e25ab,3,4
SCIELO_f152da6747344a81205af9e4fbd29ec8,1,4
SCIELO_f31cbe92bf0850af89ba654336d230d2,1,4
SCIELO_f37b978782dbc178defcc831593c4289,3,4
SCIELO_f39848af8e24a5748768ed4340506d46,3,4
SCIELO_f3ab2ca20ed3d020f89c24657bbf671a,3,4
SCIELO_f41a89359dbcb05b94558800e0a0ec56,1,4
SCIELO_f45873b1b6594cf7065210a818287e45,1,4
SCIELO_f4c127efa8f666f84e702b7b24f660e6,1,4
SCIELO_f522019071f93453a162ead7d3ec0f32,3,4
SCIELO_f6e0a3899d8a89dc6158302bed7987e2,1,4
SCIELO_f6e2059d6344b023572601092da84f47,1,4
SCIELO_f8ab95a8878c5c11265560cd9d4c5972,3,4
SCIELO_f956fd3c71ac09d2254daf3b1c9e18eb,3,4
SCIELO_fa336ef1254369b137fec8f31f4e2c51,3,4
SCIELO_fa55084621bd563b7a0d5a1b6059a664,3,4
SCIELO_fabe537a9d4f634143ae3bfa10aa0a45,1,4
SCIELO_fb40a6c51659f7bcfef89d3c95ebfd04,1,4
SCIELO_fc2ddc7918e863f4dc1290adc501272b,1,4
SCIELO_fc488104570f053a2da8a971fd05600a,3,4
SCIELO_fde2af8135c9319710f1e6dd62e937f0,1,4
SCIELO_fe0dbab231dc8d5103fd8c2adeb66f88,3,4
SCIELO_fe2b2f417619b470769d4858e5a509ca,3,4
SCIELO_ff4fc1e666a3595283d21d71f34e19ea,3,4
UCHILE_03b92508d3961aaab65f4cfa09e39c61,1,4
UCHILE_048448a8939c96d67b0e2c7627a2d695,1,4
UCHILE_0575e7b2585cc999ca53f1a69ed8f9ea,1,4
UCHILE_068467a2bb812f478b747f8e23badb99,1,4
UCHILE_06998d88100a805ae5fd01ce9cee958d,1,4
UCHILE_088d703cc9fff16587500d7fda0fd690,1,4
UCHILE_09a4ebe0d114c5bcd0b8f695d9a98b0d,1,4
UCHILE_0b7b07a89e7f9725b28f6700534f6965,1,4
UCHILE_0bb8aee1106db1e3466171e9217977a4,1,4
UCHILE_0c3c89235884ff46c80ac01312600c39,4,4
UCHILE_0e2339d46418ee769ce38240eea376eb,1,4
UCHILE_0f00f5d5add3ebcd5548666a0d1433f0,1,4
UCHILE_0f4f6718f395e6c3aa015332ce255431,1,4
UCHILE_11b6ea9ac8dd1ed19c1216d17e46c2b5,1,4
UCHILE_12a0ecb837226af49e67a609a4bed165,1,4
UCHILE_12fe20ae51e005f453f3c71b0a228bf0,1,4
UCHILE_142ae00f3b388e5d5bb42dcea5f6e55a,1,4
UCHILE_1436f488711ac86898fb25658542df31,1,4
UCHILE_1479a39ce6339ed25398aae6b16f26a7,1,4
UCHILE_14f7d3880d615ee21f02172782e34978,1,4
UCHILE_166bf55bf445cde26e3a428233009ac1,1,4
UCHILE_16af998750b85c1f4b659aed4f9e1b1f,1,4
UCHILE_17e47d1bb3dd87c876e51ff87b8a6f3d,1,4
UCHILE_1a2b777b9856434fe8e1d0d9a1b434e7,1,4
UCHILE_1b9cdfaf196775e749e09c1a8cb8990a,1,4
UCHILE_1c1dbe4202b1f92da5c6500d0a2f01eb,1,4
UCHILE_1cabe60699196b131027ec3e4153c66a,1,4
UCHILE_1cb4ac3c0122065f88a8abb57a140895,1,4
UCHILE_1edba4cdce85dbe201f97660c5a32eeb,1,4
UCHILE_1f4aa7b59f5d53e09778317dbebb2105,4,4
UCHILE_20881e9edbae252f925741cff2691846,1,4
UCHILE_20be0a37deaa7ce8ad63171b94ab15c7,1,4
UCHILE_247b5b186cc1e5200684551e321e72e5,1,4
UCHILE_254b443b60f68ef2df601297ffe0d18f,1,4
UCHILE_254d0110df9a69194ce49a4e937b100c,1,4
UCHILE_25857c9a8d8be58da49fa2bd44fdf850,1,4
UCHILE_267e97f2f070a7cf003e7ac585def25d,1,4
UCHILE_26c87f751cb12a346ed0e7abc1a13fc5,1,4
UCHILE_2867238e7ce77f6c0ad9e49e9c005589,1,4
UCHILE_29c0fa0f999e67952316164f97c03719,1,4
UCHILE_2b8605bfe2c1ad4f6d57a3d90a92febe,1,4
UCHILE_2b9e8acd6ec49dd465aabd8c8ddc383c,1,4
UCHILE_2e52806dc28b9be2bbf96e51ac031271,1,4
UCHILE_2f348569e9191176fc79631d746750ff,1,4
UCHILE_301f8c88283e1da5b24323a4bd71fe1e,1,4
UCHILE_31943ac145da15404c93a53f99b59d81,1,4
UCHILE_31a85648d982ecbbe36fd71391068a75,1,4
UCHILE_31f2275e8093395f42048f843aa380ea,1,4
UCHILE_323be97e802de9db111f6088756c3aff,1,4
UCHILE_3445f3afa36a0b83915af4e54d5e4942,1,4
UCHILE_3448a0edfc41d7be3004cf0061b76e36,1,4
UCHILE_35902f0a7603d0b04d4e31a46762e443,1,4
UCHILE_35add3479b1ee168e85e195ac7090fff,1,4
UCHILE_364caa92056c1517c305af6e9c506556,1,4
UCHILE_370161694cfd00449d4a957d4c85744d,1,4
UCHILE_379ce6cf6c2f7eb3d919a1ed8eca9219,1,4
UCHILE_380db26e9ef85e6ae764c252e052aed4,1,4
UCHILE_3adb0fdb07e76a69e46f848b0979a042,4,4
UCHILE_3bc1a7679363486642e359f8cd5c181b,1,4
UCHILE_3bc4f55761920c5c64b3d21a336fd9fc,1,4
UCHILE_3c39519ac55eba22a823e1c989f2ba20,1,4
UCHILE_3e8ef89938143dc72262a95eecb94fbd,1,4
UCHILE_3ecc87a842656e792a4466d3bd15c42a,3,4
UCHILE_404f0e28d91ea9d21ee9428047bc3e94,1,4
UCHILE_40bf14151d6d88a32bb4d246402479a7,1,4
UCHILE_41f02aa8bd81c84518f2acd594c091f5,1,4
UCHILE_427d5c3d86196d530c1139d6fe3f938d,1,4
UCHILE_4331cbc4a5aa949ac33113ea367d3ab7,1,4
UCHILE_4556623b98a5ebc6f2660c350e1b40dd,1,4
UCHILE_47c9e432709ac72c25d83fa3dabb3766,1,4
UCHILE_47eb14dcffcd126325846c88a4903f40,1,4
UCHILE_4921641ccb9f1304747b12b502420524,1,4
UCHILE_4c35b2f1952f927fc2d202b2fa329d39,1,4
UCHILE_4d10a76c26c4d160f5c0a60e2eb7d892,1,4
UCHILE_4dcee47548ef3e59013c1c06953e2915,1,4
UCHILE_4e46271861444d39eda3709d7a16abcf,1,4
UCHILE_51b93a89500bf174329ce8810b69104b,1,4
UCHILE_51ef0188c81aceeb152ef368396b4842,1,4
UCHILE_5436b47efde87e2bd0c15aef0b6acbc0,1,4
UCHILE_560c905c044e88471d7c70a8152ea7ed,1,4
UCHILE_577a83c3ba09c0ad22199f0cb71b60e9,1,4
UCHILE_57814f6ac00d2ea6941f15fa3cbd3c3e,4,4
UCHILE_5861dd3f6aae34e0970163c8737bd7d0,1,4
UCHILE_5a3799191b7c8647d49134b97c166c80,1,4
UCHILE_5a86a76427c82c637be2fe875e38400c,1,4
UCHILE_5b18f505e2a6844be649b40539310cad,1,4
UCHILE_5b3bd31b6792ab93b06cba7a5d930e3f,1,4
UCHILE_5cef2f38e014d44416aee1a2c5de1c21,1,4
UCHILE_5d046ba91ac32342e8558a9c46c6ad7b,1,4
UCHILE_5d670decaba5705f28b81d10d96af76b,1,4
UCHILE_5e38d0f75989a24f21a3c37b48595374,1,4
UCHILE_5ea934020de5c10b18be5008b69911ba,1,4
UCHILE_5edef533391dd518fcad63d47e560da2,1,4
UCHILE_600ac9ada5c94c371cb8efa723b6e07b,1,4
UCHILE_6216c4152fd4a7aa78de827551af1791,1,4
UCHILE_63548b8058e73ffcb95ddecd6ac323bd,1,4
UCHILE_63754874e59644dd56005e38d4ea2319,1,4
UCHILE_6441203da4e58fb8ea53a1c188699392,1,4
UCHILE_64b6c5da78b9dc8c89328a07cf9f74d0,1,4
UCHILE_6713388fbb886e94ac5a71bdeeaea340,1,4
UCHILE_6765416c16bf1cb696d098a2209254bc,1,4
UCHILE_687c5bbf8a4d94e2eee580fdf6f953b2,1,4
UCHILE_6a06dc4ec44430ea96aaf27fbb227fe5,1,4
UCHILE_6c37dd2f068e973e5a8eefbf143aa667,1,4
UCHILE_6c86985b9d00ebce7c3e48c296a4ac7c,1,4
UCHILE_6d40468e14d153b0683295140d985bf1,1,4
UCHILE_6d5e638742b8e527cc68c00454da7684,1,4
UCHILE_6eb72070b48d25c2a0a3e31d960fb3cc,1,4
UCHILE_6f712fa29f913d14b5b355622c25b959,1,4
UCHILE_6f7640cbb58a31717768f9dacf6097de,1,4
UCHILE_6fa271ad3677d4f62058f307d7f65309,1,4
UCHILE_6fdfe455a3ef9e99a6dbfafe602942ca,1,4
UCHILE_70cd7b57708493a667928b12df88c714,1,4
UCHILE_73293f5c46e210abb8d2d44fbeca5906,1,4
UCHILE_7341a0e817bfa6bc7c2682d75a8bf23d,1,4
UCHILE_7432df821e0ab174a78d93a3c5100837,1,4
UCHILE_746a273c9dbde60449cf69277eb9b42b,1,4
UCHILE_7517a84f738414e7388b436a1f2d50de,1,4
UCHILE_75f44784b8fae16028dccbd0cc85c5f3,1,4
UCHILE_75fc8b5b28fc239eb81550aea0b1b6de,1,4
UCHILE_7739ed319c40463f003ea7244a72b279,1,4
UCHILE_7849a9cc88f7e0c90c06efbb7429ab4c,1,4
UCHILE_78912f80cb0dc2f4d1c6a4562b86d1c2,1,4
UCHILE_78a69bd18a7ba2d19e22db38fae48fd7,1,4
UCHILE_793c126e6d742e08640ef1a38b25077f,1,4
UCHILE_79f5b917efb28ec35047e98b129d74e2,1,4
UCHILE_7ad1d11aaef55c8f5492f1e3e53f7fef,1,4
UCHILE_7b9ee87dcdb2d2a77334075b8da1f726,1,4
UCHILE_7c684a3da42ea296d4772aa35ac33e76,1,4
UCHILE_7e2234679476692f2e27f5becc0711d1,4,4
UCHILE_8090c77ae9292aa3ada748656f69a961,1,4
UCHILE_81793325788c139f694cc4632d0bcc34,1,4
UCHILE_8234419c41ef679c7fc37d2bb4f5cd19,1,4
UCHILE_82847ca94d2e6339e4bf0a4a29d28f3d,1,4
UCHILE_840d692f5469a8fff95049edfceee35c,1,4
UCHILE_85efe47ef56f3b837ed971e6e326f5a0,1,4
UCHILE_8697e0838a725f8b2637cd1d55816952,1,4
UCHILE_87c7dd0438fd4ec73f85618f0ea9d67a,1,4
UCHILE_8a6b6092fd7fd7dfc871c8ba62b3a0ad,1,4
UCHILE_8b6a9f6bfe60d0f37fcd6b3b7e8ecf0d,1,4
UCHILE_8b70c3691a45a9e3e8765d035a53e815,1,4
UCHILE_9217a36c8783d69554779e863a373911,1,4
UCHILE_922021f26a5958caf9d06edaf92867fb,1,4
UCHILE_9390c53503eecf4a629f46a63aa7ab23,1,4
UCHILE_9413eb8d19dae469d90fa5b1cc7de24d,1,4
UCHILE_944979dd26972b852045848cef4b7643,1,4
UCHILE_94c1d5ea3ae6778ee32848260f2c2173,1,4
UCHILE_96893b03471adcbddddfbd72073f2841,1,4
UCHILE_98e4c61bdf1d1eece640ea2d37fde9ed,1,4
UCHILE_992cc85d40509a93945684a9e84d64d5,1,4
UCHILE_99d21b4bdd4f2f51af80870b1be84ae2,1,4
UCHILE_9b3dcd8705045aaf59fb7dfbf5f9d45f,1,4
UCHILE_9bdbcc90346b020fd9169d1e671be24f,1,4
UCHILE_9c3e7c1df4b0f4afb55650375a5e1d66,1,4
UCHILE_9ca8ac9cc3aa10ee39df4da29ac81058,1,4
UCHILE_9d392f6b1558e38ae4a0f28c5de6d313,1,4
UCHILE_a1fb74f64420feb94e4b1971604966b1,1,4
UCHILE_a225432133ab315f3aa54132a12eb698,1,4
UCHILE_a332d1eab75c594e3ffd1f27210e171d,1,4
UCHILE_a335a2f794c9e5b38ec29b37be616682,1,4
UCHILE_a4b72b2f80874c0f30fa8be511d530a8,1,4
UCHILE_a53e199abe43f36350714d005243ff92,4,4
UCHILE_a5582aa3f31f511f344e1dcacf23e596,1,4
UCHILE_a55916a212b73df5c8582038482adf41,1,4
UCHILE_a679962099f68a9611099bf6c3bc5fa7,1,4
UCHILE_a6b4156862f5be2e8bcd4d871cfbd7b2,1,4
UCHILE_a7ed0569a95b0f6e334314ce5d3e2b6d,1,4
UCHILE_a862ca87be348ce5f7714309fdd22e97,1,4
UCHILE_a8d1892f2fc87881e62f0e1322a81cf3,1,4
UCHILE_a9be1065c7c268d1b17d81f079d4d497,1,4
UCHILE_aa8fe92838874543508cef755e9287e7,1,4
UCHILE_aa99d3b47dfa8aec9320204d158ba7fe,1,4
UCHILE_ab37ed5383a3690983962c582f60a137,1,4
UCHILE_ab53c2fa5711fefef613cf9c1215842e,1,4
UCHILE_ad5c653bd5523067c577bcc11125d104,1,4
UCHILE_adb7901d01994430c56f666884f88091,1,4
UCHILE_ae892a57dc2af1fecf1094236479f7ff,1,4
UCHILE_afe7d7380fc0c2f6983ce65232573c8b,1,4
UCHILE_b0933e6a159a3d2184404a33591e0de8,1,4
UCHILE_b0f0b71ff978e63f182eb13f505d2a78,1,4
UCHILE_b1cdfd7aa9764165754dade01e30346d,1,4
UCHILE_b23207a1680c570f4945e0ed21477fcb,1,4
UCHILE_b2676a33064660976b31c768547415dd,1,4
UCHILE_b2eff4975900837e2f578c0a82242dd6,1,4
UCHILE_b4f4d4c730a94b325c42e3a3ef020012,1,4
UCHILE_b5a2bb7e8165baf55abb36578b125ddd,1,4
UCHILE_b5b7e157a3b50ee8a9d60d5ad9a73808,1,4
UCHILE_b68822718d5a57ff782f5d5f5ff21cca,1,4
UCHILE_b70bf5e3cb2123c7cb4c5d8e67da696a,1,4
UCHILE_b769ff586bafe5eda2b9ec1930c7d857,1,4
UCHILE_b7d899679a4b3272e0242683d928e058,1,4
UCHILE_b8b5a15471a96d7ec209bec8531f35b6,1,4
UCHILE_b8b910f9e1cee9a29df067a4f0b7d38b,1,4
UCHILE_bbe14441d447871b88bcb6b5c16ef98a,1,4
UCHILE_bc27574e5629f5f016c1b64426381006,1,4
UCHILE_be28d820afb323a96dfe1c0231e918ee,1,4
UCHILE_bfe04f33c47cdc55c053a2d5de592ce0,1,4
UCHILE_c0b7a2c7af914db3322a58729f330919,1,4
UCHILE_c397409ba868c892257ef46170353f76,1,4
UCHILE_c3de819e400782082af1a8f1f01bcaef,1,4
UCHILE_c4306038b9654f93babbf05bd96d3c77,1,4
UCHILE_c4ed132e6dfb175dd4bc751900db75bf,1,4
UCHILE_c567a04c3bdf8e48175c045683a57a5c,1,4
UCHILE_c831bc26b0c6c7ca69485854c6911c7f,1,4
UCHILE_c8fecfaaa206d82f0ba0c530be9264c6,1,4
UCHILE_c913f8656c71704b17d92dbacde81514,1,4
UCHILE_cab5b910168882897df51dad92aed20a,1,4
UCHILE_cb59b2eb8686cd5d3464e926c56a6a50,1,4
UCHILE_ccf4f3b2b4a052b38eee783e815acd65,1,4
UCHILE_cfe3c08e812edc0f54f36f210998f693,1,4
UCHILE_d00ba29a9080d0daff371825f3cb8c01,1,4
UCHILE_d0de3eede6751a2db668b9a0fe282095,1,4
UCHILE_d12cea1e7aaa9ccb48d8b889a7967bc6,1,4
UCHILE_d207d33b9b7608300255a81c6eee2f2f,1,4
UCHILE_d30d6264b05493a4ea8da3d687177e5d,1,4
UCHILE_d3713f83b92f3af629bfe1f65cbb0b54,1,4
UCHILE_d4daa73d278866b8ea33bdc49bc6802f,1,4
UCHILE_d5699adda8de9e50ebd676dad1e95860,1,4
UCHILE_d5a17c32ce59f7dd503191ef58c48d30,1,4
UCHILE_d61b70b1c0ff0098d4e6e03baa611106,1,4
UCHILE_d6ef4d93c786aebb0b426ce3f469db07,1,4
UCHILE_d74aeaa821d67a2a0c43e9f9726b2de3,1,4
UCHILE_d77157f990c2dffbd4e771d6472070c9,1,4
UCHILE_d7b26a0884e9a70ccecf86acb1a80330,1,4
UCHILE_d881abfad6a4c429ac91960b08fb2cc8,1,4
UCHILE_d9e079e165f2d125d20058ad44af180d,1,4
UCHILE_dab7ba46b9957966e81ec516f634374f,1,4
UCHILE_db5d28fd72b4f5ca46d908ee3782d4e0,1,4
UCHILE_dbefcfbc28f615cdb7f086e4b3990740,1,4
UCHILE_dc30ac78e10d11766260f0e6f2d26988,1,4
UCHILE_dc819185a601d65b96e8b1f1f79f0b05,1,4
UCHILE_dd9c11859eac5750e60a3811fd416eaa,1,4
UCHILE_ddba25166e8bd06e9ce553967f17fb62,1,4
UCHILE_de1a6ca9ce51b5229dc73b998c908226,1,4
UCHILE_e2247c258864a8181dba70adafd54062,1,4
UCHILE_e2c0304d803df1751f2494878b712222,1,4
UCHILE_e2c4078bd9b00b483683c7c86fff0766,1,4
UCHILE_e40084fd2807aba64fe9b1a20c9530a8,1,4
UCHILE_e563ee56e136ca50f8449586e0897851,1,4
UCHILE_e6df816dce424bf3db57315e5a448de4,1,4
UCHILE_e801b185e0464f2e4529aaf4b34a6e23,1,4
UCHILE_e8a040d1c28fe37967c7c0abe30477fb,1,4
UCHILE_e8ba0cafdc0335eff2f5dd221c245bcb,1,4
UCHILE_e97dcfd746ab69820a98fa8c16505c54,1,4
UCHILE_eff186576af257b5c84c10f48b75aeb1,1,4
UCHILE_f05ad3a29e17be2c5aa67ca31572daf2,1,4
UCHILE_f0ab6bba509e276101991b95a620de46,1,4
UCHILE_f0f7367667cfa53518c65d6626aabdb5,1,4
UCHILE_f154b17caebfddcea7a21124ffc6a405,1,4
UCHILE_f1e7eb84b64745b08c702f1bad114849,1,4
UCHILE_f3baf956fa35b98446fb74d05dcbae00,1,4
UCHILE_f4a2c932ed048a52b7544d076d8a904d,1,4
UCHILE_f7c1e2e1625d032159800ca5cb6adabf,1,4
UCHILE_f8ab3cd3bcd1227f2d8af084506fe05b,1,4
UCHILE_fc0c37c9cac2f5dacfa0d8bae8b02b63,1,4
UCHILE_fc154ea85ec3870e2bdfc3a1c83bb660,1,4
UCHILE_fdf2929b94303ed1ca8a386538afbca1,1,4
UCHILE_fdf6825922fec1e6b4b6a7ed3c296ccc,1,4
UCHILE_ffbf0ae67a122429e4d77b8d8e42128a,1,4
UCM_022d0b178a5770060f09d380d3578a9d,3,4
UCM_05ddb22493a8af1abd20b42490e42600,3,4
UCM_07a1084bb7a2d46836da25024974d210,1,4
UCM_0b43e945d1f399642437641598275578,3,4
UCM_0c7c80766311579828cacf41b89b6fe8,3,4
UCM_126f3db5b2463c698712e18c69c6ced0,3,4
UCM_1347ec87da3b6b2ac2fe190c5b8db71f,3,4
UCM_1741fa7cc2d8f579e4f5350c0a817ae0,3,4
UCM_1cf103fed8fa25a251c6b7466ec1860d,3,4
UCM_2c2398983fbade59984d71a128ed48c1,3,4
UCM_3049d4d0f2c0195750b639ce8c5a3bfb,3,4
UCM_3bcf11da5189f04d53890eddaf5bdef3,3,4
UCM_3cb093642bddc4371de42e1f2f1c13a4,3,4
UCM_3dd3e0b5aa105d169aa82d40c8f395cb,3,4
UCM_3fcbfeebf7ed38da24346f8709399d8a,3,4
UCM_41a77c6b021207613552e8b09ff95872,3,4
UCM_441d3badf71b30d0be367b7d4d281475,3,4
UCM_558e451984230820f73d843f1431bfcd,3,4
UCM_5e03c9c5184c66e3f98c23641af8f226,3,4
UCM_60c33c1bb28d0c981a2be1cd2bce31b2,3,4
UCM_660a8088d7b004db89db586d26aa3632,3,4
UCM_66580d838872824ea25cb2cebc52d05c,3,4
UCM_760e6fcde8aa40f5318b271b73d9242a,3,4
UCM_776df2ebca045748ce441dcc5b9c39c2,3,4
UCM_7a1675e16fe55a9b9aa880fc62574390,3,4
UCM_7d1d60ef7b8674ee74e0ea5a2f134332,3,4
UCM_7e3090b5f90450285ed1ed827008f5e9,3,4
UCM_808d82f0b6afb2cb39952965f02ce9f1,3,4
UCM_83ab06adea55fc6de7e05299aa35b37f,3,4
UCM_87cd053cc661219c556b83ee65c57e29,3,4
UCM_8d57e1d502eeeca1cca1c6adc41c519a,3,4
UCM_8ddd113058e1b76925ac2933ef335904,3,4
UCM_953c89994db757ba041a0f37f5c2f71a,3,4
UCM_9829569117c236fd5835213d615c6e38,3,4
UCM_b49479e47a553b567104bf5373953d47,3,4
UCM_ba0aff0fcb29702649d32bd3f01a2dd9,3,4
UCM_bbb8f1d99405663904a82c73a50cc86d,3,4
UCM_bde0f78eaa530408350de4ce298900dc,3,4
UCM_c6e5ab96e7318b2a33c1e189409384a7,3,4
UCM_cc90bff8668e089aa5023ff01f92f378,3,4
UCM_cf21a299289924094cb6d604e5586759,3,4
UCM_cf2fae3c27b1c09a76db4b20173502b8,3,4
UCM_df63ddbbe18bd1383ae55b6eb8da9097,3,4
UCM_e140c248e7d931b77c5c758656fb5b21,3,4
UCM_e159ef8a11797b4e726448f3139eae35,3,4
UCM_e2fdcf4a2ee6eb437e4b044587e832e5,3,4
UCM_e4a1b3275a3d5e069a64f491c714647d,3,4
UCM_ed7d04ed11b7966620de1e79e81d9279,3,4
UCM_ed87e9dc3adff4bc745f20f4756402cd,3,4
UCM_ee34e578c7331d249fe959bebd1be94d,3,4
UCM_f256cc47ed53b7f0905b945edd11c3a3,3,4
UCM_f3e01da107ccffcd9e3a7ba87f2662ff,3,4
UCM_f444d54b758d6d4c6afbd4229ce86b4b,3,4
UCM_f5f67c1dd4ed92f121e58a2d6babf7ef,3,4
UCM_fb43013e8e9ff594204d9e9cd4798b7a,3,4
UCSC_00964acace2bcaa84eb92ad430c9598f,3,4
UCSC_0237aa3f9cb167da8b90defb3a5155cc,3,4
UCSC_041a5c43fcb3478896ba3b3738fc81ac,3,4
UCSC_05048af59eb3b1fba4f5ca19678431a6,3,4
UCSC_0666c09fc29b800d61ad1ede8fe632ec,3,4
UCSC_07309065900f65f5ca0652410258aa7f,3,4
UCSC_084e79e9a1b0a62ffd0adfd3e9668865,3,4
UCSC_09235b0da9c2ee19118b7d9947b1e90a,3,4
UCSC_0a1b472f2a610346d01e76ff6854b64b,3,4
UCSC_0af4ad0f68afbb749517eedb615d8244,3,4
UCSC_0bb92cf69c4332317befb20d3f4fbd29,3,4
UCSC_0f6261d287ef82cbe9167fcdf494b287,3,4
UCSC_0fbfac21074f46e06367673fd662ef96,3,4
UCSC_112d4ab53aba708db0c6e46d6b42e8a9,1,4
UCSC_11912db331e9818984e790516f395a7e,3,4
UCSC_1408d76177a2e24af298ad7a52120262,3,4
UCSC_1528a660497d59c5c334e8c3c1989269,3,4
UCSC_15cc0255d75d3e3f7755fa519e7cf493,3,4
UCSC_198adee90d7f20d86ff8d88d1fd1bd90,3,4
UCSC_1cb33ceb88c001adab07713266e07f46,3,4
UCSC_1dd19b44513013c91fac0f00a71046a3,1,4
UCSC_23d0bfa40702a6d7e10b3b44331b88e0,1,4
UCSC_2635b6108e1912b6edfc088a902ec829,3,4
UCSC_26525f56da9f6ce34bde1ad98a451366,3,4
UCSC_2b2ef37df727f2295375b86d2437bf64,3,4
UCSC_30d993aa35eed3df7e731bd50097db31,3,4
UCSC_31ba492478ac41a13a88051228083608,3,4
UCSC_329db98b9756d94e52149aeee218c54a,3,4
UCSC_35ae025d23f6da8c92702106a2646c0b,3,4
UCSC_35d4b6b9e1cc9f55ced6df33ed7296f8,1,4
UCSC_36f1f67405f7d4d65ca53292d0964117,3,4
UCSC_39c0df96aca1eafa197f9c06fb81c105,3,4
UCSC_3a74ea329e68b7517e23e9f73c62d41c,3,4
UCSC_3b0b629b7da2b9132771633aa1b0aa7a,3,4
UCSC_3dd3f1e57bd3dcc3b8e365b986a76948,1,4
UCSC_40679f836d7dda45ed0fe974a4ec3e49,3,4
UCSC_47a7e3f9ff5989d82a2728696aac1187,3,4
UCSC_4a4419314a9b2e2efb057226dc67ba3e,3,4
UCSC_4f830b790bf715e7f27d487ee4dc99fd,3,4
UCSC_5166761cf72307a7e078ba14b1234227,3,4
UCSC_51c45c837341f676ad27f2c5727092bd,3,4
UCSC_53df8cc696b1c6e42852a51ed1314208,3,4
UCSC_54e3c7472885739a9d549a375a6691e6,3,4
UCSC_5cf8c3ec83a1f779779d0573243d2ca8,3,4
UCSC_5dafcdda0e0f0e8af0ac867fd6e83e98,3,4
UCSC_5e21a8d1309099ee4cf16f3870aee19f,3,4
UCSC_5ed35d7f6df4f8c7c673efbdb22bb437,3,4
UCSC_621f75042e8c896a758070e09eb43e66,3,4
UCSC_6396dbdabf0a17c0002fa3268f62b932,3,4
UCSC_63c9ad1f6b2ecd011620af488738e9e6,3,4
UCSC_64bac4c43b0d2897a6111f8a59c3972f,3,4
UCSC_6754cfdb86907b2a363ae70ff6fa84ae,3,4
UCSC_6e55eb6f0a4df39be3798199126e1f5f,3,4
UCSC_741e813aaf302bd5ef86a7704ea4e899,3,4
UCSC_74e5d951d12778e7967e0136924d6abf,3,4
UCSC_75886d47304dbff90722a2ec878c6d9c,3,4
UCSC_79c695efc0e54ae39b61c6ddf19f76d6,3,4
UCSC_7d9cf3b218f29a5862e0b1c5439c2214,3,4
UCSC_80865783313e1eac0ba26eeda30b82cd,3,4
UCSC_819e696537de89bbe182c25619d9f6d6,3,4
UCSC_84aca7ffbe80c8e702a37d6c9633243e,3,4
UCSC_87ab5a1df3fea05d00ae4769850ad444,3,4
UCSC_8a0713e5ed1290cfbb6f894028d4ce7c,3,4
UCSC_8a3c601ac401a57888e2e760f1dc2ff5,3,4
UCSC_8cb48b6edd36dd3ac041c220efe81858,1,4
UCSC_8e569c2f536b2916e70be163f3cb5a58,3,4
UCSC_9241a12f6ed35e436f38c150c1cc5d9a,3,4
UCSC_924f2cc069080042a7e042e6f360874a,3,4
UCSC_950e4261c55fc7de295b8816900b4aea,3,4
UCSC_97458659dce729c0297326746a4b7360,3,4
UCSC_9a8173b1f73dbe99ca9a5535e48fe54b,3,4
UCSC_9beb7d8e57387d8d4922de4fc7655b77,3,4
UCSC_9c3597a7b68a859981dd708237ec2bf7,3,4
UCSC_9dd9313af26246573becae5418e3e097,3,4
UCSC_9f7e399fa50430f111c5eb5ee2a87389,3,4
UCSC_a02588d3b3d8b0660994ce00dc91ceee,3,4
UCSC_a04f4364908acfd1c843e286c0fc265e,3,4
UCSC_a1a8ab2b6e193702c07c6653a05cb98a,3,4
UCSC_a2f0d7b587fdc4b7324a1ceb96a60d23,3,4
UCSC_a3d4512b2270fbf5893fbd0695122300,3,4
UCSC_a4ef3b63eb3a29820be6dd432a673c4a,3,4
UCSC_a67728ba6f61a8c6f7b987d793a25211,3,4
UCSC_a6ba1ab4a03878ac89848b9e4fa6f8d3,3,4
UCSC_ad162edf351a33efd86ce9aa5692fd04,3,4
UCSC_ae434f98f0e7c04e60cae3e94b8b2551,3,4
UCSC_aea8599670edf5f5586b7492a7ccb170,3,4
UCSC_af6939115f019b19866970b1efa055c8,3,4
UCSC_b133604c2f45192eafa9abf935682125,1,4
UCSC_b1b32ab1b0e57ae3b828636112e835cc,3,4
UCSC_b65ee5dec11f21861d3a3daf3b586717,3,4
UCSC_b68fe44a73f2fd89cc8da962591270bf,3,4
UCSC_b8750f57da2a82eb053e5e590bd5c2fe,1,4
UCSC_ba31ad516be8210111ea3be3d2dfdfcf,3,4
UCSC_bb1d6e5b6242a8e154f9524b41880e5e,3,4
UCSC_c42260d144c5c36800d1b0df93c4248a,3,4
UCSC_c658fc652d923296a12327fcc142766c,3,4
UCSC_c74ceffafe22935d31155c2b37efac4f,3,4
UCSC_c866fea58296d848ae7889703f26b88b,3,4
UCSC_c9d1adde7bd1d1bc582df59553a43122,3,4
UCSC_ca97e807115aac2e8403e7286a2165be,3,4
UCSC_cabce1cf8c8f34f52dd99b5b85a15336,3,4
UCSC_cb061a75a9a3f68f65911462c099b90c,3,4
UCSC_cea97c04a9a76d34b50a2efe5f8ff295,1,4
UCSC_cf50c34d5b2e0f2664444a1ef6d2a2b1,3,4
UCSC_d319269d40b4f942c4ff5936d228ab4b,3,4
UCSC_d5897fdcc25e53b32cf3f2dc797768fa,3,4
UCSC_d793f7841beaff8cb1904d9ac96b2170,3,4
UCSC_d82ba5cec7b176491271437667635f52,3,4
UCSC_d87cf9caa421b9f1506b3bada0a4d3b4,3,4
UCSC_d96e63b5bcb744f160c2a6faf6b98e7a,3,4
UCSC_dad940ec1ed8c08f7a2364c381bcd228,3,4
UCSC_db1c442a5096d252d30017339635d7b9,3,4
UCSC_dbc1ae89f0f4b7788dd201de2597d72f,3,4
UCSC_dc934429598bd230f1d517097fc65f44,3,4
UCSC_df60e3b92aab0fd86548d5e253437f93,3,4
UCSC_e1a7b9e5338afb100cea632161b0358c,3,4
UCSC_e1ab8c9d1b1d6a7765e015b4785ff079,3,4
UCSC_e3291ae6b6313b98dae9c63a7e2f3a4a,3,4
UCSC_e416a2bdeac9e5a2b3d83a8cf6638b3b,3,4
UCSC_e755050bcf5731a2eba8357f342113f8,3,4
UCSC_eb5e57371343b0db313dd8b78ca58527,3,4
UCSC_ecac7a1fd53bb17d9fd1b8b3c1b52048,3,4
UCSC_ecc9e986e536a62aae9d3feb99ee13ed,3,4
UCSC_ecfd1c9b752e1ab86c626b4cdafbe2f1,3,4
UCSC_f0e0cae46e78a50decb6a7d5251e7b75,3,4
UCSC_f24aaec427154a1dc0adba946d889eaa,3,4
UCSC_f4faeec0bba15e6b4e65d3b0fd2e9f1d,3,4
UCSC_f638f8b85d4ab050a8d4aa17aaf345f6,3,4
UCSC_f7dd49e8c4b9f4677bfb6570cfd8c33e,3,4
UCSC_fd873a5f630d857cd1e7ef0f6923fb25,3,4
UDD_25cccec3c1085ffb3c785f673b01c8b5,3,4
UDD_29ff79e3216ce992e221dd8f3ffb5a6e,3,4
UDD_7c219465100d3dd7eafe5045054c35d9,3,4
UDD_b6b71f4f064fb53dda654141ad15db22,3,4
UDD_ea5e547ea0168fc4b313d465642e04e4,3,4
UDEC_0b1fa3b37e64c3fdffc08ff8b244d8f9,2,4
UDEC_0b8807e0acdbc3194e27624a9a6d77e5,4,4
UDEC_10da7336d47f09eef0eae3424b603eca,2,4
UDEC_1b1c8ea999910d1c26e4a9f9bb40cddb,2,4
UDEC_27848758d4c19d3c35106643c6f47b0e,4,4
UDEC_2dfd7ef931b2c0d2f1f72a7b4b6877b2,4,4
UDEC_3e5eee21a8e59968894ccf5bcf1caf93,1,4
UDEC_4185177e78d595c94910aa3ffb96f53e,4,4
UDEC_46ec2fd597e8358a0748a839cd541052,4,4
UDEC_4d343759aa0f4973b778e1695d0a380b,4,4
UDEC_4eed2109ce1467b035f4e718555295a9,4,4
UDEC_56bdeff827790508b4f2a7d026cda125,2,4
UDEC_64201e32a4eddc4c7bf3a8ae3259eaf8,4,4
UDEC_65a57fd1ca10ea49b340c6d53268b37e,4,4
UDEC_69f7859aefd2e9e96e28d55ebc504f1a,4,4
UDEC_7061b76fe9ea161b7eb18fd2e93cc8b7,4,4
UDEC_7498ef99e1057048ac40900aab4c332a,4,4
UDEC_7fe0c046bf8b2c88ec83db75242106dc,4,4
UDEC_85ed9a043f58891efc6e663092aa24cb,4,4
UDEC_8af6ed66aad682e1769a3f26e7103096,2,4
UDEC_8f755ee5e4a40673652812a27e3531c6,4,4
UDEC_91194368216a0dfed66cfaeb34a7c55b,1,4
UDEC_941419dd0b7d9c41bdc6f58ba8372a82,4,4
UDEC_9478a5c51d420c7abd392509f8357ffc,2,4
UDEC_a42aa21a7106a3d4df94d22c4337c8fd,1,4
UDEC_a8ddf5e1679d1aa6ecc2be6fc41121d0,4,4
UDEC_bce52b4c2a481df79406225194bdb56f,4,4
UDEC_cab33ba488563dfe98d07e92c22df0cd,1,4
UDEC_d027f1f859e22894f8c9f38e494a34f5,2,4
UDEC_dac3db1883ce8cba57b6f93e0e20cb27,4,4
UDEC_e21ff798c43abffb8730bd03c96d009f,4,4
UDEC_f240fc86f4671ee694417cf37557fac8,4,4
UDEC_f72f3aba9feea55af86345cb492a96da,4,4
UDEC_f9e32bcf23464578fd6bc2b9c6fe604e,2,4
UDEC_fab7794d62fb5256fa59b1e0e309006a,4,4
UFRO_e40c08e4e320afaa1ee4246e78a41392,3,4
UMAG_00aeec0b655d260a079cffff405abe00,3,4
UMAG_043871f42d2fb25f7b4737444624b19c,3,4
UMAG_0706911dc7add63b946ce782ebce59a8,3,4
UMAG_08cb109875f9036c2f89ea58b52c7ce1,3,4
UMAG_09c5df25161876f29990f7539575800c,3,4
UMAG_0a48c4b720cddd10788b2d2c273f4166,3,4
UMAG_0c9724c7c9a097950697d5b7397c6032,3,4
UMAG_0d38912ba4830fa3fac5395fc22a7c29,3,4
UMAG_0e8d39889c598fc191d7d18e0d72d127,3,4
UMAG_0f16fdc69eae0bf5a083c623c4964ae9,3,4
UMAG_0f2deadcbf23b4efa11e2ab9d7318e6e,3,4
UMAG_1036989861f9576d2e3be7830941d454,3,4
UMAG_123692a527bcf0a35171e8e74498c070,3,4
UMAG_14dea77148e6edf9757eba14460cde78,3,4
UMAG_1527397cec0d0f2b48914624dd2c6b3a,3,4
UMAG_152e5d3be869f4d59e0ace7e5ee9f0a6,3,4
UMAG_167ad7e2863bdd7b7b773ec7614e2edf,3,4
UMAG_188baa109da49094f2e973ab7a280e3a,3,4
UMAG_19a1bdf1468334efb85ef0f885f4a785,3,4
UMAG_1a208fa283fdf81051bc4f41f6bc94ad,3,4
UMAG_1a57c5de8f71adfed2d825bdcc08326f,3,4
UMAG_1bb461988097baa6d085e8365c9f4063,3,4
UMAG_269bcc246f25ea5402b7619d91130059,1,4
UMAG_2aed1ac64e08f9399f0fd89fc24f2670,3,4
UMAG_2c9f39d47c7cac00f13b338e2933f759,3,4
UMAG_2f0897c323ba32320274030adbb56e48,3,4
UMAG_315d38c265ceae9c69a5dcf0e6881855,3,4
UMAG_337c3a89b5b1145af9bc85c2cd9b6cba,1,4
UMAG_33f636d18b6741a48a478a846264a230,3,4
UMAG_3693b6a6ee74ad28286b3588d41a69db,3,4
UMAG_383ed1346bb13c4eb15670f0f34cc996,3,4
UMAG_3a54bde2f948b9bc0381e3afa6055226,3,4
UMAG_3b764aed14dc280e123c02cda1dc53b5,3,4
UMAG_3bb248f277ac82abd58f1768d1e0329c,3,4
UMAG_3c67fe817a5d9571f8120425f6a46bc0,3,4
UMAG_3cbdeb246541efaa004d8119c515e8bf,1,4
UMAG_3cc3c1aa037f7763ff9c84ea0a7ac98e,3,4
UMAG_3d6dd5a440881fb22589c069f051ec90,3,4
UMAG_42cfd442d8f186c1e09dea5fb9a53c3a,3,4
UMAG_42ed15d171fe87a965eeb8bc3f86b772,3,4
UMAG_46fde817c987a1ae3b4af944276b94af,1,4
UMAG_498c60091e886c61ea77ffd7ed9f96fe,1,4
UMAG_4cfeb3890c81515985d0f7d2a77b58cd,1,4
UMAG_4e65e65fed1f567910d7725d40021397,3,4
UMAG_4e7afd65e306f7f0d225d20c18fc4362,3,4
UMAG_4f7b13d7d9ab184a54c8188d2cc47363,1,4
UMAG_53d72f8f39bbd144b6342e547fa96b7e,3,4
UMAG_54170683279bf2eb6fc95d6f0031d82b,3,4
UMAG_5446bafd01460838be2ca85b8df8fb8a,1,4
UMAG_56be8a0adc359aa9ecf6fc01f98cc052,3,4
UMAG_58b08912aa8eb3c204bf13caaac78ff9,3,4
UMAG_5a2220c23ba36be54be7c665f536b1b8,3,4
UMAG_5baaaec345a5f9d49470eeed9219ed34,3,4
UMAG_5c47c6e37ae977781cb0c115d70af7fd,3,4
UMAG_62d88123b732b62272969e9f3f35d1aa,3,4
UMAG_655589be3c4c64e82aaa56a38e51b97d,3,4
UMAG_662e402e98c92b2bd4e4856cceb44b26,3,4
UMAG_685eb75ebdf993dbb8ad83f9d2b73bc8,3,4
UMAG_6adf196a0b260d94bb2ea3d6cd8040d8,3,4
UMAG_6b7b89103fc9a63dde8a35110cb08efb,3,4
UMAG_6e75ec8d54ec3d4f26f83549e05e54d0,3,4
UMAG_7000538d55371f7e8595a68ec2593dab,3,4
UMAG_71044e1b0aeb6d0a73af363b4b619aeb,3,4
UMAG_726b13ed6964678b9acb22dc0e9f9cec,3,4
UMAG_7305f38b988dd0b8f018cae288c5bb96,3,4
UMAG_73c850f3e9a6e24c109cf1b512ab5cf0,3,4
UMAG_74452e8c2f260a8ce6d40cbf033f4cfe,3,4
UMAG_76a857550b2fbef22466468f5314fd5e,3,4
UMAG_77a28d99ebb890e21787bf35a3fa4e74,3,4
UMAG_797d7c4cd64211fb9f5707fc207c98c0,3,4
UMAG_797e3bf2ced7bee91ca1e3e7256ec24d,3,4
UMAG_7aceb9babb021adc5a6ad22290575c4b,1,4
UMAG_7cef8ec5e6d7771514ba41086b88c574,3,4
UMAG_7e1e89b2fab98adc3196e50c7b19008f,3,4
UMAG_7e232cd2f61761b158bb6d6791b88862,3,4
UMAG_80185a78679737c276a11534a4a134ff,1,4
UMAG_841502bf692d8d108a80195e5d501d71,3,4
UMAG_84750fce30fb28ecadf552e8e97c2687,3,4
UMAG_85169ba143db32e391b8f4c9a998a638,3,4
UMAG_8535c3137844e606193089986d30c384,1,4
UMAG_8550b6f3f92cb5e558fb7e36e101d6dd,3,4
UMAG_85a7296d7e2cffac496e0a4a58450868,3,4
UMAG_889eea03bd0b91f26285a70587373b25,3,4
UMAG_8bed039ff5711bd09ab89795fd985c26,3,4
UMAG_92ef6583bd56df1b9ae9d2108d67e252,3,4
UMAG_930852ecbf9d1581f3291ee78aa40578,3,4
UMAG_96acbfae9b8146ea8957a693838458d8,3,4
UMAG_9bc58014d0c52a880174f68557314b7d,3,4
UMAG_a50862ae465d16cdd54f3ad4e1edcb1a,3,4
UMAG_a6d6146fca9727a05c8ff97782d7269f,3,4
UMAG_a993fa0b146d8e20691e0f1c1aa115a6,1,4
UMAG_adf903f70a7999d4ea1133b130e97c41,1,4
UMAG_ae2b6a778f6ef2749c77ce2d35e9fa26,3,4
UMAG_b04601efb774d5c9d3e1605906522bf5,3,4
UMAG_b2ca67685928db2390e07563dfa724c7,3,4
UMAG_b32a1ad671131a9632d313ad1a1ad0df,1,4
UMAG_b6c40a74b9f880d539460c00f548afb1,1,4
UMAG_b81ac2b5685c17fe440a36a2e2c18855,1,4
UMAG_b8bf60f91e1cdbc334f4e8a36c7cf2d8,3,4
UMAG_b9daeabfac48c034bafff1d4890b6023,3,4
UMAG_ba40fe04f6f4a16832e2fca5051962cc,3,4
UMAG_be387cf2e5fcd59565c18174e362ef97,3,4
UMAG_be9ffe0bf65589bd91545e07bd72d591,3,4
UMAG_c595694805852cb2ebbf1ca8135d1aa4,3,4
UMAG_c7763c2349c367a10385f0a9ab0e7df2,3,4
UMAG_cb387c4924d6a273dce717857e2b26b9,1,4
UMAG_cc77a9a235d2362b3dd751f0a8af0586,3,4
UMAG_ccbb6227f51ae5f95a2f142a1ce232cb,3,4
UMAG_d04764eee86a04289dc41567c3187d02,1,4
UMAG_d1b3ed241597dfd2d9afca9080feaac9,3,4
UMAG_d29deca9aa77a39167520d61510cdb07,3,4
UMAG_d3bf60e988a4a5975efb9bbd37e43dba,3,4
UMAG_d47cc1a3350a3165cc40e086ce9f7016,3,4
UMAG_d5667e2b117c922a56d21f50d7210fb3,3,4
UMAG_d5957fad52a52ad70bbfe19af1b48b08,3,4
UMAG_da572556e60db8f46647f541fe8c0316,3,4
UMAG_dd2b6c034b8026feaeed3862e042c202,3,4
UMAG_deb6fde0fd6c1e438a01378bfa4e490b,3,4
UMAG_e67f6951fb50a3c7b20bf1a712be6f88,3,4
UMAG_e71a3e1bfa712565517cffba7451e4dc,3,4
UMAG_e7273bfa8f63390488ecc48b0cf17072,1,4
UMAG_e769703eb69b70887b0b280e87293137,3,4
UMAG_e7b3df8a3d0f24b39b0598856d798a97,1,4
UMAG_ebf47b69217effd5f305b6af24193665,1,4
UMAG_eec48e3a2cc78d14a9a51d877af4e6cb,3,4
UMAG_ef319a373b66fa3563b5f4dbb3eca672,3,4
UMAG_efa5ab4031be0a6986511134a3a8b9fe,3,4
UMAG_efcf201d2369beb8307ded4c3922e19f,3,4
UMAG_f1d52f8021277430ca0e724637d2f75f,3,4
UMAG_f1dddaddca8bfd5640790a45f19c3530,3,4
UMAG_f389f9f0e29070d443a1f4ef36333e6d,3,4
UMAG_f6ab74d0779fd05186924e3f2323dfd4,3,4
UMAG_f88b74f7eaf61068fada0a856b8c3948,3,4
UMAG_fa640b4624011a0cb65c1e7b76e37445,3,4
UMAG_fc3da86633fe82d0b3936070b3337652,3,4
UMAG_fde8c97e3e8e8af2a301faa450c90701,3,4
UMAG_fdf292b62ede760aa85f675320311228,3,4
USACH_08d6f433be1067352155246c4d79bd95,3,4
USACH_11e279148fa37ebc7db18d59bdce7202,3,4
USACH_2a3ae2070f0446afcd0bf8b629ef4961,3,4
USACH_369cc495333827d4559dc49b7c7a22db,3,4
USACH_4fc7a16571868e2cfeb630dbee6d393e,3,4
USACH_73018ee28c4c9b66195d74653de9fa51,3,4
USACH_73c605bc836f07107bc863e226f2b3b3,3,4
USACH_90e608b96e454eb38b942f4293a2fb08,3,4
USACH_ad87979760c819d26a98200ff70ec2f8,3,4
USACH_b2d48c19bddf3128131965a0d9d9ff36,3,4
USACH_eaa3cebef00d091698a0f0e453c31d03,3,4
ANID_00dfe2a624ecab3b5aa03903befbd07b,4,5
ANID_025fa5620c54bec91d3e08fd5d2c9f94,4,5
ANID_0346e6609a02fdfa0e948e23544b9903,4,5
ANID_0462f398d00a99fcbd9aee6c71747ce3,2,5
ANID_066278afea715a58288f9ea5c2a842c7,4,5
ANID_0ac244a9086605f8fea26df3637ac282,2,5
ANID_0c1511af7460108ee7504aa18727851a,2,5
ANID_0d13a1f0489f4e862d75766126cf0398,2,5
ANID_10b06b1c7a060671ccb460c1b3c8c132,4,5
ANID_1257849af4e085c61536fd386d731ef7,4,5
ANID_152d6e55ca15e5e96a694eb8c4199c03,4,5
ANID_16e0dd6be1bee971178062d54ec194b4,2,5
ANID_18b9dd3b4ec63d7d3adddaea4920ee1d,4,5
ANID_1a196d1ba979f99afc44e911bcfc03d7,2,5
ANID_1cdcc27baed90770ad315df5b37ad661,4,5
ANID_22bc1107ce372215b968f91edb49dd73,2,5
ANID_2533f07cebb826b4f105a298f41d2dc3,2,5
ANID_2563bbec0ecb396e936179fe31b0c1a1,4,5
ANID_25fa4e87d736c3bc42e040e6e837d45b,4,5
ANID_2693009ea148f52d2b7794ef4f45bd8d,2,5
ANID_269e9d28962aea9115360bccde27c115,4,5
ANID_2805b7797b3e7ba2266a0a1905879b4d,2,5
ANID_2f0f4bc143206c79207f3519a6e8eefe,2,5
ANID_300cdb8e34706fb420f95963efe6b30d,2,5
ANID_30899a0ade6206208de16ddea10e2e67,4,5
ANID_344be1546f5544669e9d1907a9552d84,2,5
ANID_373c797ee3a4bee8a58bb1dfc8b25428,4,5
ANID_38f3295ef2c0f05f988fe4278ae55def,4,5
ANID_3974e4fd27f7b1f1c0e6c589edd4dc8e,4,5
ANID_3ad6367b4bce0fce2f1db742d7082d0b,2,5
ANID_3b15aadbe175d336f35c7610faac55e4,4,5
ANID_3cbf0c00e4de45fc4dba94e7de69068d,2,5
ANID_3e822ff69a222a32a36a27c07ba79259,2,5
ANID_3fdf6184f216f40a5e75b7ebd7b94ee2,4,5
ANID_442b5167e09103c6ac497ce76161c461,4,5
ANID_47af5e129af870955479ed650495b295,4,5
ANID_4ce72586fca31df42a305357deb99930,4,5
ANID_4e41b557a150510c6277fb6938b1562e,2,5
ANID_4e45f422abe2f913393b39d1cf7f043b,4,5
ANID_523df9f34a0fbd46ffdb36568617a0a7,4,5
ANID_53efa9f0a8eb3a60b5e3bb3aaf709998,4,5
ANID_57a9ac73d87e36acde27c6ff31f410af,2,5
ANID_5b1bcade7def555c48e38c6144602b04,2,5
ANID_5ce90e3632fdc557d6740b9e1bb83549,2,5
ANID_5e534e118b3059d3dfa3e0c64c5ca401,4,5
ANID_6325e888a74d672f1de31be6dbe25f36,4,5
ANID_64e616a285246dd5e24ae1c6705d3050,4,5
ANID_6986ac6c5df118d9dd7ad8d536c7c552,2,5
ANID_6992bee504ef1f8b21174d56e637c70a,4,5
ANID_6ac0f0bc76ee9b4d503e5b7ae41e5069,4,5
ANID_6fa5a5eeaf6bde4830ddca5115e3f210,2,5
ANID_7159f536bd3ef9611f4491ca35814633,2,5
ANID_71e437ca759197f1be751e58ab4569f2,2,5
ANID_7468e4552764582c830b64d927eb374a,4,5
ANID_7568305651f499c3f37ac3de1f01d4c9,2,5
ANID_7bec25c3ccba579e2cfe7b0ac164fd1b,4,5
ANID_7d08f96b0221ac2e3103f4192a4f2cf5,2,5
ANID_7d0f0061cb59e23a4551c2d8b7a13c25,4,5
ANID_7f8cfdecae5bf1fd802fb5c7ba07b34f,4,5
ANID_80a3cb486cd101cf8caef4836405d1ed,4,5
ANID_84b02f419764badab1fdb83683b19bb5,2,5
ANID_86dcb6faf3a2b2d383f33caa01882ce4,2,5
ANID_8c3b1a71749478c4bdf16e66be1a2356,2,5
ANID_8dffd1965e1f4fc7f3805db351677794,2,5
ANID_9006b50ab8b8426a88aa00ee70d82fc3,2,5
ANID_912d0fb4b99dd6be7956100723dd4106,2,5
ANID_92aba56059333431c26c4e0fc277b3f2,4,5
ANID_9635e8962cff5f66f305f39a571d890b,2,5
ANID_98f1db7576bac4f06c124f8f1e6acaea,4,5
ANID_9ed2e2b0062aad59e8de2118578c09ff,2,5
ANID_Infor_0e4dc18eb9c8d5b80cdc21ab77cbb491,2,5
ANID_Infor_12b7c1632b2e42b60e3aaa7a1c1d75e5,4,5
ANID_Infor_1642567f23ffc8add575f86606891dd4,4,5
ANID_Infor_18524c00319ae17c43d103a83f576462,4,5
ANID_Infor_306b472bfa31f549e2b5a480507b085b,4,5
ANID_Infor_3a2d0a93544a0e64c19f1daeb4abad5c,2,5
ANID_Infor_4107284e2c9becb4e3b84b02445fc0d8,2,5
ANID_Infor_4191714c707b14cb8aabd3d9a00a717d,4,5
ANID_Infor_4ca3f26abe4f9a21b3cb428c1eedd148,4,5
ANID_Infor_5cb3995c0ad8304748ca7e66e1134dfa,2,5
ANID_Infor_670be884d10edf27f9a708611f59eae1,2,5
ANID_Infor_688458dcd23cf091cc065083c0716be7,4,5
ANID_Infor_71e705214d4a67e31358373e920af3d6,2,5
ANID_Infor_7449b64b5de076a73e7438da8fae748c,2,5
ANID_Infor_77c4cb35f133582c7c060e609072b23e,4,5
ANID_Infor_85729c0f4b4851b4f861a4270b4c24a7,2,5
ANID_Infor_858c29326e827ce92eb03eda66120f33,4,5
ANID_Infor_899c535bc799383ef03331bed4c4ea7d,4,5
ANID_Infor_8f497265a79c67ea49a68c5b47c1c969,4,5
ANID_Infor_91ec8ebff3c7dfbb4fa85ded892c6fc9,4,5
ANID_Infor_9bcb34af2869e93b977bad19a879309e,4,5
ANID_Infor_a4e072b5fc3c8dc745253e844330f2d4,4,5
ANID_Infor_a4e3040984b0a47f30258c494ed302d0,4,5
ANID_Infor_a77f02560ba322fba5deb93991af7e27,4,5
ANID_Infor_acd8c7be3c53f27424e03ce60ff0daa8,2,5
ANID_Infor_b3ab3bead2b05ed037cf39591de2dacd,4,5
ANID_Infor_bc11a89554e9c6bc1025522777f0b73e,2,5
ANID_Infor_c841c7777d923d7abfb2bcad3a168bfb,2,5
ANID_Infor_c95470af927f69fb6f35c82af104f77f,2,5
ANID_Infor_d1743f4c1f6db5bbd8d7da0d4e27ff69,4,5
ANID_Infor_da964d12801999d36006d8e543db9601,4,5
ANID_Infor_f8f518c988c0832cb1aef984b82ef748,2,5
ANID_a3dca77714b757527e81a3c59e7cf14f,4,5
ANID_a4c6a0642e9ddef6471585da99ceff5b,4,5
ANID_b2b83c83b2ba5ffc7ed4737bc7f426d8,2,5
ANID_b4db55af3ae3ceb25b7332ca56228e50,4,5
ANID_b7e18cd05742fc0cb54b190612db770f,4,5
ANID_bccb2d66df901203b4246ccc8f118c95,4,5
ANID_c0925d1edfc5bcece55ee4104ae98af9,2,5
ANID_c34a0efa36bb918310999750ba773a79,4,5
ANID_c7a94e75a7156a994c5e2dc82f1dbf56,4,5
ANID_c7c0b80221d05968190764e831bebe67,2,5
ANID_c941dbec3a655fe22132db8919d45b17,2,5
ANID_cb87fb19f93773e6b9eef61f90be742c,2,5
ANID_d6ad8ec76a565696785e21c03792cc8b,4,5
ANID_d7d45b77fd926c55de777ef4ef7555cc,2,5
ANID_dab01b132f58ad5e7a9f4abc9b00fde1,4,5
ANID_db7ecafdc35a7ed0e2792137ad97128a,2,5
ANID_dbb0ceb67fe7c0cda47970c7963341b6,2,5
ANID_dbd6920689ef4012f944635058c29d23,4,5
ANID_de7ed6e2238249ef0ddd66cb227ab032,4,5
ANID_dff7c6b7f97f5231ae10adfe0edd7203,2,5
ANID_e0c0f82b2311038dfebf54002ec06dc8,2,5
ANID_e261b377bb742dbd86a9d8b77dfb162b,2,5
ANID_e55c7c7e26a814d871429ddcc8af1ebf,2,5
ANID_e6411a030c5904ea99ce1bda5b3800bd,4,5
ANID_e8bff29680ab169c7efa911460fde389,4,5
ANID_ed669e84fd0fcdc9343b4453b7d9178c,4,5
ANID_ed7d56de0ae729fdaeb6a09e9582da53,4,5
ANID_ed9b6f1dfc76f56f94f99c6cf9756cb2,2,5
ANID_ef413a30a988e222f2e512e025b75cf2,2,5
ANID_f54cc29aec6fded06506d2cf3be315a0,4,5
ANID_f5522d3a8981e93245725c8374525226,2,5
ANID_f77a922f22b3f88276e58dbb89ef9a6a,2,5
ANID_fb3172ee2117fd2cc47f7f1bb055436a,2,5
ANID_ff2c32142b129a447c0cbf37575eebc9,2,5
PUC_009f87c6c37fa4e1b8611ab3f0a45fd2,2,5
PUC_01276afa8e4e67071d27b55924ab5f60,2,5
PUC_01bd969bcdaa44563646fd5465010e90,2,5
PUC_02193ddf98c3ab350ef422450ec1c9e5,2,5
PUC_0265012e3b433cd72dccd985908b6303,2,5
PUC_03ad6aa20b42235f02398c586f7209f8,2,5
PUC_03c04db8e06d14c605b5fda431f11a02,2,5
PUC_047879722b8e4234ca4e5f2ebc9ed358,2,5
PUC_05ad9c385ec566c61e2efa60e1980a1b,2,5
PUC_05b475c1cc99e6b1f1f6ebf00866757a,2,5
PUC_05b884bfee8dca56b6031cecbdd056ff,2,5
PUC_05ee0758da507f7e23d289ea4b3f42a1,2,5
PUC_062f7196789b42017568cae8c169692d,4,5
PUC_065358c681fc311bfda51d15112ca65c,3,5
PUC_06fc7f01b043684ee5a1c575ab63a5ef,2,5
PUC_074ff5e7df7a68fe5e235931485d42c9,2,5
PUC_09105729e4deaf3da365a3378376fb32,2,5
PUC_0949749ab358f0e509c0fe86d704139b,2,5
PUC_09869b10abdcdd0e9a2696ef7fb19453,2,5
PUC_0a21d0e01efda348cd415107ef97494b,3,5
PUC_0a32bfcfac40a780e0171ae0476609f3,2,5
PUC_0b9d70528419b05c80c124d1cf604ad2,2,5
PUC_0c66ac78084699dac3194c6c5497d9b3,2,5
PUC_0cd6a0ea80e13f0780974482abae8d32,2,5
PUC_0db92961fb86f3f515dde20bb65884ec,2,5
PUC_0de2ea7a1b90da8409b9b79ce3dc5d3e,2,5
PUC_0e7c457f4880b0c46ebc3affeca6915f,2,5
PUC_0eea7251085cb1f64c9587988d1520b1,2,5
PUC_0fde92dcab52476c1da26edfc149a50b,2,5
PUC_0fdf94096bcf8657bfa2702f911a483f,2,5
PUC_11bcc00fa19bc69e064f58c17198bca4,2,5
PUC_12a6be75c8b6f4b1777ff967d13fcc3e,2,5
PUC_12f468766db4f381bc852516f6e4697e,2,5
PUC_1386d4febd971011e621feedf863af73,2,5
PUC_13ad4d28f5cbc5ffdd465ef6bbc5cd2d,2,5
PUC_142bc73c24e43381cfe07771cdbe28a6,2,5
PUC_14ce5f803ebf9d6d2d9c8ff329f825b0,2,5
PUC_167a75a64af733a577df9a07ad00e426,2,5
PUC_19cd89d5dac2074165504adae456810b,2,5
PUC_1aa2816f73bd28c6f84a8c41fbe89341,2,5
PUC_1b62d4ea7e8946490a5cd9fc509b234b,2,5
PUC_1bd560d1e5a61f6ccc08296a63892e63,2,5
PUC_1c74eebcd1d740bf6b42e043b15201c9,4,5
PUC_1d01c6c0cf1815a8d3ac56f7d03ef890,2,5
PUC_1d9e385cc80f57b1dabb5228593a9548,2,5
PUC_1df04718492d1412f572e09bab512f69,2,5
PUC_1e1f6b8e9bb674ae61b31e72a7807df7,2,5
PUC_1e315af5beabd11b2ccabb423a11a0a0,2,5
PUC_1e841cda9c15b47e2b4f50163ebbe5b8,2,5
PUC_1eb3820f3d9c38bb10c690a6c92e6c3c,2,5
PUC_1ed77b1e31e3546a069827aab37089e7,4,5
PUC_2008dc342d3245f36f18cd2e2bf47cab,2,5
PUC_2042d28da2f6ab9b7c578d60f34d8976,2,5
PUC_20aec2aaa2385b1cea9daac8791b0131,2,5
PUC_211b8278c54fb80cb87c9847a97ce5df,2,5
PUC_22041600cdb623f663bd379caf58e722,2,5
PUC_2248450465673f4a343ba1928c488178,2,5
PUC_2275b9769ab99f7d26509690d3a36472,2,5
PUC_22b31a32e1e8fa54d8e66f6c475e35a9,2,5
PUC_22e0352b0a3bb0873f0719ff59aa18a2,2,5
PUC_23625eb2c8bec980a5559ed097d5dd2e,2,5
PUC_236ba762e2705248ce098be172d60353,2,5
PUC_239c1c609aa8ee6767f53613ff50a5cc,2,5
PUC_23b83d53b3c28a5448b2ccc21fa9edd5,2,5
PUC_2405309fd29181a0b3ab5028a9865428,4,5
PUC_2644b7d83cb6981ba71330acb62780f2,2,5
PUC_26d0b58b04eaec48f7ce87fdc21b9a81,2,5
PUC_27c6e66eca012f611d0b9c6730c42e87,2,5
PUC_2855db7893f2c492f1bcf296e62f3345,2,5
PUC_286184a6111e68e096ebcf641454f124,2,5
PUC_286f36d9d9b958b6a430e2d3db08dd3f,2,5
PUC_2885485f21a346b5d48d03e741b00559,2,5
PUC_28b2e8e1be5cc2c2ffde733e926d7b3d,2,5
PUC_296ae46b9b5bdf5e5a609430471b16aa,2,5
PUC_298f2d0b0b5fa8154bc006daabb2ceb1,2,5
PUC_2a3492fae3495f3ba7094f2973f52fdc,2,5
PUC_2b0d72dfde132b3ed8e08cadd6325ce2,2,5
PUC_2b3cbdecf23a8967090529d9beaccfaf,2,5
PUC_2c37e20fe0f520b73836d2ae7c3bca54,2,5
PUC_2cf19007c2cc47619acec75bf6a3ce09,3,5
PUC_2cffbd3c5a34d8a583026e0b188567fb,2,5
PUC_2dbbc613d1d5ada87d0d59d37ebfc2d6,2,5
PUC_2e9ccc17ea0912ade3b6f8d31f34a33d,2,5
PUC_2ee7426712a6e2b30e7333ae4466c8d8,2,5
PUC_2f22f51a77d186b879cc3d81da468fac,2,5
PUC_2f87b11e1bbc6053b01b004bc9a12b1c,2,5
PUC_300f1284909190c3aef3765716f4b29d,2,5
PUC_303a10946d064c9ac804271cd9b7106a,2,5
PUC_31b5fb150006a2f94b3da04bd3952172,2,5
PUC_32bd6cd9b61a5bf48eec15acd0eaaa1a,2,5
PUC_337765fc5942c6cf3fc7a8d1a7fa27bd,2,5
PUC_340811275bd996cd295eacc362eff5ab,2,5
PUC_345e5abcaa9f8d375eac42344d5f3ac1,2,5
PUC_34689fc58c5ed3d123f5da2702b284be,2,5
PUC_347a7b2b33e97d4a90db5d234f5ca5b5,2,5
PUC_34caf3dd62071a032e2346f918b4c557,2,5
PUC_3547eff2784a0a1143cdc4a1f3ce3a28,2,5
PUC_366b4b613d75400e7386b3ddfe23aa4d,2,5
PUC_376f8931cd955c285f1de61d777fc2da,2,5
PUC_386d02fb65abd8bf9a1878ea072acc47,2,5
PUC_3907b8ffeb2e6348132e273edf3838dc,2,5
PUC_392d16984280124b206a09d4489273f6,2,5
PUC_3932f57b6de1fb58392fee0e6208c1f8,2,5
PUC_3940051a89da57f9d137fd00d8165119,2,5
PUC_396bf7494d4e8f8d8e52a434e0235032,2,5
PUC_3ac4c32a5fa78efbfedb49eca0e8d9d9,2,5
PUC_3ad1bdd8343de7447e3a60def348bf4e,2,5
PUC_3c2a4fe4471faa5a8eb3c808b48f932b,2,5
PUC_3c498b0e30b6b03b147f78360e8264f3,2,5
PUC_3c76d8df0f83784bf6911f3e1a1c286d,4,5
PUC_3cccfddd2ba4f3d5b1292d361ddaa92c,2,5
PUC_3d7ed903c4eaa9936384473f91dbdaa4,2,5
PUC_3e11fc1ff48e21b9fcb0bcc0c3e18d12,3,5
PUC_3e2560d6b64ca3973a7ad8dc0a4d275a,2,5
PUC_3ed8a429dd8afba4496c4ca767a565d9,2,5
PUC_3f1691615a5b833c7da3d9af8470c1ae,2,5
PUC_3f2f8039a75079615480bad3747dcd9d,3,5
PUC_3ffea4c65bcebfac5d52d61f8255a47b,3,5
PUC_4004e86e7e04b565b8f8c0e3890c8ca6,2,5
PUC_405d54969c6b9a40a708793b1f5c8c7e,2,5
PUC_40640db7d784f481cbf7d6af1a2ddece,4,5
PUC_4139f8a10d6e7b3babadec320f84e1cf,2,5
PUC_421e326f1a86d4f6853ce77ed63f2402,2,5
PUC_423ca7a61b810c54f1b179805a5ce3f8,2,5
PUC_431968766c9b27335948de33dc5bd048,2,5
PUC_437a55e22a5fbedb760f0c87439f0a68,2,5
PUC_4390dd4eb323747a15a8ff7c2fed50c7,2,5
PUC_43b49ec956a5a0b1107bba4a84a5a73a,2,5
PUC_43c1f33b0ce3b233fe593c52f96919fa,4,5
PUC_4474fa324ce14ae5cf5b742af70238f0,2,5
PUC_44a834054e00aa07dcc619306405cca1,2,5
PUC_45341151eb4d0fa5bfa4ac21cf9e492c,2,5
PUC_455615cb02e6da1f09c251667cfb6cf9,4,5
PUC_45df9f9f990d161898581f50efbd018b,2,5
PUC_460dad84b53c38db2d75e5ce16d9fcf5,2,5
PUC_46b109a32a8dae1479eab45dd06267db,2,5
PUC_47da654759fb0b870dd2551218e77ca3,3,5
PUC_47f2fb0937197b8298f1e099e9a36a2f,2,5
PUC_47f381eace28f354795de360acd4a055,4,5
PUC_4978da6d93c2f33fd5432a887d6f6d11,2,5
PUC_49b720281db14eafe64538c09c569c62,2,5
PUC_49fd405534ca74dadfa6359c2ae64d53,2,5
PUC_4ada0f1d0b05d294eeb69e045a546448,2,5
PUC_4b1871268529df9c9ae0f179b0af7208,2,5
PUC_4b70c0aeb5e6e7ce19ec1775faf938ba,2,5
PUC_4bbd72e30b7444d5bce6682d3d5dbdf6,2,5
PUC_4c5b26df8413b662b8caba916db99b89,2,5
PUC_4c8a64912886a4775c2b9054ab6639a5,3,5
PUC_4d60df4ca4f86b5bc2618dd86dabad93,2,5
PUC_4d7a88a69cb6034c14182f8b79d4a237,2,5
PUC_4d9312b5037589b33545d2de1214269c,2,5
PUC_4e9f878a93fe582f95b97c875a3330f0,2,5
PUC_4eba189f7b2c1f7e5bf4a523b6d66ca6,2,5
PUC_4fbc8946f83f1bd3a515e02cc9499892,2,5
PUC_4fbe58820bfcb545ee13427fdb2d0e9e,4,5
PUC_4fe40dd9a2ad8bd91e397c94c184ce66,2,5
PUC_501f342d3a469a2e5312c417704dd807,2,5
PUC_50219f22f2e635426aca223567341b1b,4,5
PUC_50261b0684ebc43e718acd5bef27460d,2,5
PUC_517910a35ad84d493297eee2416072df,2,5
PUC_51b607ec0f92465df19ddf230fefa079,2,5
PUC_51c9bed2e1dd665e403699c5ce0d9fc7,2,5
PUC_51ffb2d962bc0765bcbd5e60eefe2b16,2,5
PUC_5281bdb6bb38d5a7d9d31f3064252b3d,2,5
PUC_52ffa381cd2b3ac3fd73243bd9bfcce7,2,5
PUC_5343e2a8ebcde4c4c3c60fbb9db5a2f3,2,5
PUC_53ca42986c05f7f9a7ae56ca910f6643,2,5
PUC_5431a273f1c40985f31b0b1722402082,2,5
PUC_5434ce09b64e1a48452d4269b6e047ae,2,5
PUC_544da090bd5cba05d0fff7aeb629e156,2,5
PUC_54ad7ef53d2e7af2fc600ec41c76e24e,3,5
PUC_5502ce1493ec0de143619085572267b7,2,5
PUC_56677c3cebc789d814cb468cd31d31de,2,5
PUC_5701db56b3320a128d29f4690c4c90fd,3,5
PUC_57e9e27eef17bbb23fde9f310c8d02bb,2,5
PUC_5857474561901b07ab9fe7105c9abc27,3,5
PUC_5864c0ba8146b5fda228d0c0942188d8,2,5
PUC_58a16bc22e5a7a6cfdca6275d7f8d369,3,5
PUC_58b687940b2cc7eb8c285a07508836a7,2,5
PUC_58c7821e49566f3ce32a7d53a005103a,2,5
PUC_59447429442f2ac8280fbc33ce11c469,2,5
PUC_5ac744d91b106205577f60aa5ed8ef4f,2,5
PUC_5bcbcebdee5727e3923c974220a5a5d9,2,5
PUC_5c5edeeae373c8c1cf5002d3142f8530,2,5
PUC_5c729fa4f24ce247aa75e2d6d7806580,2,5
PUC_5ca184f9e74070cd9ce05091d37e45a9,2,5
PUC_5db1805aa00eaf27baed4cddcccd0abb,2,5
PUC_5e8689d021e908ff48232ec942f9e2f8,4,5
PUC_5fdcb368617a8e535f37f326f4c3ffde,2,5
PUC_60ee8a72274e272453b22b090f1fe48c,2,5
PUC_61eafe8ef5f81840dae6faaef29e55e7,2,5
PUC_62ada13edd2d41f5a46f824a4f4c649f,2,5
PUC_63122ff25f78f2179a8e21cc9a2dc1d5,4,5
PUC_63985e534f0ededf8b8a25f008051de6,2,5
PUC_6451f984d2bae8b1b63c0bd52ad4ad9f,2,5
PUC_648807c02300491d5bd4e48404aa5519,2,5
PUC_64ae8c33090eb6011566e2f006b5a6e1,3,5
PUC_653b54ea46b2235a1fdce3c88c1cc34b,2,5
PUC_67046c0198f2beef7104b3fd518da9ca,2,5
PUC_6780ef4b79a6f7d7ca9a5f56ca3f1b74,2,5
PUC_685cb565c3d5d557e4a1ea8c11ab61d2,2,5
PUC_6956ba7289f4afdc3dfe65186894774b,3,5
PUC_69ab53b07b57045a011570a8dd774c02,2,5
PUC_6a5c3b9121a6d0b9c31213e66979560a,2,5
PUC_6b172a079aa8874cc45f15293a9e5fe5,2,5
PUC_6c5392258815877d24f40a82535d7b86,2,5
PUC_6d7f37ef05e6bcd61b43006c64cbf5c6,2,5
PUC_6e92c323c634f3d67f09bc1adb48fb05,2,5
PUC_6e94e6ac12fd761cf40242800ebab24b,2,5
PUC_6ecf7d5c5294f3df6fdac5b00f260921,3,5
PUC_6ff14049fa6d6897ca884453809f6edd,2,5
PUC_70237fed41d23164c4e116398d8559bf,2,5
PUC_713af6bfb088e8e587aeae2bd5690ad6,2,5
PUC_716078d50010f80c7400a92a974f6670,5,5
PUC_718e3c9f96b090a0298233f36bd974ca,2,5
PUC_71d14bc5b4d7167c35d4d2f41d981827,2,5
PUC_72c6384f705e173fd297fc87c7e92f73,2,5
PUC_72f9da0fb2d31708672904b4f7f08557,3,5
PUC_736e9fa2df66cf460ea9b6e286fcd4e2,4,5
PUC_744c1eabd316170081bce75806ddfbb8,2,5
PUC_754d8b899e1702d98779a79f78f05e87,2,5
PUC_755944e6973bcbb310c853a85e1bc91a,2,5
PUC_766213407b7255274503873d3f9a1208,2,5
PUC_76657bd4c51a2695be28b22c1e69c953,2,5
PUC_773230003e847acf8e153b071194eaef,2,5
PUC_7780c2efad200d36f7219b5095352e00,2,5
PUC_77c15e0703da2a8171f077ae224e6a8d,2,5
PUC_78424d722b1403d6add2d9ec5b9fa8e8,3,5
PUC_785784d772db82277fddc705ea0bdf79,3,5
PUC_785de2f14153b1c5912d3b7141bfe555,2,5
PUC_7865c8e8957e2248daca66a742e41140,2,5
PUC_790ef4dca3d2a78b913a5498869f1323,2,5
PUC_79121ea27fadbc5c64a0ed366adcf094,2,5
PUC_7b5052cd59f48a8f2a7a2d7468d1c00a,2,5
PUC_7ca9177c5d2041b27fc29933f4bab308,2,5
PUC_7d77c92fbac4739c1cbb66a5c3aa825f,2,5
PUC_7dddd3d6b7548f46bf9033067148c486,2,5
PUC_7f2033b4151897d85d0304e3c0606f0c,2,5
PUC_801834eddad1de0583a974979ed3d2c0,2,5
PUC_809d42698f0c98432adfb3b04997fcef,4,5
PUC_80a56807b03df4a17e736a6c9a6b1c8c,2,5
PUC_8129c09a44d1101232e1497fb8e015e7,2,5
PUC_813bd21f5d4ae3dcba598c42ebf5e1b1,2,5
PUC_8153e78178bc93aba4668e76fb1679fd,2,5
PUC_817731b81910a766278b1cfa76cd90f8,2,5
PUC_81b8ec15fe1ae4b007b71321ba0d5862,2,5
PUC_84894a81444fd6d9f8f9b0d11c8fa069,3,5
PUC_84957a1fedec61b435f2522cf8eadf53,4,5
PUC_84a773d664fcf148093d10fb6939774c,2,5
PUC_853c2bd63c480a9bef96538e9369df4f,4,5
PUC_858536edb0ade9bbd336a44fbad7475c,2,5
PUC_863b77b86ec2c1a6aa19f23f0c34850f,2,5
PUC_8680eb4e6f192251dc3461308ea8b214,2,5
PUC_868b6f3d2df1274e7860174756a6e228,2,5
PUC_86d2528fbab6a35e62748c93769c2401,2,5
PUC_8770f5003d8a29102c406a889a2b5a10,2,5
PUC_880f7fe853f4ae484eca89a6d6eb6930,2,5
PUC_882624f103d7a44b47d11e78ec2a2439,2,5
PUC_8a12698e5580d001c94fe8cbe6a0c489,4,5
PUC_8b68a902a94727bb861fcc94bfb3d0d2,2,5
PUC_8c00b00d6399d433c385b534b78ec325,2,5
PUC_8c03053092d45c3ff5125c5385c12bca,2,5
PUC_8c25bcfb88a18e7c02c2e0f4386cfc34,2,5
PUC_8c84b04e7b6eb2b72b4d40e2a9a1b25c,2,5
PUC_8caa6129c8c92ebe8573e9be042e5b40,2,5
PUC_8d81b90dab7c6917d821240d2740c901,2,5
PUC_8d9aeda49779d88c928d7660eed27135,2,5
PUC_8da0690dbaf08e9296abeb609316e220,2,5
PUC_8da4c412d6ed0350e5e6ab4c90e9a1bc,2,5
PUC_8dcd4f1c402ddae3184d74763d1abc23,2,5
PUC_8e31a58c30315c8f18329e485e23f383,3,5
PUC_8e8d38524c4c1276bf469eb05c54f020,2,5
PUC_8e9a208af2428ef7df0dee48ad0af043,4,5
PUC_8f12b494cccb0664002663e992f4c8de,2,5
PUC_8f7da273e992ad28400f27ab1476c7dc,2,5
PUC_90061f366ddaa2eb2a690d9f05fe7ef1,2,5
PUC_90564401a516c73eb2dccb9a93d0235b,2,5
PUC_90f2898eeb03c1c76093d63063895bfd,2,5
PUC_90f3ccfcba278871c257d031089062a1,4,5
PUC_91a9b75664ad97616c979b081dc855b7,2,5
PUC_924d81991cf05709b265259ee3873c4e,2,5
PUC_92dc17a5702b3216a24752d99c86265f,2,5
PUC_94455c5e7eddd14f7cc587f6a794daa5,2,5
PUC_948214d8f26f82530a7a719364d2f497,2,5
PUC_94da9502d09543566582447b74edfe97,2,5
PUC_950152b7d2e0c012ab650c8fcf786fab,2,5
PUC_954d7c67482515ae1151558788bacf53,2,5
PUC_954f9bb8124814beb0c288ff42c51633,2,5
PUC_958688c4a88f7d006ce8985ede359a45,2,5
PUC_964faf7ca53514feb34f39ae49f991c9,2,5
PUC_96d5fb9746251450956a65f7d46e43d0,4,5
PUC_978906be892e575867771e86690e3148,2,5
PUC_98b938876d2af2c1219f482523c639ae,2,5
PUC_98e3fcf38aa3d3ad071e0721e6a27010,4,5
PUC_99a1a79a2dd9db592888c71fcfdbd243,2,5
PUC_9c622e17c1aa67616b953f07c1eef3cf,2,5
PUC_9c817ce29ddc043e4c538eae0d6ffbd0,2,5
PUC_9de244b4534f28f05231283e80e5bd5f,2,5
PUC_9e156b0f9f470acf36c2f53f6b1ba287,2,5
PUC_9eb253210beaec135df9ad8346c84576,2,5
PUC_9f2bf6848cad32bf2645752288b520bd,2,5
PUC_a05d73983f07038425ca8513d3206e5a,2,5
PUC_a0eb26c8df00ccdc690787a8c512392a,2,5
PUC_a11ec0a4bed6d47e0913ea938f55a703,2,5
PUC_a12e2211a8476a68b704a6092c2a632e,2,5
PUC_a2d79c962f98cdc30f58953e18f6c852,2,5
PUC_a35e08033ccd629e6246fa2e42f2b573,2,5
PUC_a374be8f6516ed859c7e20e2e7d4b26a,2,5
PUC_a38ce9a16fc80d11bfe04e9d2cd62386,2,5
PUC_a52dc053e9a9f01be4f9275cb911e889,2,5
PUC_a6642e39ec0ef2b8bced59ed718cb91f,2,5
PUC_a66492fd44efeea310cef443320262b3,2,5
PUC_a6a71d4528ceaa02442e0c99d4de98b2,2,5
PUC_a7d111262337bf07a5a61fa54be0dc6a,3,5
PUC_a890904e81be20d7c5041e057031206d,2,5
PUC_a899de1b952ad4561996a5adc6232e58,2,5
PUC_a8c3ed8cca5382614ecefc025dc7c9a0,4,5
PUC_a8fc27d52c0a81e82a5bbedd2e869ab9,4,5
PUC_a9f5d64668c82f9fb981eb12251089d2,2,5
PUC_ab66fe69c65e4605248052333a09a2a1,2,5
PUC_ab72eeb9d53fdfb77aa7633ccffb21cd,2,5
PUC_abe1249eb623dd67157e524064d9a2b2,2,5
PUC_acad1a9ce8c8be27937fb8836420e77e,2,5
PUC_ae6d16e7ffb6a16f80375c880445c9b3,2,5
PUC_aecc7a198a99bf11cfa6dba5e0ef7811,2,5
PUC_b021ea4d8d6c5512f2b7db2398a0e312,2,5
PUC_b026a1f202008d9dcf1854559a0f925a,2,5
PUC_b03a5e3933804254e8b366e10c8bff02,2,5
PUC_b1003f0e92f983ce571a923838039a01,2,5
PUC_b146deeb6759ae4e95257cb6ce1c4432,2,5
PUC_b2e71a4e7f861d0af62eb8502b177815,2,5
PUC_b2ecde2b3b95cc0d6e6e404bff1d9d94,2,5
PUC_b4b3d19731a3276a237cfdd7eda7b553,2,5
PUC_b4c8cf9cdf157d45bb32de9abbae603a,2,5
PUC_b585fee29be68eb7857d3d82df8cd6ed,2,5
PUC_b5cb760ac1cf51cbab97dd83da1693c5,2,5
PUC_b844c05c03fe8c7e38cfc40f0b1c7040,2,5
PUC_b8bb59562e1448d16ca0d2b18848edcf,2,5
PUC_b8fed311ea1d2724cd7d8741f1a22db8,2,5
PUC_b918be2d590a72c69e478038a777e903,2,5
PUC_b9641bb362659ee8ddcde88a4a5f5a16,2,5
PUC_b9a1155e863f9f904e954cc5c32430fd,2,5
PUC_b9f610e5315882b8a3dec6a7bf15166f,2,5
PUC_bad3c38bd9a960faf3fec1aaeb0477a7,2,5
PUC_baf77a5ad7733dcac1ea36b92941a132,2,5
PUC_bb59898dcf59a3e524ef93f9f1e16832,2,5
PUC_bc9ffc85fa0c055272a36a01f8480dde,2,5
PUC_be18a985695ea84753002c2b63883652,2,5
PUC_bf32349b69f0f9cfba4db80916bda255,4,5
PUC_c09968b5d7be001388fd670e49bd5f2c,2,5
PUC_c12a2739328108878bfb6ef2e28c66b2,2,5
PUC_c1a7289532925f94bc6e7b223779114a,2,5
PUC_c1ec41b37e27a8e7a0f14977ace08e55,2,5
PUC_c2796c705b5d77b0b4f6df15087c496d,2,5
PUC_c2c87a9136b5f495a1885d2077d2abf5,2,5
PUC_c31f390faa1b0332a0b7e82e1ae4975c,2,5
PUC_c33a74e7a24d1f3782751b102546f63c,2,5
PUC_c4c434f08d4d89c672a270e6bd70f994,2,5
PUC_c5d503df5e3a281f75f70199772850e6,3,5
PUC_c7d7cb5bfa3a04d54f58075a7cf23183,2,5
PUC_c85ef5f071212923943ddfd83289e19f,2,5
PUC_ca516d497eb99be2eb29b50a7bb90cbf,2,5
PUC_caa5b91e207a0f48b56c1be22e78b208,3,5
PUC_cb58e78dd910dd74cc5016a25acbf2ce,3,5
PUC_cbaa75f3ccfb82fdc44b4d6524592d46,2,5
PUC_cd453099739d140445b9853279e03c76,2,5
PUC_ce3fed7be3c3b723359f42bdf3805e17,4,5
PUC_ce9dd2a8a96130aeacd04155c1b73fb5,3,5
PUC_cec9aaa566e613cfbfa1d7218001cf2d,2,5
PUC_cef8b029d5840b8e2c50f229c552408c,2,5
PUC_cf7f96d84f0f9eef24d390bf8adb55d3,2,5
PUC_d10db925066c16df3caea5ac1fb0ca05,2,5
PUC_d1f50448753d1b0e8d56c725d5c37baf,2,5
PUC_d22c9d6ac6933bafb02fc247b73b73f3,2,5
PUC_d33813f41b5eab3da41dab31f5b3cfe1,2,5
PUC_d4437f927b7331d1b94391999cbf1896,2,5
PUC_d4b057996e4852c78bb15f5755b52e23,2,5
PUC_d4d9ba48910cf9cec3960a5dd93b91ba,2,5
PUC_d533100c0761bca5c38a33467f7e1199,2,5
PUC_d55fd803c54f5022558b2407769b2a6f,3,5
PUC_d6492008a8923e9aa467866cc95af073,2,5
PUC_d72d18ced4091b742631e28ff9266e67,2,5
PUC_d756f8af6f0ad122782691027c526ef7,3,5
PUC_d8307f4c613f6ab49547fd3d8d331ec7,2,5
PUC_d8a890e2b7e3668068c02c3e46e4e116,2,5
PUC_d8d332e2f7511fe02992cb245df0e698,2,5
PUC_d956a7e4ebab2de5793d997edcfcb700,3,5
PUC_d999307dc587ce2fcbd2222d43c13e6c,2,5
PUC_d9e27ffbdb0e84ae27b86048ac11b1b0,2,5
PUC_d9f89f01d740ff4b556b35deb5713dcd,2,5
PUC_da9b53550bacc547d9d0cf12e322fdab,4,5
PUC_db8e3b99e9d7405316bbe91b2a8e5a36,2,5
PUC_dc1f762decbbf62c568e4f72c960768b,2,5
PUC_dcbaf1a5e4cc03c004324b9c16a1c28d,2,5
PUC_dcfaf4a002be40902c62f3358b9c3823,2,5
PUC_dd33392bae7a1625277b50a5bc34d55a,2,5
PUC_dd579d3e709bf0afe298f4472ddd890f,4,5
PUC_de78df1eb819d41da2c4ce969cb2a188,2,5
PUC_de9b66a10b39ee15667324a22e644a5c,2,5
PUC_ded559eb4725cb5e6807e789efe9a972,2,5
PUC_e09a3d72cfd709e24aab8515d26c3bdd,2,5
PUC_e120526b9c0e7d5f239ffea39760367d,2,5
PUC_e1e0057240e80ec5fc35faead3c759e4,2,5
PUC_e2c4cb5dc95ed1a9676bf6d757911eff,2,5
PUC_e3ded6c4d0ceee12e6df4ff89ea3b097,2,5
PUC_e40a99362da8976f682c954f18ff197a,2,5
PUC_e489ac590c1afd8b9f920cf909717bf4,2,5
PUC_e5414b7a173650d8a1d9731807a10189,2,5
PUC_e545cdc86b35baf462ad04e5afe45651,2,5
PUC_e57b23531ee0943b71639d5f3ec400b7,2,5
PUC_e676c31dfc56a2697050a1646f5eb2e2,2,5
PUC_e76758cd4c08927535aa2f076bf3f4fa,2,5
PUC_e77aefb587d23c8a8de093a610a8c390,2,5
PUC_e78def53ae3bad1d05772042ea7dc928,2,5
PUC_e796e8092e64dff5b72d4ab82aa10747,2,5
PUC_e7beac9af2d4735b456c4f01ebadbe05,2,5
PUC_e80b90dcce2150ef645955f098b31976,2,5
PUC_e9896592d2d18d3490c4a151f4cb84c8,2,5
PUC_e9d66f7b47283f4a9c5d3dcf40996dfb,2,5
PUC_ea3232736d304d3905762a079cb7cefd,2,5
PUC_ea67cc1d9faa1dcc19f94c65a728e703,2,5
PUC_eadaed9e5b289a84b3b7f5427aeca809,2,5
PUC_eb28da9227e7f583b8a795bb3e420328,2,5
PUC_ebc8c5f59dd8c62ef3b3c36750cde4cb,2,5
PUC_edfada2b9a2fb05e96f13d541e8635d9,2,5
PUC_efcfe7215d1d9698952fe964193f3c46,2,5
PUC_f0e1ca3f2303a70335d4bdea615024f4,2,5
PUC_f1476ecc7d537eb32b53ab24ee19b685,2,5
PUC_f1dd89de7e29976bf3a14bd5366b2531,4,5
PUC_f219d0375cb03559e6f88e42f958baa3,2,5
PUC_f50a3a03c4a3881569ed234e25d62089,2,5
PUC_f621ff8165890f94317084ebfcc4a7fd,2,5
PUC_f66351ed88d19fc070b348829fd1268d,2,5
PUC_f6f618de6edc0a37e1c179c03485643d,2,5
PUC_f72243e05de917156322f2457bdb5d69,2,5
PUC_f811372e859770ea6bccf08ae9f5660a,2,5
PUC_f903e4b2d2f12949c9b674a033773e88,2,5
PUC_fa776b4900e3e0b36102f72b8ac543dc,2,5
PUC_fae5527ba747b1235aa90599bb7a67af,4,5
PUC_fb535fa01a3224c2aa8a8e51a06f14c9,2,5
PUC_fbb6a6850910eeb105f6679fd31adfe4,4,5
PUC_fc59773236d887a5b20d3018342e2d31,2,5
PUC_fd1470491c4508f3bff075934d0a50e3,2,5
PUC_fd2636b3f97552841822e4627dade565,2,5
PUC_fdd6f3d569fa16fe8df50db2ed7c0813,2,5
PUC_fe1d249c265b77c9075a75d1f10ffe80,2,5
PUC_fe364ef374e506f66d3d516569161bdc,2,5
PUC_fe56dc365bbea05cd4ea356c22a5af21,2,5
PUC_fed4866c9f73861cb11370f6fed01994,2,5
PUC_ff1ab392d24896e8f62a5140e8101c4f,2,5
Repo_ANID_0221f747b882c6695365f644ef648780,4,5
Repo_ANID_04a0aeeb0af268adef0602ea26657b9b,2,5
Repo_ANID_057a759165a94ef2122b730ac79c9d3c,4,5
Repo_ANID_067e84057a07336b41111851fa6fed9b,2,5
Repo_ANID_07fbe72a130ec9ddc2a42a3ebfe7de2a,2,5
Repo_ANID_0816276d8ab255a4082f39a1e7a62b37,2,5
Repo_ANID_0a16ec759f090c0a2427b61384fd1525,2,5
Repo_ANID_0ab6e875974cf5d74e8aa948e8966e30,2,5
Repo_ANID_0b74f3540ca99a2712b18f930b06ee40,2,5
Repo_ANID_0cc4422636930f34a431478d2ae2888d,2,5
Repo_ANID_0d49e6f2edd5be3fb8c2b448970f5a7b,2,5
Repo_ANID_0fb6b2a093c85ae29922c1a0da46f321,2,5
Repo_ANID_154eb8f8e0cb156a9cde9eea57417542,2,5
Repo_ANID_15ac63522915576cce90edf9f4f66ad2,2,5
Repo_ANID_16bd44c4b0aa044ec0b1f3f9131c7dfa,2,5
Repo_ANID_16d997d559b69e57852a15398248f391,2,5
Repo_ANID_173bfb2b35d1f53eb93aaabb3d4d951d,2,5
Repo_ANID_17efc5d056f058b6854ee83f656815f1,2,5
Repo_ANID_18eb23d7bb304a1be0ff67dbf83e32ce,2,5
Repo_ANID_1a4e664b36d6f7fe6589ab79fa71693c,2,5
Repo_ANID_1b5f1cc4b2c363e0ba4ca63e6d5458f3,2,5
Repo_ANID_1c58afe426b77be4ace37af62549ab87,2,5
Repo_ANID_1caa89829afb7837f150b8271edd0810,2,5
Repo_ANID_1e8b856b0a79336abdffa8df3e3cfecf,2,5
Repo_ANID_20b08fe99d5e2494df02340b8c99f9b7,2,5
Repo_ANID_2112cfc02bad959eb6b7ead82f693e88,2,5
Repo_ANID_22642329e7cf02ce7018f61bf05b2d14,2,5
Repo_ANID_24521ec851255956e17b237187171e0a,2,5
Repo_ANID_2a2c4c04148473d110a2a26be0f6a5a0,2,5
Repo_ANID_2e7d83473e220906344ab14c5a7b987d,2,5
Repo_ANID_2f773a3c862c3b9726deef73c58bf21a,2,5
Repo_ANID_3321088d04fbcaf9753bca539723cc5b,2,5
Repo_ANID_3321e34c10c5c6c0de38b44d5b21c395,2,5
Repo_ANID_3473e7811f86387260d620dfe6d40278,2,5
Repo_ANID_35c8d7612b8eb141a46bd16f1c27583f,2,5
Repo_ANID_35d186289bbc5e2c7c1a436780f39aae,2,5
Repo_ANID_364d35a35df68c248dc8b79e8dfe9434,2,5
Repo_ANID_371243fcfd5de56936b856367fb921c2,2,5
Repo_ANID_3897c95ec47ae1d59273d271e43bc9d8,2,5
Repo_ANID_3b12d1813d9c2b004074a126f0e1b6e1,2,5
Repo_ANID_3b5f4624fca928a5ada7f2eaa2fe508a,2,5
Repo_ANID_3db2eaeae6b085572cdbbc8237bf4c54,2,5
Repo_ANID_3e81aa7702935cb5fc27b601aa7a1efd,2,5
Repo_ANID_3e913bec028b7f9da478e71a3cef99f1,2,5
Repo_ANID_3eece70479076d855d69aeb3852bb4f2,2,5
Repo_ANID_3f47a2c3708ec2c4abc1263e280a3655,2,5
Repo_ANID_3f86b6a09d591cfa45e92ad2a68f5edf,2,5
Repo_ANID_41076f6dc6c673c65790e84e9c7eb8e5,2,5
Repo_ANID_4585f133c4851cf92ba475036259599e,2,5
Repo_ANID_45ca4e17e1f8b44617040868809d2394,2,5
Repo_ANID_48c5aa4e9e4c845b9f983b77146234c0,2,5
Repo_ANID_49249a1d975e1aeb38d8e7397ea3207e,2,5
Repo_ANID_4997ef98e623050ea8f67c5cb835b67a,2,5
Repo_ANID_49b63a64ad4d873eeaee16665f804090,2,5
Repo_ANID_4b908f4636db9b48b6d3fa0d8525eb96,2,5
Repo_ANID_50ac9138fdd378a4bf8bb1c117da3aa0,2,5
Repo_ANID_535846a8d4e38e294deb04ca40c19738,2,5
Repo_ANID_53c398deb76e86a79bc7b0ab82bf86ae,2,5
Repo_ANID_55dce46d87d43f831737e9a648549eb2,2,5
Repo_ANID_56a8fc54703a00f026793f2a1bd6a345,2,5
Repo_ANID_5833097a3c7c962c936faaef36cf0227,4,5
Repo_ANID_58e29a03f66904030a8fe05fcd054510,2,5
Repo_ANID_598cf0ff6b04995ae66a7e18fe8714f7,2,5
Repo_ANID_5a10542a56e8ed272ac48cacec805077,2,5
Repo_ANID_5bb185f24fe79be6dc25693d63fdbf74,2,5
Repo_ANID_5bf078ee62ccb4323674ab653dd9de0b,2,5
Repo_ANID_618ece0b103090750470713c2b13544d,2,5
Repo_ANID_63d0b0a8930ef947b2723a2780847e1b,2,5
Repo_ANID_64273d30102e1761e6a5592294831eca,2,5
Repo_ANID_64d0ae0120f9629565338a3407587100,2,5
Repo_ANID_67d181538a75575194db2c8f961a5593,2,5
Repo_ANID_6a522bacd905e4a6e29ced6cd93626bd,2,5
Repo_ANID_6cd9814a6d985f6d34b6287e064fbfef,2,5
Repo_ANID_6d8cc8ae2a6414e699b5d9f1ad0372c9,2,5
Repo_ANID_6ebc5a29c0b014f4414f6a8e87490aa1,2,5
Repo_ANID_6fe6e52c5e1cadd209ea373d31f654d8,2,5
Repo_ANID_707e132ac2afb9dfe1a0927ab713703c,2,5
Repo_ANID_71374736ba0bcb857869ef951b3c2af1,2,5
Repo_ANID_71f53bd049325549318ee34b7c517049,2,5
Repo_ANID_7288f6ddbcb48894d508550d514aeaf4,2,5
Repo_ANID_74a5c0491afd28d03c030dda35c18f41,2,5
Repo_ANID_74ff2db01a5bfa5095bbaf48480e2f78,2,5
Repo_ANID_773a1ae20c35328fdf20c36fd60ed9dd,2,5
Repo_ANID_7754cff5b201844317d056d526053ff4,2,5
Repo_ANID_7896f43a0e6026bba0a6b6f395597616,2,5
Repo_ANID_7d56354e88c43aad21ddaee656fd0e82,2,5
Repo_ANID_7e82871fe855673f2473fc06fd967c8f,2,5
Repo_ANID_7f95f6217963777324e27029a1c2b5be,2,5
Repo_ANID_8111060efa0bd22136c8e4d339626cd5,2,5
Repo_ANID_88b85d0752f619b2a80ae9c0b2a7e842,4,5
Repo_ANID_8a120ba66a5f3bfe075b4c60b5e8b385,2,5
Repo_ANID_8e0ab3166881a7068bb086fe9d072b54,2,5
Repo_ANID_8edc95ed32eb16e168737af585e043da,2,5
Repo_ANID_903e3499ec80e9740a9ea4a75c099bd7,2,5
Repo_ANID_91f75e73a0b0df5ef17e0f799eddde12,2,5
Repo_ANID_9357f4e447b769ff695eb0cb68b1b530,2,5
Repo_ANID_93afde0a6446660c132426a8b542816d,2,5
Repo_ANID_96362598df073994cae67697daac85a8,2,5
Repo_ANID_9865b65cd0677429eac551a35a21b444,2,5
Repo_ANID_99b7a2d5cac89f75458d6430889f7ee8,2,5
Repo_ANID_9ad227fb69067a6943425ac6a1ed6a20,2,5
Repo_ANID_9b283ce9fc87e2971bae71c9d8f30b9b,4,5
Repo_ANID_9b992296c1065dd62a00e991a1712647,2,5
Repo_ANID_9bae63a5cea9c86e87ffe4ff0b1457c8,2,5
Repo_ANID_9c4bff5207a80ec92449ef1ec888c566,2,5
Repo_ANID_9cb24b6424d9055e1aa5d64f4e10204a,2,5
Repo_ANID_9db995c855327ee528bdf0895aa96a90,2,5
Repo_ANID_a56e9f16a08e57cdd8a1d64d6d16ed15,2,5
Repo_ANID_a827edff62e572c481456eb94c0d3dc2,2,5
Repo_ANID_ac57676812348ef9256fc6e4065941c0,2,5
Repo_ANID_ad5a1d765c43e5001d1e264210b0abd5,2,5
Repo_ANID_ae34b68104b45eb4e257b248d6fbfaf9,2,5
Repo_ANID_ae7224ef273090542c14f1cdc795a5ca,2,5
Repo_ANID_af107df213fd506db8175a9748e50b42,2,5
Repo_ANID_af4d729b2321e66649fe7b969a8d8689,2,5
Repo_ANID_b0ad3dd86bf5bfa4642fbedec6a11cec,2,5
Repo_ANID_b16d382a7ee230a95336a30651d4f11d,2,5
Repo_ANID_b23243e0bd90b2643760e3be60fa13bd,2,5
Repo_ANID_b33b5600fdecbaa697bf9125a5546dc0,2,5
Repo_ANID_b4b1dc2678c25ccb0741d0ec5187aad1,2,5
Repo_ANID_b57cc923028287f3aa1eeb451388625b,2,5
Repo_ANID_b7686188cd090fb24c6614ec6743a6c0,2,5
Repo_ANID_b7aabe024018d836292bb4876bfc8d24,4,5
Repo_ANID_b7b16642f9b3fb6096d0cf9e03483dcf,2,5
Repo_ANID_c0fabad653f281b5e34049fbdd985e17,2,5
Repo_ANID_c2e1bc1b466f8445811b0b9424c5f540,2,5
Repo_ANID_c313745d647faa3630fe22f8081944f2,2,5
Repo_ANID_c49186239c18ccc08d81353958bffd98,2,5
Repo_ANID_c5d519f841a26bcf02019e473fe325e5,2,5
Repo_ANID_c671e08fb96cd9280af55e9f3308e071,2,5
Repo_ANID_c7460d70bd731e65c469b3fda07043e8,2,5
Repo_ANID_c8ed21db34568a39d71ff543d8dead34,2,5
Repo_ANID_c931ba2caa02c68488a3c3738ecd21ed,2,5
Repo_ANID_ca97c3f411ff84645614825c078d99ed,2,5
Repo_ANID_cb284f7a3fb6889a979c0ff2b00a0144,2,5
Repo_ANID_cdc8235dcf637dee4efaa361c481d1b8,2,5
Repo_ANID_cef53cf0c0490e7b5c9bb272b1498dbb,2,5
Repo_ANID_d033793bc6471542a13058d2c133413d,2,5
Repo_ANID_d0cd20eb33e2e000c7d08ceb0e96edde,2,5
Repo_ANID_d1667ba245f36e4f37b28f65aa5c90eb,4,5
Repo_ANID_d268d71ac33cabae02b27dc0d45e9448,2,5
Repo_ANID_d3d1838f5c0498746c4787cfcb820eda,2,5
Repo_ANID_d86fb5dcea4fc87952e16d0ae3407afc,2,5
Repo_ANID_d87c52e3d506ee4ad401b5734522ee94,2,5
Repo_ANID_dbb5556b379b0c52ff903f35f6a6d74f,2,5
Repo_ANID_dc19f87d667f68e7a1fb065c4ceda91a,2,5
Repo_ANID_dca92318de6bfc472f4b924c686d78d6,2,5
Repo_ANID_dd331c2e2f6970adc6a19583a054bd9f,2,5
Repo_ANID_deea3fa7931fabb3a79e8d482f6ab8f9,2,5
Repo_ANID_e122ad33b04aad8fb10c574a79a75f0e,2,5
Repo_ANID_e35042fc7e7c69d53bb7b681c5d4d9aa,2,5
Repo_ANID_e555ad9718adedb46f3256ebf08c7659,2,5
Repo_ANID_e5673dce4302456416892fd65337a1ea,2,5
Repo_ANID_eb32c42e3aed6796fed8d968c401f199,2,5
Repo_ANID_ef31a1fbbf8c4b38e9c414dbd9d49ec5,2,5
Repo_ANID_f01bae441036e77e072ff05eea3dfbc2,2,5
Repo_ANID_f0b90c964935c573e9f9ec88b2faa988,2,5
Repo_ANID_f0e15d953229a6dfd465ca8940297988,2,5
Repo_ANID_f147829df58624d7112dc0f3cd247dea,2,5
Repo_ANID_f369c16518fc43c040be2820e5957fd3,2,5
Repo_ANID_f49b89a8a04a1636d1fdd6c994f8ea86,2,5
Repo_ANID_f6a6e538d8e01db26771aef04d44ee83,2,5
Repo_ANID_f6a978d7507344dae8f3022a2e4ebb27,2,5
Repo_ANID_fddf9de774d17a1155b79bfde3b0cae5,2,5
Repo_ANID_fee92aba9bcdf33758e61009ce1164fd,2,5
Repo_ANID_fff46822ebe9346a3f0b7c17c2dadb33,2,5
SCIELO_003a2d777be44a2dd374aec6faa6a8c5,2,5
SCIELO_0070d3bbd1597aef0414fae0960ca92a,4,5
SCIELO_014b9f0fe025d72fd3ca503db7fd03fa,4,5
SCIELO_0308cbb85df63183ec7cb911ace2056e,4,5
SCIELO_04b96c6a32abe8873d5ab7b46a2b8416,4,5
SCIELO_055577a3eacc6d1ea7ba9a4ee9e5c9f6,4,5
SCIELO_0698641eab702ceae5ae35b325b9198d,2,5
SCIELO_06f8a79d18932c1c6fbc7468944ac8f4,2,5
SCIELO_0706cc65c4a0365a18e1dce89666bb06,4,5
SCIELO_070a002c5259e1b289b27762321afdc8,2,5
SCIELO_072426afed62245c6fac9e4850ae17ea,4,5
SCIELO_07b8c8927b704aa4c101c35eb23440a4,4,5
SCIELO_08184425bb29d1e9b38c72dc43c3b4c8,2,5
SCIELO_08f1ab6d6da9eb3ba57ad2a2c7256d1a,2,5
SCIELO_0a0f2299333ed57227b5d57412b2cd1b,4,5
SCIELO_0a4d81d0560e5289ee2d1b7d279e337d,2,5
SCIELO_0a8d232aaa249d7566d977290ab23cbf,4,5
SCIELO_0ac82ccec15ed794adaa84a4639481b8,4,5
SCIELO_0c120da4214f525b34fd63ada13f944c,2,5
SCIELO_0dd5ef9977e90a57299ecfc5a1e11512,4,5
SCIELO_0e57c28d7025bdd77eca34c3d407832c,2,5
SCIELO_0e5cd2b81303cfcb5e77b171bb8de3ee,2,5
SCIELO_0f1541072098bb0ecd46c865daa8c200,2,5
SCIELO_0f3ca612dfbc1a77eda988e48c361930,4,5
SCIELO_101156d55b0c946d5dac3aa488dabbbf,4,5
SCIELO_1099c67a8e7bfae8e09e860c508ef556,2,5
SCIELO_10fe83a7a257cfee5942e635e7a24ce9,2,5
SCIELO_12a8f3810a643f497e62f05b2cfd0117,4,5
SCIELO_12be0be397e89ee1d868926cb3108271,4,5
SCIELO_13f6f90b6d517357bc94220fa5633ffb,2,5
SCIELO_148abcc1679bef9347a596a96db1b5b9,4,5
SCIELO_168e58caf3c8b049810b4a53381eb89e,4,5
SCIELO_193296c8de032edf642bf84bb662f5d5,2,5
SCIELO_197b02aaa2705e6486c2720ec8e7c130,4,5
SCIELO_198b35e3c878d4be1e4db5bd10faa9d0,2,5
SCIELO_19c764abda5b69b90ee3727b77c3850d,4,5
SCIELO_1a4d6892bc35166d3aefb91019c41813,2,5
SCIELO_1a651e0eda30aadfd879d98dedc8043f,4,5
SCIELO_1abf18af5c55d964a62183af180d49b9,2,5
SCIELO_1b1f8b9fa6f732984c14a21c1c4b0f25,4,5
SCIELO_1c57d3f11131fdf701cfb6cdd977e974,4,5
SCIELO_1da6eeb3f4cefd1984ebe3dc9aef6b2b,2,5
SCIELO_1dc53a906939e65310064cc317285af0,2,5
SCIELO_1f150e0d31de66e665b9f5951d00d34f,4,5
SCIELO_1f7298052a30e26d2afb015201e8797f,2,5
SCIELO_2024a543cfd189cde0b45bf4829b9986,4,5
SCIELO_20697fdcde09b906ae4fbd02eb5a4d99,2,5
SCIELO_20d46f3e9db52c7397d5374d2ec861a8,2,5
SCIELO_2131bbcf62f36a15bd961ae4a1b28ee3,4,5
SCIELO_215f673831fa89f6ee3a395b789bf3b2,4,5
SCIELO_217220edbc23094271f08af53c947d42,2,5
SCIELO_21856f8bdbbbea93fe14e17562931a53,4,5
SCIELO_2234581497605931e2c2e569ce76e650,2,5
SCIELO_23d0ab9e6d5e42f2030c4e4bcd731576,2,5
SCIELO_2470cb9816fb85c98b56bcd5791c0b8b,2,5
SCIELO_2493b94fc98965e7a62dd1d44afbb47c,4,5
SCIELO_2494f3b0e27f8b41279f8c2592b52f12,2,5
SCIELO_255a58f267d738dc0991b265ce49bf02,2,5
SCIELO_255c93e9b2214015211d05c2da180291,2,5
SCIELO_257003d3a392e1514fca2d4ced6794ad,4,5
SCIELO_26afd46cd9aa8c1dbdd31e78e4360518,2,5
SCIELO_27b1fc92a5fb97921982603079a56eb7,4,5
SCIELO_286ceb011cce7a934863d9194d816ace,2,5
SCIELO_2985b4101c43cadae3938a59182963c6,4,5
SCIELO_29df499046a3477b128fe44c94a3cb52,4,5
SCIELO_29eaf327d48ac884331e2045a8e619b7,2,5
SCIELO_2b02512ef56a877a570305a7124cb8d7,4,5
SCIELO_2b27009464cf25891ba60d22badd57c8,4,5
SCIELO_2b36e31cc0aff95dc03234b9b2d7b7dc,2,5
SCIELO_2c09d2914a3ad97ca3b87aa7efe93ae4,2,5
SCIELO_2c5e2f979ea319748cdc7d340cd54b2f,4,5
SCIELO_2dfd5b8c829a16dfc3ef04086b7d3615,2,5
SCIELO_2e0f6f8fe305e17c48d1f1ba206cc699,4,5
SCIELO_2ea784b98d8458e119c2d1b34837ceed,4,5
SCIELO_2ec2d7afdbee45b3849e172a81ed07d3,2,5
SCIELO_2f1229b15364ec88a6161762403b7446,4,5
SCIELO_2f6c283ea6ef60578a4466ad05c42838,4,5
SCIELO_2fc65d3ee5f8a68c31ca46bb6fc718c8,2,5
SCIELO_303bfeb1e412e13cf66100c9129dd3d6,2,5
SCIELO_313b21bd550b631f85d3686a9111a871,2,5
SCIELO_31c4464bcf2f509371d65c4188f622ab,2,5
SCIELO_324f45d012c611fbdbad415640d6c9e1,4,5
SCIELO_328de006fdf2eeb778b10e3b6cf9ac1d,2,5
SCIELO_32c4342f92d0741d9355a77810a3b7ac,4,5
SCIELO_3519291c8342c0b150f8dfef43610b4f,2,5
SCIELO_35dbad6256a9fa01efb927fa698ed4ba,4,5
SCIELO_36005bf9c934b18cbff709e103eaf236,4,5
SCIELO_366b75c540423836800fa3ff5f5a2c75,4,5
SCIELO_3764774b20f82485a00919169c10ed1c,2,5
SCIELO_37aaf7b91d1e8ff4022f9c467fa0371f,4,5
SCIELO_3902f7838c85a292740695ba10aa534e,4,5
SCIELO_3933a89060ff36715375f0cf540f476f,2,5
SCIELO_394c95cb0f130231da8a6450b5ccfb1a,2,5
SCIELO_39725c85c5b2914f10b080588219f37c,4,5
SCIELO_3a136a832d8b6bd7b4e22afe942e564a,4,5
SCIELO_3a377dd3a20ee6b6922cdfae52132204,4,5
SCIELO_3a934fd52244e92427482d9e1224f648,4,5
SCIELO_3a97576e6b51903c921cfcc03c9de10d,4,5
SCIELO_3c12e2ab3fe2c3a84a5d5162dd0c0939,4,5
SCIELO_3c32b5e815039a9710ece331cc76e5b0,4,5
SCIELO_3c61b2e419a8423e67e76ba3d4c25a97,2,5
SCIELO_3c8b4476421a808f4249e47003b97469,2,5
SCIELO_3d158288d531433c38fa375ef36cd68d,4,5
SCIELO_3d94c630d2707173ba53f727038392a0,4,5
SCIELO_3df8b193fd2203061f62a920af0cb279,2,5
SCIELO_3e16d9c183670a2b220eb640401b5b4d,4,5
SCIELO_3e56366e1e1f5cf6b542f9174048b1ce,4,5
SCIELO_3eeac1e2afbd782b86f328dec7bf8388,2,5
SCIELO_3f4ddf67a4168eec7ac37724ec2a3817,4,5
SCIELO_3fa679c9f52c6c588a5c409fae296331,4,5
SCIELO_404b9b26d95127c6b113fe386d356d86,2,5
SCIELO_4078cb9eb469e46bf1814b16025c3345,4,5
SCIELO_4159843d665f3912f7627fb474a290f1,2,5
SCIELO_42e6b9af896cb92694bdded1ab778eee,4,5
SCIELO_42fb4d3deb6cf1d48aa4305f7be9945e,2,5
SCIELO_43f600f1aa2a8729550e2eca973bf679,4,5
SCIELO_447a2ff8785f906fc8a1aa90729d2a9a,2,5
SCIELO_464e00b2539c8be4cd9c72df63ef274b,4,5
SCIELO_478f9672e4d8fabf072c84095bf1a4c0,4,5
SCIELO_47aa40d10896e3b2e6b3c9778bc98d42,4,5
SCIELO_47ba4b43e9720283286c291b343670bd,4,5
SCIELO_48476a21aabf309823b0d8e45f9dfffc,2,5
SCIELO_48e527dc77dd878c8e948bce0b611a97,2,5
SCIELO_49385eaf14b277cc7eaab21f56a3143c,2,5
SCIELO_49563d30775f2af8e6c80636254e05e6,2,5
SCIELO_49874042082ba6b5b3a1d7b608367c08,2,5
SCIELO_4a7fb8f9a1a7b3e1fe0e4df937b0f76b,2,5
SCIELO_4afb7ac81235027f8b1b5991d628c26a,2,5
SCIELO_4b5e123669f85e7636fb8590dad455dc,2,5
SCIELO_4bad92b31a4235a54f840aa9d8fca8c2,2,5
SCIELO_4bbe0e9b90562bbf0c1c074d046ca838,4,5
SCIELO_4c904d42d43b0760fc57a374a6a94e6a,4,5
SCIELO_4ca4c8e246448d2e6bd4bbf162da500c,4,5
SCIELO_4e3cc7b8ef458901e0c49d1126d799a1,4,5
SCIELO_4fa014c1c6b024605aab7a3bb2ecf326,2,5
SCIELO_502152337506d8f96d89d5d789a0b519,2,5
SCIELO_52ddc4002c1bc34465bb0a3d98b21a54,2,5
SCIELO_532231dddb6744e17afa60f65299e110,2,5
SCIELO_54a901c2464125c633e0e9f0f8ea3b20,4,5
SCIELO_55983b1eed3f0ec415b229ac6a97fc7e,4,5
SCIELO_55b6a76c9a4e8e9d4c254a95395a86c2,4,5
SCIELO_55c098f4a54be5d9c20046da3a11064b,2,5
SCIELO_5615f05f6eb4f58f15b61f7a1b69a44b,4,5
SCIELO_56c0a88985d624e3d6a37f9b92f58196,2,5
SCIELO_56f0aa1cc96e63ec97ba79c35108b2cf,2,5
SCIELO_57cb135614b2c20da42a808cc1692a09,4,5
SCIELO_584edf192be84e3e3f40b1fecfe2ae6d,4,5
SCIELO_59048438a85031fca041316d270e4675,4,5
SCIELO_59ae21da057a582eb47d5a801bcc561a,2,5
SCIELO_5b03868b22a5415fef18edfe825f8b0a,4,5
SCIELO_5b856a728e9cd828e5f9f20743ff841f,4,5
SCIELO_5beb0f3cebbb6318d688c8852d64c039,4,5
SCIELO_5d8082e4c77eedfc60172852b7c91527,4,5
SCIELO_5e4c53a35d8aff48e8024d9dd7d17169,4,5
SCIELO_5e94ab03aef1efadb317b880159c1cc3,4,5
SCIELO_5eb10c8dfb65957c06280fe9fa8ee6be,4,5
SCIELO_5ed900902dd1f25747e65dc7ace93d21,2,5
SCIELO_6128fde49965b72a32e1f01f515f6080,4,5
SCIELO_614133e5a36d1dc0b8e2d48afaf6ee0c,4,5
SCIELO_61b348ac975aaf5eda19416b3c327699,4,5
SCIELO_61fb15cca778edb17ea29baf89beccee,4,5
SCIELO_6350d214581c9feeb6ee919c3aa640b6,4,5
SCIELO_63a5699058ef8896e3c38f15643864bf,2,5
SCIELO_63e438f98cd5395453eaffa004fa47ea,2,5
SCIELO_63e638cab98ecb7c96e9432d3a7b9cbe,2,5
SCIELO_6422975651b18bfc49b32416f19170f5,2,5
SCIELO_64d5b78aa1441bbd0619899e7ce5e6f1,2,5
SCIELO_655e4acbc5518206f86c4615ed006009,2,5
SCIELO_65c59cbb2fbe446011901a94ddf61c45,2,5
SCIELO_6793c454150b17d86271a651c63a373a,4,5
SCIELO_689f69ea18cb3f1fec18ec5fd9e02a51,2,5
SCIELO_692f7f795615d0c66a805166d431efc3,2,5
SCIELO_6974648fc4a3da0bdf33007a9c6bf375,4,5
SCIELO_69c5e2e12ce00387bde18dcede19fb08,4,5
SCIELO_6a8ced9e3100917297efe9c49148bfff,4,5
SCIELO_6a9a5ded5800d03a4efde456980c3e73,2,5
SCIELO_6acde1ffc0caf1b754e8605423f5dbca,4,5
SCIELO_6b78a5a946bd50386f5aac57bf779d03,4,5
SCIELO_6ba589876a999e7fc1bb8af1a0200047,4,5
SCIELO_6bd85bd352ab558e8523c7311f4366c1,2,5
SCIELO_6cbb860c50e8b2cf2d67ec71a8df8ecd,2,5
SCIELO_6d6890594c2a6df53c16c46347796e59,4,5
SCIELO_6dafeb74877721faccb92ccb69e8dc26,2,5
SCIELO_6dc178a7574627af70c58c69faa81d5b,2,5
SCIELO_6dceaa714b049af7b8c18b0b4a456025,4,5
SCIELO_6e2570ca762e96a02916df6131728f3d,4,5
SCIELO_6ee06b9f696a29d31d59a02c53eb96d5,4,5
SCIELO_6f197fa019bf93d01b992aec26154a11,4,5
SCIELO_6f242196278f91a56f1dfefad9fac362,4,5
SCIELO_6f7c3559054f739f105c930305963401,2,5
SCIELO_6faed646743fe7f2409012e947212fb9,4,5
SCIELO_6fbda2e47be40c56790d516940b28a3b,4,5
SCIELO_6ffa3d6c873088711659da4f1e9aed25,4,5
SCIELO_700946e7bb878f797873967c417dc962,4,5
SCIELO_7267c34aa5a5998844ae8eb4566c0053,2,5
SCIELO_72cebf844be6bfe16dd6fd4fbf44045e,2,5
SCIELO_736a60e5cb64211bc444b8692f75f5eb,2,5
SCIELO_749f8e12516755d43d7dc1c4534e1100,4,5
SCIELO_74fdfce9396c5f202963e76e00ddfabf,4,5
SCIELO_7564331bb942a7ccebbd3d8fb182f2cd,4,5
SCIELO_779b933b8c4fd44084d255eed2696e3e,4,5
SCIELO_7828d09880800d29691ddaf9513ef5d5,2,5
SCIELO_7891b4263cc0636aa8f40c16fe1f3b20,2,5
SCIELO_78b12f0bb3e9f6135fac2770531f62a0,4,5
SCIELO_78f8f4c5099810006a71d9b26e3748fd,2,5
SCIELO_794e37b2255ec1a09fec52c8dbc5d87a,4,5
SCIELO_79aa12b911468d473a9335a0c466c3c9,4,5
SCIELO_7a3840ad095b3b79490ca0a1fc896e02,4,5
SCIELO_7af9e88644c97cc53fef022dfb803a7d,4,5
SCIELO_7b1a007d68d7cfcbb32303f424c2578d,4,5
SCIELO_7b71befb12f0ef56cceb59838ba2cd7d,2,5
SCIELO_7c23628b6f5cafada080dfbf05d1b369,2,5
SCIELO_7c875285440e967495a686cb6c72cf2e,2,5
SCIELO_7c9d7dc9542468c48d7d132fa0992a11,2,5
SCIELO_7ce24ce90cac77be0ccd8b046651f594,4,5
SCIELO_7d6e0859a75d0edfc267ded0f2c61166,4,5
SCIELO_7d9104caccccf3df44f5fa0af5c0bfcc,4,5
SCIELO_7e5978279f47510b4459c32b5bb99fbe,2,5
SCIELO_7e650d838712c64f3e82c3f87088d8f1,2,5
SCIELO_7e9ea8b067c870c504bb424849bc23c9,2,5
SCIELO_7ee6133fb8342d12c8a94b213980efd8,2,5
SCIELO_8069e0db8a53bfbf556f0769d8ac933a,4,5
SCIELO_819fe8f023abed6ec9239df776318616,4,5
SCIELO_8245ee28bb8f7bc4b211e560e95472d3,2,5
SCIELO_84e2900d8efddd1256dd745d6a176b41,4,5
SCIELO_85bc59f9b096aef32f85bed821d2dbd8,2,5
SCIELO_85d9842589b14621ee1f60d434dc234b,4,5
SCIELO_85f87468e477b84fc639aaa97e9bafea,4,5
SCIELO_86b90d75f889ddeb675e13105648b829,2,5
SCIELO_8713f936940406bfc51fb8e294bc6112,4,5
SCIELO_876f91c4c46c05c5c3effbcef19969db,2,5
SCIELO_87725b226f3d3d8300c7d83678a6b738,2,5
SCIELO_89681aa7995c5d903a2894dd6770f8ca,4,5
SCIELO_89f70dbe70c537e12f66d132c4071660,4,5
SCIELO_8ace1c133b239754a9aef1369ec0caf0,2,5
SCIELO_8bf0666636a0053021e8e3f1097d32e5,4,5
SCIELO_8d5c09009cb7d5d32b498df5e11d375b,2,5
SCIELO_8e35ce9bfe3c2834b70527e1d1f01f2a,4,5
SCIELO_8e646f8795e44ca9f59fea20942e7e75,4,5
SCIELO_8ecffb4b3f0ffa85b0bf11220d340cf9,4,5
SCIELO_8f5e432bb467989c0b6ccd4d09f9acde,4,5
SCIELO_8fb221fb899a2a846819f81f3c612034,4,5
SCIELO_8fb2a5e68a2861b0349e3295441908b2,4,5
SCIELO_90f8171f67f764368cf2f7db6c905865,4,5
SCIELO_9100ae143aa84ba71cd2822d8c9f601d,4,5
SCIELO_91c31432ee9c64dbfdf9175148ef59ec,4,5
SCIELO_92d0eed5d446797fde1d878e0e61776e,4,5
SCIELO_932937d6faf741b93fbc0060f34fbd98,2,5
SCIELO_9373f53bfbaa4b88cf67c10487240b13,4,5
SCIELO_93900c77ca74258593a88e558862a794,4,5
SCIELO_939f894ed216f5f716cee11900499b91,4,5
SCIELO_95387896a10641a7097c4ddd1719cbeb,2,5
SCIELO_95737e479466c909804e522c77210228,4,5
SCIELO_962a2b5c9c15463300dea8ad9242f328,4,5
SCIELO_969c4168f29f41c6ca16769ef662736a,2,5
SCIELO_97494f8a9ee5c2cd680faeb22803c5a7,4,5
SCIELO_9750e2638f75e2f1f57d0e6162ea1e5f,2,5
SCIELO_978caa46ba6c983be50c3d3b6515d31a,4,5
SCIELO_97c1c54287781212065a6cc690113316,2,5
SCIELO_9896c0b917d0bdfeb11ec2c134d45d6c,2,5
SCIELO_994d96062811c703ef5f88cac8ea9ea9,2,5
SCIELO_9a153ccc780b02863b5209b0de260929,2,5
SCIELO_9a4a3ec5bdce5391143a3b9d8cafb07b,2,5
SCIELO_9a725207e5779cd760bc4d2a442ee3bb,2,5
SCIELO_9ab25a724809cdb858fabcbf9668867d,4,5
SCIELO_9b755d558fc2ddd6eabe6483fc7cec30,2,5
SCIELO_9e305f76cfe4e61f08e36f8019e0fa85,4,5
SCIELO_9e47730dceba34b801517a37f60d43a8,2,5
SCIELO_9e569f73f032348be124f02568cf0485,2,5
SCIELO_9f5edca274cff6123331b23e5dc5d502,2,5
SCIELO_9fdbbabf1efd37ef5690df9789f1dd03,2,5
SCIELO_a04a302dcd8a86fb015e4bdde19f557c,2,5
SCIELO_a1349e25c4274e55878a38bf35b7cf37,4,5
SCIELO_a1a36f0fe7dc4fe171dda809c87b1a3e,2,5
SCIELO_a1e0a3ff9657a240a83afda1dbd843a7,4,5
SCIELO_a2b24f86616c539c4c2948c6a84db5d2,4,5
SCIELO_a416c57c8ae1394864ab0ca3d04298ce,4,5
SCIELO_a42f43e3111036dc7a99d39f7ac539d3,4,5
SCIELO_a487b389a4b696ef42623d06179d5150,2,5
SCIELO_a596fd59f8af64bbd708dd17fa9e1ac1,2,5
SCIELO_a5ad64804f1538a266dada5a93c265a7,2,5
SCIELO_a614e0d775af38e338f37ea8b8dd6442,2,5
SCIELO_a63bce2d2c3e132fee8cc2173b30ceae,2,5
SCIELO_a64552f794519c989a101ed25a15ec83,2,5
SCIELO_a670f6b1ac31c78be0d0dfffbb2d6adc,2,5
SCIELO_a6b87cc4d9d632d0a1daa4b19e734d70,4,5
SCIELO_a80df90d4a0e7be6a502e109c7f7b7e1,2,5
SCIELO_a8cafc17336ea4f27d5fb5a0f60898cd,4,5
SCIELO_a957007a9fb17b3fa37cb2db0e43e7e4,2,5
SCIELO_aa5831fdc568113c00f018432bad3501,2,5
SCIELO_ab3fbc6c9a9e38295006db18cdf84bcf,2,5
SCIELO_ab5cad09134489c8c340211074594d78,2,5
SCIELO_ac4484c6424b9bb3528af19d0aac1920,4,5
SCIELO_ad189716196d30369f1787bcfece1424,4,5
SCIELO_aeb78f13f5bad68c4d910069abd2d490,4,5
SCIELO_aee1a163b085f40c96df17cb52639ff2,2,5
SCIELO_aef8b4327cf0820405a5e670e725663f,2,5
SCIELO_af53487ce8469fd95909f701652d4282,2,5
SCIELO_af6b64d082dfe3878d71008ffaadac12,4,5
SCIELO_b09611c6a1715d13db667154aafdaae5,4,5
SCIELO_b19ec19efeffd7c7f6323d5747ab3e2e,2,5
SCIELO_b1a076d5b910de4bbbed60b147fce453,4,5
SCIELO_b20a9dc34c59a129876edea799236ec6,4,5
SCIELO_b2eab3b714d2366b9cbc7a5c8749965f,4,5
SCIELO_b2f9724f9ec8961505872c5bebbf668b,4,5
SCIELO_b348313e5c013d80cccaa75bffdba727,4,5
SCIELO_b38cd07093b17a50ab804d503cc79b32,4,5
SCIELO_b41f24e8cfa9d977a26691fa3a2c211a,2,5
SCIELO_b459fb3c60b59569295bcb91af477988,2,5
SCIELO_b488a5769f1c6dcd8e014ec9e16aac51,4,5
SCIELO_b50de82405d0bb332c8a248503eaec7b,4,5
SCIELO_b51ae0c6e43a3b1e80a7b08331f4f2d9,2,5
SCIELO_b59c76ef4a6d18112be5fb5d324a04a8,4,5
SCIELO_b73d1594ea30c389394f571c734172a3,4,5
SCIELO_b9455384702c0c829180bbe488477c90,2,5
SCIELO_b9a638620611e4c375d6af7a464d6ea1,4,5
SCIELO_ba8657bb4b74f702459c7bd21816f4c1,4,5
SCIELO_ba8f4785a64f5a56cba7b06eee6d1860,2,5
SCIELO_bb385e892a95e0a8f0bcc68f351aff74,4,5
SCIELO_bb8506ffc647b7cc4dd053ac1d3b3093,4,5
SCIELO_bd1c6deaeb4660e89164f0611e96f4ff,4,5
SCIELO_bd751afa665032352386f2a0e61cec1e,4,5
SCIELO_bd8f1dc2481e61496c51c5358725e1b9,2,5
SCIELO_bda1f55adc487d74324a40f0d60c539d,2,5
SCIELO_beb0dcaf2d9eb4f8364e799ba48b8da3,2,5
SCIELO_bf1f3594bdc3cdadb8d1730f40fa160f,2,5
SCIELO_bf91eb11e0b65918e3edf7014d14f7b9,4,5
SCIELO_c01942b25edbfd55a4602bd128a291a1,4,5
SCIELO_c039d79c262846b3eb2f1677a99accb2,2,5
SCIELO_c0c1eb0a674ad058a258bde861daadfa,4,5
SCIELO_c3e29da8cff12ec5bf897ee945040931,4,5
SCIELO_c3f09f2938c11256ddee6aea5f2a84cf,2,5
SCIELO_c47e2c0fb04386c8e00597f3cf49af6b,2,5
SCIELO_c5ab5c4b707aa6e8c61c6db2f33392d6,2,5
SCIELO_c63f077fc26e38e4faa7797299f11b04,2,5
SCIELO_c686eb6d039a905bc74e0fd1ba4d97ca,2,5
SCIELO_c69920c634cb21e43af28d617ba20e0e,4,5
SCIELO_c750d44757a0ca46624b65d0e92edb1f,4,5
SCIELO_c80bf9ef12db522b9867ad73de5c2734,4,5
SCIELO_c88c272e5f1f070ffb1003e18fad97cd,4,5
SCIELO_c9158b880ae4d27b8c0d10d32f8af128,2,5
SCIELO_ca4f8ede3457027097beff132f5132d4,2,5
SCIELO_ca577f928fd5935840c78be775f87d35,2,5
SCIELO_ca92705ba4be3d2c9eefb2fb8252a9e2,4,5
SCIELO_caffbc6c4835c64d7339fc4fc1f37d66,2,5
SCIELO_cb3c34be5cfafe72f9bfa40383530c40,2,5
SCIELO_cd0fd9bdbc452293d66b96e4ecbef296,4,5
SCIELO_cd61536187a2a6c4035966df93d371a3,4,5
SCIELO_cd7ac78b15e6923ba6e332b6d43e9d88,4,5
SCIELO_ce6b565986742be83d97a10c8c5dff04,2,5
SCIELO_d01aa46c6c29abf0667459350d78ab62,2,5
SCIELO_d02452c132af4bedb10d7be6811d4a4b,4,5
SCIELO_d02f7678281c6b87e5e69e1ce2c9304d,4,5
SCIELO_d1260a98209fd622923b355a2cfaf365,2,5
SCIELO_d14948c7d59cd70ca70c7df4255f536f,4,5
SCIELO_d1ded4d7a8bee409bea5bc32d6334045,2,5
SCIELO_d2125c2eb3d7c3f1f6e4b9ff84c9d5f4,4,5
SCIELO_d28652521b6db6ce5f973e7d53ff7d8b,4,5
SCIELO_d2887c8cbbe2f4b154cb7bb79e49d716,4,5
SCIELO_d36d7d76f5932ad4f8f2762137072c05,2,5
SCIELO_d37f4a594d6ed0e303bc242ab53420d6,2,5
SCIELO_d61a673eb6c160b9cd0c8e821c0176b4,2,5
SCIELO_d66f0cd409f892a6b423af8c5bffea8b,2,5
SCIELO_d6efed715c1c891b313aa4f368fe5baa,4,5
SCIELO_d74e5e4e19110e20e2882894341033b6,4,5
SCIELO_d989a9a59196cd1e596d73dd7b50101c,2,5
SCIELO_d9ca5709aa9bdd86a2d1d744ab2c2b1e,4,5
SCIELO_da5016a052c81f1f9313a72ca2ef0574,4,5
SCIELO_dad97b3a73b51cb60f8a60f7a914cdd8,2,5
SCIELO_dc67c1de14b4177e56bbeec5b51d2445,4,5
SCIELO_dc7889ad8c67ef059eb206d76784035a,2,5
SCIELO_dcf6ec422da56b68ca001d190b6e2919,4,5
SCIELO_dd29315f7c4a28ffe552bc224c136f0c,4,5
SCIELO_dd84602bf0f764b9eb214505822dbba2,4,5
SCIELO_de1e008416d4ce283ce806424035200c,4,5
SCIELO_de6a93be9f3f69bee3231afd7f4cd31e,2,5
SCIELO_deff9a82fd2cfe301211d8fef9344a5d,4,5
SCIELO_df8051923ea7a290783188ffb507cd74,2,5
SCIELO_dff553e6cefe79fd8766e54461953171,4,5
SCIELO_e03346690230c2112dcc088635dc555f,2,5
SCIELO_e0ec4a7f2cbcdbe09739c36cd863481b,4,5
SCIELO_e15475eac72ae061123fae4a434a3513,4,5
SCIELO_e1a05867b84f5b24485886df644d966f,2,5
SCIELO_e1ecf6e3f4bdb0629cb60f44e95ba253,2,5
SCIELO_e26f29781f3c1779eed62c9ac49d422a,2,5
SCIELO_e2727f4959cabeb4c5fa59f0bb07a366,4,5
SCIELO_e2a9efeaeaf18e82dd55d55fa43341c8,4,5
SCIELO_e337a3cdcd3f2c8b985a8e564f4f07c5,2,5
SCIELO_e4a30ab2d017f43e20fa2af8ea8e8545,2,5
SCIELO_e4bd923703192a0e6de894136345c923,4,5
SCIELO_e4e95cd31337610f22cbb5787419103f,2,5
SCIELO_e514f599a6871919bfdee8a3585f99dc,4,5
SCIELO_e5b23bacccd1ad2a896f7eaefa70d077,4,5
SCIELO_e7a65e883b76913933d56d4cf6021940,2,5
SCIELO_e7be0bdf8ea8ad9a77cb218535a0d6f8,4,5
SCIELO_e7c2a4fb7b861ba8d64a339aa31c02ce,4,5
SCIELO_e831a8bb3fe9d4d5f7279fcdd9b10ad7,4,5
SCIELO_e8fecd2c7dbaf6ad146cfa5d6dc9a75f,2,5
SCIELO_ea13ce891389a05e45c3011b00c37f29,2,5
SCIELO_eabb18537dbabc8b9b35127cf20b7e89,2,5
SCIELO_ebd3579554f828640522e053675b0204,4,5
SCIELO_edec7db5fdfe619be24c3076addbca7f,2,5
SCIELO_eeb6d23aac18c928f1e9b28426ea10ec,2,5
SCIELO_efb281adefb61bec75f2556a98e4069f,2,5
SCIELO_f00beea3020fa69623d4ae36191e25ab,2,5
SCIELO_f152da6747344a81205af9e4fbd29ec8,4,5
SCIELO_f31cbe92bf0850af89ba654336d230d2,4,5
SCIELO_f37b978782dbc178defcc831593c4289,2,5
SCIELO_f39848af8e24a5748768ed4340506d46,2,5
SCIELO_f3ab2ca20ed3d020f89c24657bbf671a,2,5
SCIELO_f41a89359dbcb05b94558800e0a0ec56,4,5
SCIELO_f45873b1b6594cf7065210a818287e45,4,5
SCIELO_f4c127efa8f666f84e702b7b24f660e6,4,5
SCIELO_f522019071f93453a162ead7d3ec0f32,2,5
SCIELO_f6e0a3899d8a89dc6158302bed7987e2,4,5
SCIELO_f6e2059d6344b023572601092da84f47,4,5
SCIELO_f8ab95a8878c5c11265560cd9d4c5972,2,5
SCIELO_f956fd3c71ac09d2254daf3b1c9e18eb,2,5
SCIELO_fa336ef1254369b137fec8f31f4e2c51,2,5
SCIELO_fa55084621bd563b7a0d5a1b6059a664,2,5
SCIELO_fabe537a9d4f634143ae3bfa10aa0a45,4,5
SCIELO_fb40a6c51659f7bcfef89d3c95ebfd04,4,5
SCIELO_fc2ddc7918e863f4dc1290adc501272b,4,5
SCIELO_fc488104570f053a2da8a971fd05600a,2,5
SCIELO_fde2af8135c9319710f1e6dd62e937f0,4,5
SCIELO_fe0dbab231dc8d5103fd8c2adeb66f88,2,5
SCIELO_fe2b2f417619b470769d4858e5a509ca,2,5
SCIELO_ff4fc1e666a3595283d21d71f34e19ea,2,5
UCHILE_03b92508d3961aaab65f4cfa09e39c61,4,5
UCHILE_048448a8939c96d67b0e2c7627a2d695,4,5
UCHILE_0575e7b2585cc999ca53f1a69ed8f9ea,4,5
UCHILE_068467a2bb812f478b747f8e23badb99,4,5
UCHILE_06998d88100a805ae5fd01ce9cee958d,4,5
UCHILE_088d703cc9fff16587500d7fda0fd690,4,5
UCHILE_09a4ebe0d114c5bcd0b8f695d9a98b0d,4,5
UCHILE_0b7b07a89e7f9725b28f6700534f6965,4,5
UCHILE_0bb8aee1106db1e3466171e9217977a4,4,5
UCHILE_0c3c89235884ff46c80ac01312600c39,1,5
UCHILE_0e2339d46418ee769ce38240eea376eb,4,5
UCHILE_0f00f5d5add3ebcd5548666a0d1433f0,4,5
UCHILE_0f4f6718f395e6c3aa015332ce255431,4,5
UCHILE_11b6ea9ac8dd1ed19c1216d17e46c2b5,4,5
UCHILE_12a0ecb837226af49e67a609a4bed165,4,5
UCHILE_12fe20ae51e005f453f3c71b0a228bf0,4,5
UCHILE_142ae00f3b388e5d5bb42dcea5f6e55a,4,5
UCHILE_1436f488711ac86898fb25658542df31,4,5
UCHILE_1479a39ce6339ed25398aae6b16f26a7,4,5
UCHILE_14f7d3880d615ee21f02172782e34978,4,5
UCHILE_166bf55bf445cde26e3a428233009ac1,4,5
UCHILE_16af998750b85c1f4b659aed4f9e1b1f,4,5
UCHILE_17e47d1bb3dd87c876e51ff87b8a6f3d,4,5
UCHILE_1a2b777b9856434fe8e1d0d9a1b434e7,4,5
UCHILE_1b9cdfaf196775e749e09c1a8cb8990a,4,5
UCHILE_1c1dbe4202b1f92da5c6500d0a2f01eb,4,5
UCHILE_1cabe60699196b131027ec3e4153c66a,4,5
UCHILE_1cb4ac3c0122065f88a8abb57a140895,4,5
UCHILE_1edba4cdce85dbe201f97660c5a32eeb,4,5
UCHILE_1f4aa7b59f5d53e09778317dbebb2105,1,5
UCHILE_20881e9edbae252f925741cff2691846,4,5
UCHILE_20be0a37deaa7ce8ad63171b94ab15c7,4,5
UCHILE_247b5b186cc1e5200684551e321e72e5,4,5
UCHILE_254b443b60f68ef2df601297ffe0d18f,4,5
UCHILE_254d0110df9a69194ce49a4e937b100c,4,5
UCHILE_25857c9a8d8be58da49fa2bd44fdf850,4,5
UCHILE_267e97f2f070a7cf003e7ac585def25d,4,5
UCHILE_26c87f751cb12a346ed0e7abc1a13fc5,4,5
UCHILE_2867238e7ce77f6c0ad9e49e9c005589,4,5
UCHILE_29c0fa0f999e67952316164f97c03719,4,5
UCHILE_2b8605bfe2c1ad4f6d57a3d90a92febe,4,5
UCHILE_2b9e8acd6ec49dd465aabd8c8ddc383c,4,5
UCHILE_2e52806dc28b9be2bbf96e51ac031271,4,5
UCHILE_2f348569e9191176fc79631d746750ff,4,5
UCHILE_301f8c88283e1da5b24323a4bd71fe1e,4,5
UCHILE_31943ac145da15404c93a53f99b59d81,4,5
UCHILE_31a85648d982ecbbe36fd71391068a75,4,5
UCHILE_31f2275e8093395f42048f843aa380ea,4,5
UCHILE_323be97e802de9db111f6088756c3aff,4,5
UCHILE_3445f3afa36a0b83915af4e54d5e4942,4,5
UCHILE_3448a0edfc41d7be3004cf0061b76e36,4,5
UCHILE_35902f0a7603d0b04d4e31a46762e443,4,5
UCHILE_35add3479b1ee168e85e195ac7090fff,4,5
UCHILE_364caa92056c1517c305af6e9c506556,4,5
UCHILE_370161694cfd00449d4a957d4c85744d,4,5
UCHILE_379ce6cf6c2f7eb3d919a1ed8eca9219,4,5
UCHILE_380db26e9ef85e6ae764c252e052aed4,4,5
UCHILE_3adb0fdb07e76a69e46f848b0979a042,1,5
UCHILE_3bc1a7679363486642e359f8cd5c181b,4,5
UCHILE_3bc4f55761920c5c64b3d21a336fd9fc,4,5
UCHILE_3c39519ac55eba22a823e1c989f2ba20,4,5
UCHILE_3e8ef89938143dc72262a95eecb94fbd,4,5
UCHILE_3ecc87a842656e792a4466d3bd15c42a,2,5
UCHILE_404f0e28d91ea9d21ee9428047bc3e94,4,5
UCHILE_40bf14151d6d88a32bb4d246402479a7,4,5
UCHILE_41f02aa8bd81c84518f2acd594c091f5,4,5
UCHILE_427d5c3d86196d530c1139d6fe3f938d,4,5
UCHILE_4331cbc4a5aa949ac33113ea367d3ab7,4,5
UCHILE_4556623b98a5ebc6f2660c350e1b40dd,4,5
UCHILE_47c9e432709ac72c25d83fa3dabb3766,4,5
UCHILE_47eb14dcffcd126325846c88a4903f40,4,5
UCHILE_4921641ccb9f1304747b12b502420524,4,5
UCHILE_4c35b2f1952f927fc2d202b2fa329d39,4,5
UCHILE_4d10a76c26c4d160f5c0a60e2eb7d892,4,5
UCHILE_4dcee47548ef3e59013c1c06953e2915,4,5
UCHILE_4e46271861444d39eda3709d7a16abcf,4,5
UCHILE_51b93a89500bf174329ce8810b69104b,4,5
UCHILE_51ef0188c81aceeb152ef368396b4842,4,5
UCHILE_5436b47efde87e2bd0c15aef0b6acbc0,4,5
UCHILE_560c905c044e88471d7c70a8152ea7ed,4,5
UCHILE_577a83c3ba09c0ad22199f0cb71b60e9,4,5
UCHILE_57814f6ac00d2ea6941f15fa3cbd3c3e,1,5
UCHILE_5861dd3f6aae34e0970163c8737bd7d0,4,5
UCHILE_5a3799191b7c8647d49134b97c166c80,4,5
UCHILE_5a86a76427c82c637be2fe875e38400c,4,5
UCHILE_5b18f505e2a6844be649b40539310cad,4,5
UCHILE_5b3bd31b6792ab93b06cba7a5d930e3f,4,5
UCHILE_5cef2f38e014d44416aee1a2c5de1c21,4,5
UCHILE_5d046ba91ac32342e8558a9c46c6ad7b,4,5
UCHILE_5d670decaba5705f28b81d10d96af76b,4,5
UCHILE_5e38d0f75989a24f21a3c37b48595374,4,5
UCHILE_5ea934020de5c10b18be5008b69911ba,4,5
UCHILE_5edef533391dd518fcad63d47e560da2,4,5
UCHILE_600ac9ada5c94c371cb8efa723b6e07b,4,5
UCHILE_6216c4152fd4a7aa78de827551af1791,4,5
UCHILE_63548b8058e73ffcb95ddecd6ac323bd,4,5
UCHILE_63754874e59644dd56005e38d4ea2319,4,5
UCHILE_6441203da4e58fb8ea53a1c188699392,4,5
UCHILE_64b6c5da78b9dc8c89328a07cf9f74d0,4,5
UCHILE_6713388fbb886e94ac5a71bdeeaea340,4,5
UCHILE_6765416c16bf1cb696d098a2209254bc,4,5
UCHILE_687c5bbf8a4d94e2eee580fdf6f953b2,4,5
UCHILE_6a06dc4ec44430ea96aaf27fbb227fe5,4,5
UCHILE_6c37dd2f068e973e5a8eefbf143aa667,4,5
UCHILE_6c86985b9d00ebce7c3e48c296a4ac7c,4,5
UCHILE_6d40468e14d153b0683295140d985bf1,4,5
UCHILE_6d5e638742b8e527cc68c00454da7684,4,5
UCHILE_6eb72070b48d25c2a0a3e31d960fb3cc,4,5
UCHILE_6f712fa29f913d14b5b355622c25b959,4,5
UCHILE_6f7640cbb58a31717768f9dacf6097de,4,5
UCHILE_6fa271ad3677d4f62058f307d7f65309,4,5
UCHILE_6fdfe455a3ef9e99a6dbfafe602942ca,4,5
UCHILE_70cd7b57708493a667928b12df88c714,4,5
UCHILE_73293f5c46e210abb8d2d44fbeca5906,4,5
UCHILE_7341a0e817bfa6bc7c2682d75a8bf23d,4,5
UCHILE_7432df821e0ab174a78d93a3c5100837,4,5
UCHILE_746a273c9dbde60449cf69277eb9b42b,4,5
UCHILE_7517a84f738414e7388b436a1f2d50de,4,5
UCHILE_75f44784b8fae16028dccbd0cc85c5f3,4,5
UCHILE_75fc8b5b28fc239eb81550aea0b1b6de,4,5
UCHILE_7739ed319c40463f003ea7244a72b279,4,5
UCHILE_7849a9cc88f7e0c90c06efbb7429ab4c,4,5
UCHILE_78912f80cb0dc2f4d1c6a4562b86d1c2,4,5
UCHILE_78a69bd18a7ba2d19e22db38fae48fd7,4,5
UCHILE_793c126e6d742e08640ef1a38b25077f,4,5
UCHILE_79f5b917efb28ec35047e98b129d74e2,4,5
UCHILE_7ad1d11aaef55c8f5492f1e3e53f7fef,4,5
UCHILE_7b9ee87dcdb2d2a77334075b8da1f726,4,5
UCHILE_7c684a3da42ea296d4772aa35ac33e76,4,5
UCHILE_7e2234679476692f2e27f5becc0711d1,1,5
UCHILE_8090c77ae9292aa3ada748656f69a961,4,5
UCHILE_81793325788c139f694cc4632d0bcc34,4,5
UCHILE_8234419c41ef679c7fc37d2bb4f5cd19,4,5
UCHILE_82847ca94d2e6339e4bf0a4a29d28f3d,4,5
UCHILE_840d692f5469a8fff95049edfceee35c,4,5
UCHILE_85efe47ef56f3b837ed971e6e326f5a0,4,5
UCHILE_8697e0838a725f8b2637cd1d55816952,4,5
UCHILE_87c7dd0438fd4ec73f85618f0ea9d67a,4,5
UCHILE_8a6b6092fd7fd7dfc871c8ba62b3a0ad,4,5
UCHILE_8b6a9f6bfe60d0f37fcd6b3b7e8ecf0d,4,5
UCHILE_8b70c3691a45a9e3e8765d035a53e815,4,5
UCHILE_9217a36c8783d69554779e863a373911,4,5
UCHILE_922021f26a5958caf9d06edaf92867fb,4,5
UCHILE_9390c53503eecf4a629f46a63aa7ab23,4,5
UCHILE_9413eb8d19dae469d90fa5b1cc7de24d,4,5
UCHILE_944979dd26972b852045848cef4b7643,4,5
UCHILE_94c1d5ea3ae6778ee32848260f2c2173,4,5
UCHILE_96893b03471adcbddddfbd72073f2841,4,5
UCHILE_98e4c61bdf1d1eece640ea2d37fde9ed,4,5
UCHILE_992cc85d40509a93945684a9e84d64d5,4,5
UCHILE_99d21b4bdd4f2f51af80870b1be84ae2,4,5
UCHILE_9b3dcd8705045aaf59fb7dfbf5f9d45f,4,5
UCHILE_9bdbcc90346b020fd9169d1e671be24f,4,5
UCHILE_9c3e7c1df4b0f4afb55650375a5e1d66,4,5
UCHILE_9ca8ac9cc3aa10ee39df4da29ac81058,4,5
UCHILE_9d392f6b1558e38ae4a0f28c5de6d313,4,5
UCHILE_a1fb74f64420feb94e4b1971604966b1,4,5
UCHILE_a225432133ab315f3aa54132a12eb698,4,5
UCHILE_a332d1eab75c594e3ffd1f27210e171d,4,5
UCHILE_a335a2f794c9e5b38ec29b37be616682,4,5
UCHILE_a4b72b2f80874c0f30fa8be511d530a8,4,5
UCHILE_a53e199abe43f36350714d005243ff92,1,5
UCHILE_a5582aa3f31f511f344e1dcacf23e596,4,5
UCHILE_a55916a212b73df5c8582038482adf41,4,5
UCHILE_a679962099f68a9611099bf6c3bc5fa7,4,5
UCHILE_a6b4156862f5be2e8bcd4d871cfbd7b2,4,5
UCHILE_a7ed0569a95b0f6e334314ce5d3e2b6d,4,5
UCHILE_a862ca87be348ce5f7714309fdd22e97,4,5
UCHILE_a8d1892f2fc87881e62f0e1322a81cf3,4,5
UCHILE_a9be1065c7c268d1b17d81f079d4d497,4,5
UCHILE_aa8fe92838874543508cef755e9287e7,4,5
UCHILE_aa99d3b47dfa8aec9320204d158ba7fe,4,5
UCHILE_ab37ed5383a3690983962c582f60a137,4,5
UCHILE_ab53c2fa5711fefef613cf9c1215842e,4,5
UCHILE_ad5c653bd5523067c577bcc11125d104,4,5
UCHILE_adb7901d01994430c56f666884f88091,4,5
UCHILE_ae892a57dc2af1fecf1094236479f7ff,4,5
UCHILE_afe7d7380fc0c2f6983ce65232573c8b,4,5
UCHILE_b0933e6a159a3d2184404a33591e0de8,4,5
UCHILE_b0f0b71ff978e63f182eb13f505d2a78,4,5
UCHILE_b1cdfd7aa9764165754dade01e30346d,4,5
UCHILE_b23207a1680c570f4945e0ed21477fcb,4,5
UCHILE_b2676a33064660976b31c768547415dd,4,5
UCHILE_b2eff4975900837e2f578c0a82242dd6,4,5
UCHILE_b4f4d4c730a94b325c42e3a3ef020012,4,5
UCHILE_b5a2bb7e8165baf55abb36578b125ddd,4,5
UCHILE_b5b7e157a3b50ee8a9d60d5ad9a73808,4,5
UCHILE_b68822718d5a57ff782f5d5f5ff21cca,4,5
UCHILE_b70bf5e3cb2123c7cb4c5d8e67da696a,4,5
UCHILE_b769ff586bafe5eda2b9ec1930c7d857,4,5
UCHILE_b7d899679a4b3272e0242683d928e058,4,5
UCHILE_b8b5a15471a96d7ec209bec8531f35b6,4,5
UCHILE_b8b910f9e1cee9a29df067a4f0b7d38b,4,5
UCHILE_bbe14441d447871b88bcb6b5c16ef98a,4,5
UCHILE_bc27574e5629f5f016c1b64426381006,4,5
UCHILE_be28d820afb323a96dfe1c0231e918ee,4,5
UCHILE_bfe04f33c47cdc55c053a2d5de592ce0,4,5
UCHILE_c0b7a2c7af914db3322a58729f330919,4,5
UCHILE_c397409ba868c892257ef46170353f76,4,5
UCHILE_c3de819e400782082af1a8f1f01bcaef,4,5
UCHILE_c4306038b9654f93babbf05bd96d3c77,4,5
UCHILE_c4ed132e6dfb175dd4bc751900db75bf,4,5
UCHILE_c567a04c3bdf8e48175c045683a57a5c,4,5
UCHILE_c831bc26b0c6c7ca69485854c6911c7f,4,5
UCHILE_c8fecfaaa206d82f0ba0c530be9264c6,4,5
UCHILE_c913f8656c71704b17d92dbacde81514,4,5
UCHILE_cab5b910168882897df51dad92aed20a,4,5
UCHILE_cb59b2eb8686cd5d3464e926c56a6a50,4,5
UCHILE_ccf4f3b2b4a052b38eee783e815acd65,4,5
UCHILE_cfe3c08e812edc0f54f36f210998f693,4,5
UCHILE_d00ba29a9080d0daff371825f3cb8c01,4,5
UCHILE_d0de3eede6751a2db668b9a0fe282095,4,5
UCHILE_d12cea1e7aaa9ccb48d8b889a7967bc6,4,5
UCHILE_d207d33b9b7608300255a81c6eee2f2f,4,5
UCHILE_d30d6264b05493a4ea8da3d687177e5d,4,5
UCHILE_d3713f83b92f3af629bfe1f65cbb0b54,4,5
UCHILE_d4daa73d278866b8ea33bdc49bc6802f,4,5
UCHILE_d5699adda8de9e50ebd676dad1e95860,4,5
UCHILE_d5a17c32ce59f7dd503191ef58c48d30,4,5
UCHILE_d61b70b1c0ff0098d4e6e03baa611106,4,5
UCHILE_d6ef4d93c786aebb0b426ce3f469db07,4,5
UCHILE_d74aeaa821d67a2a0c43e9f9726b2de3,4,5
UCHILE_d77157f990c2dffbd4e771d6472070c9,4,5
UCHILE_d7b26a0884e9a70ccecf86acb1a80330,4,5
UCHILE_d881abfad6a4c429ac91960b08fb2cc8,4,5
UCHILE_d9e079e165f2d125d20058ad44af180d,4,5
UCHILE_dab7ba46b9957966e81ec516f634374f,4,5
UCHILE_db5d28fd72b4f5ca46d908ee3782d4e0,4,5
UCHILE_dbefcfbc28f615cdb7f086e4b3990740,4,5
UCHILE_dc30ac78e10d11766260f0e6f2d26988,4,5
UCHILE_dc819185a601d65b96e8b1f1f79f0b05,4,5
UCHILE_dd9c11859eac5750e60a3811fd416eaa,4,5
UCHILE_ddba25166e8bd06e9ce553967f17fb62,4,5
UCHILE_de1a6ca9ce51b5229dc73b998c908226,4,5
UCHILE_e2247c258864a8181dba70adafd54062,4,5
UCHILE_e2c0304d803df1751f2494878b712222,4,5
UCHILE_e2c4078bd9b00b483683c7c86fff0766,4,5
UCHILE_e40084fd2807aba64fe9b1a20c9530a8,4,5
UCHILE_e563ee56e136ca50f8449586e0897851,4,5
UCHILE_e6df816dce424bf3db57315e5a448de4,4,5
UCHILE_e801b185e0464f2e4529aaf4b34a6e23,4,5
UCHILE_e8a040d1c28fe37967c7c0abe30477fb,4,5
UCHILE_e8ba0cafdc0335eff2f5dd221c245bcb,4,5
UCHILE_e97dcfd746ab69820a98fa8c16505c54,4,5
UCHILE_eff186576af257b5c84c10f48b75aeb1,4,5
UCHILE_f05ad3a29e17be2c5aa67ca31572daf2,4,5
UCHILE_f0ab6bba509e276101991b95a620de46,4,5
UCHILE_f0f7367667cfa53518c65d6626aabdb5,4,5
UCHILE_f154b17caebfddcea7a21124ffc6a405,4,5
UCHILE_f1e7eb84b64745b08c702f1bad114849,4,5
UCHILE_f3baf956fa35b98446fb74d05dcbae00,4,5
UCHILE_f4a2c932ed048a52b7544d076d8a904d,4,5
UCHILE_f7c1e2e1625d032159800ca5cb6adabf,4,5
UCHILE_f8ab3cd3bcd1227f2d8af084506fe05b,4,5
UCHILE_fc0c37c9cac2f5dacfa0d8bae8b02b63,4,5
UCHILE_fc154ea85ec3870e2bdfc3a1c83bb660,4,5
UCHILE_fdf2929b94303ed1ca8a386538afbca1,4,5
UCHILE_fdf6825922fec1e6b4b6a7ed3c296ccc,4,5
UCHILE_ffbf0ae67a122429e4d77b8d8e42128a,4,5
UCM_022d0b178a5770060f09d380d3578a9d,2,5
UCM_05ddb22493a8af1abd20b42490e42600,2,5
UCM_07a1084bb7a2d46836da25024974d210,4,5
UCM_0b43e945d1f399642437641598275578,2,5
UCM_0c7c80766311579828cacf41b89b6fe8,2,5
UCM_126f3db5b2463c698712e18c69c6ced0,2,5
UCM_1347ec87da3b6b2ac2fe190c5b8db71f,2,5
UCM_1741fa7cc2d8f579e4f5350c0a817ae0,2,5
UCM_1cf103fed8fa25a251c6b7466ec1860d,2,5
UCM_2c2398983fbade59984d71a128ed48c1,2,5
UCM_3049d4d0f2c0195750b639ce8c5a3bfb,2,5
UCM_3bcf11da5189f04d53890eddaf5bdef3,2,5
UCM_3cb093642bddc4371de42e1f2f1c13a4,2,5
UCM_3dd3e0b5aa105d169aa82d40c8f395cb,2,5
UCM_3fcbfeebf7ed38da24346f8709399d8a,2,5
UCM_41a77c6b021207613552e8b09ff95872,2,5
UCM_441d3badf71b30d0be367b7d4d281475,2,5
UCM_558e451984230820f73d843f1431bfcd,2,5
UCM_5e03c9c5184c66e3f98c23641af8f226,2,5
UCM_60c33c1bb28d0c981a2be1cd2bce31b2,2,5
UCM_660a8088d7b004db89db586d26aa3632,2,5
UCM_66580d838872824ea25cb2cebc52d05c,2,5
UCM_760e6fcde8aa40f5318b271b73d9242a,2,5
UCM_776df2ebca045748ce441dcc5b9c39c2,2,5
UCM_7a1675e16fe55a9b9aa880fc62574390,2,5
UCM_7d1d60ef7b8674ee74e0ea5a2f134332,2,5
UCM_7e3090b5f90450285ed1ed827008f5e9,2,5
UCM_808d82f0b6afb2cb39952965f02ce9f1,2,5
UCM_83ab06adea55fc6de7e05299aa35b37f,2,5
UCM_87cd053cc661219c556b83ee65c57e29,2,5
UCM_8d57e1d502eeeca1cca1c6adc41c519a,2,5
UCM_8ddd113058e1b76925ac2933ef335904,2,5
UCM_953c89994db757ba041a0f37f5c2f71a,2,5
UCM_9829569117c236fd5835213d615c6e38,2,5
UCM_b49479e47a553b567104bf5373953d47,2,5
UCM_ba0aff0fcb29702649d32bd3f01a2dd9,2,5
UCM_bbb8f1d99405663904a82c73a50cc86d,2,5
UCM_bde0f78eaa530408350de4ce298900dc,2,5
UCM_c6e5ab96e7318b2a33c1e189409384a7,2,5
UCM_cc90bff8668e089aa5023ff01f92f378,2,5
UCM_cf21a299289924094cb6d604e5586759,2,5
UCM_cf2fae3c27b1c09a76db4b20173502b8,2,5
UCM_df63ddbbe18bd1383ae55b6eb8da9097,2,5
UCM_e140c248e7d931b77c5c758656fb5b21,2,5
UCM_e159ef8a11797b4e726448f3139eae35,2,5
UCM_e2fdcf4a2ee6eb437e4b044587e832e5,2,5
UCM_e4a1b3275a3d5e069a64f491c714647d,2,5
UCM_ed7d04ed11b7966620de1e79e81d9279,2,5
UCM_ed87e9dc3adff4bc745f20f4756402cd,2,5
UCM_ee34e578c7331d249fe959bebd1be94d,2,5
UCM_f256cc47ed53b7f0905b945edd11c3a3,2,5
UCM_f3e01da107ccffcd9e3a7ba87f2662ff,2,5
UCM_f444d54b758d6d4c6afbd4229ce86b4b,2,5
UCM_f5f67c1dd4ed92f121e58a2d6babf7ef,2,5
UCM_fb43013e8e9ff594204d9e9cd4798b7a,2,5
UCSC_00964acace2bcaa84eb92ad430c9598f,2,5
UCSC_0237aa3f9cb167da8b90defb3a5155cc,2,5
UCSC_041a5c43fcb3478896ba3b3738fc81ac,2,5
UCSC_05048af59eb3b1fba4f5ca19678431a6,2,5
UCSC_0666c09fc29b800d61ad1ede8fe632ec,2,5
UCSC_07309065900f65f5ca0652410258aa7f,2,5
UCSC_084e79e9a1b0a62ffd0adfd3e9668865,2,5
UCSC_09235b0da9c2ee19118b7d9947b1e90a,2,5
UCSC_0a1b472f2a610346d01e76ff6854b64b,2,5
UCSC_0af4ad0f68afbb749517eedb615d8244,2,5
UCSC_0bb92cf69c4332317befb20d3f4fbd29,2,5
UCSC_0f6261d287ef82cbe9167fcdf494b287,2,5
UCSC_0fbfac21074f46e06367673fd662ef96,2,5
UCSC_112d4ab53aba708db0c6e46d6b42e8a9,4,5
UCSC_11912db331e9818984e790516f395a7e,2,5
UCSC_1408d76177a2e24af298ad7a52120262,2,5
UCSC_1528a660497d59c5c334e8c3c1989269,2,5
UCSC_15cc0255d75d3e3f7755fa519e7cf493,2,5
UCSC_198adee90d7f20d86ff8d88d1fd1bd90,2,5
UCSC_1cb33ceb88c001adab07713266e07f46,2,5
UCSC_1dd19b44513013c91fac0f00a71046a3,4,5
UCSC_23d0bfa40702a6d7e10b3b44331b88e0,4,5
UCSC_2635b6108e1912b6edfc088a902ec829,2,5
UCSC_26525f56da9f6ce34bde1ad98a451366,2,5
UCSC_2b2ef37df727f2295375b86d2437bf64,2,5
UCSC_30d993aa35eed3df7e731bd50097db31,2,5
UCSC_31ba492478ac41a13a88051228083608,2,5
UCSC_329db98b9756d94e52149aeee218c54a,2,5
UCSC_35ae025d23f6da8c92702106a2646c0b,2,5
UCSC_35d4b6b9e1cc9f55ced6df33ed7296f8,4,5
UCSC_36f1f67405f7d4d65ca53292d0964117,2,5
UCSC_39c0df96aca1eafa197f9c06fb81c105,2,5
UCSC_3a74ea329e68b7517e23e9f73c62d41c,2,5
UCSC_3b0b629b7da2b9132771633aa1b0aa7a,2,5
UCSC_3dd3f1e57bd3dcc3b8e365b986a76948,4,5
UCSC_40679f836d7dda45ed0fe974a4ec3e49,2,5
UCSC_47a7e3f9ff5989d82a2728696aac1187,2,5
UCSC_4a4419314a9b2e2efb057226dc67ba3e,2,5
UCSC_4f830b790bf715e7f27d487ee4dc99fd,2,5
UCSC_5166761cf72307a7e078ba14b1234227,2,5
UCSC_51c45c837341f676ad27f2c5727092bd,2,5
UCSC_53df8cc696b1c6e42852a51ed1314208,2,5
UCSC_54e3c7472885739a9d549a375a6691e6,2,5
UCSC_5cf8c3ec83a1f779779d0573243d2ca8,2,5
UCSC_5dafcdda0e0f0e8af0ac867fd6e83e98,2,5
UCSC_5e21a8d1309099ee4cf16f3870aee19f,2,5
UCSC_5ed35d7f6df4f8c7c673efbdb22bb437,2,5
UCSC_621f75042e8c896a758070e09eb43e66,2,5
UCSC_6396dbdabf0a17c0002fa3268f62b932,2,5
UCSC_63c9ad1f6b2ecd011620af488738e9e6,2,5
UCSC_64bac4c43b0d2897a6111f8a59c3972f,2,5
UCSC_6754cfdb86907b2a363ae70ff6fa84ae,2,5
UCSC_6e55eb6f0a4df39be3798199126e1f5f,2,5
UCSC_741e813aaf302bd5ef86a7704ea4e899,2,5
UCSC_74e5d951d12778e7967e0136924d6abf,2,5
UCSC_75886d47304dbff90722a2ec878c6d9c,2,5
UCSC_79c695efc0e54ae39b61c6ddf19f76d6,2,5
UCSC_7d9cf3b218f29a5862e0b1c5439c2214,2,5
UCSC_80865783313e1eac0ba26eeda30b82cd,2,5
UCSC_819e696537de89bbe182c25619d9f6d6,2,5
UCSC_84aca7ffbe80c8e702a37d6c9633243e,2,5
UCSC_87ab5a1df3fea05d00ae4769850ad444,2,5
UCSC_8a0713e5ed1290cfbb6f894028d4ce7c,2,5
UCSC_8a3c601ac401a57888e2e760f1dc2ff5,2,5
UCSC_8cb48b6edd36dd3ac041c220efe81858,4,5
UCSC_8e569c2f536b2916e70be163f3cb5a58,2,5
UCSC_9241a12f6ed35e436f38c150c1cc5d9a,2,5
UCSC_924f2cc069080042a7e042e6f360874a,2,5
UCSC_950e4261c55fc7de295b8816900b4aea,2,5
UCSC_97458659dce729c0297326746a4b7360,2,5
UCSC_9a8173b1f73dbe99ca9a5535e48fe54b,2,5
UCSC_9beb7d8e57387d8d4922de4fc7655b77,2,5
UCSC_9c3597a7b68a859981dd708237ec2bf7,2,5
UCSC_9dd9313af26246573becae5418e3e097,2,5
UCSC_9f7e399fa50430f111c5eb5ee2a87389,2,5
UCSC_a02588d3b3d8b0660994ce00dc91ceee,2,5
UCSC_a04f4364908acfd1c843e286c0fc265e,2,5
UCSC_a1a8ab2b6e193702c07c6653a05cb98a,2,5
UCSC_a2f0d7b587fdc4b7324a1ceb96a60d23,2,5
UCSC_a3d4512b2270fbf5893fbd0695122300,2,5
UCSC_a4ef3b63eb3a29820be6dd432a673c4a,2,5
UCSC_a67728ba6f61a8c6f7b987d793a25211,2,5
UCSC_a6ba1ab4a03878ac89848b9e4fa6f8d3,2,5
UCSC_ad162edf351a33efd86ce9aa5692fd04,2,5
UCSC_ae434f98f0e7c04e60cae3e94b8b2551,2,5
UCSC_aea8599670edf5f5586b7492a7ccb170,2,5
UCSC_af6939115f019b19866970b1efa055c8,2,5
UCSC_b133604c2f45192eafa9abf935682125,4,5
UCSC_b1b32ab1b0e57ae3b828636112e835cc,2,5
UCSC_b65ee5dec11f21861d3a3daf3b586717,2,5
UCSC_b68fe44a73f2fd89cc8da962591270bf,2,5
UCSC_b8750f57da2a82eb053e5e590bd5c2fe,4,5
UCSC_ba31ad516be8210111ea3be3d2dfdfcf,2,5
UCSC_bb1d6e5b6242a8e154f9524b41880e5e,2,5
UCSC_c42260d144c5c36800d1b0df93c4248a,2,5
UCSC_c658fc652d923296a12327fcc142766c,2,5
UCSC_c74ceffafe22935d31155c2b37efac4f,2,5
UCSC_c866fea58296d848ae7889703f26b88b,2,5
UCSC_c9d1adde7bd1d1bc582df59553a43122,2,5
UCSC_ca97e807115aac2e8403e7286a2165be,2,5
UCSC_cabce1cf8c8f34f52dd99b5b85a15336,2,5
UCSC_cb061a75a9a3f68f65911462c099b90c,2,5
UCSC_cea97c04a9a76d34b50a2efe5f8ff295,4,5
UCSC_cf50c34d5b2e0f2664444a1ef6d2a2b1,2,5
UCSC_d319269d40b4f942c4ff5936d228ab4b,2,5
UCSC_d5897fdcc25e53b32cf3f2dc797768fa,2,5
UCSC_d793f7841beaff8cb1904d9ac96b2170,2,5
UCSC_d82ba5cec7b176491271437667635f52,2,5
UCSC_d87cf9caa421b9f1506b3bada0a4d3b4,2,5
UCSC_d96e63b5bcb744f160c2a6faf6b98e7a,2,5
UCSC_dad940ec1ed8c08f7a2364c381bcd228,2,5
UCSC_db1c442a5096d252d30017339635d7b9,2,5
UCSC_dbc1ae89f0f4b7788dd201de2597d72f,2,5
UCSC_dc934429598bd230f1d517097fc65f44,2,5
UCSC_df60e3b92aab0fd86548d5e253437f93,2,5
UCSC_e1a7b9e5338afb100cea632161b0358c,2,5
UCSC_e1ab8c9d1b1d6a7765e015b4785ff079,2,5
UCSC_e3291ae6b6313b98dae9c63a7e2f3a4a,2,5
UCSC_e416a2bdeac9e5a2b3d83a8cf6638b3b,2,5
UCSC_e755050bcf5731a2eba8357f342113f8,2,5
UCSC_eb5e57371343b0db313dd8b78ca58527,2,5
UCSC_ecac7a1fd53bb17d9fd1b8b3c1b52048,2,5
UCSC_ecc9e986e536a62aae9d3feb99ee13ed,2,5
UCSC_ecfd1c9b752e1ab86c626b4cdafbe2f1,2,5
UCSC_f0e0cae46e78a50decb6a7d5251e7b75,2,5
UCSC_f24aaec427154a1dc0adba946d889eaa,2,5
UCSC_f4faeec0bba15e6b4e65d3b0fd2e9f1d,2,5
UCSC_f638f8b85d4ab050a8d4aa17aaf345f6,2,5
UCSC_f7dd49e8c4b9f4677bfb6570cfd8c33e,2,5
UCSC_fd873a5f630d857cd1e7ef0f6923fb25,2,5
UDD_25cccec3c1085ffb3c785f673b01c8b5,2,5
UDD_29ff79e3216ce992e221dd8f3ffb5a6e,2,5
UDD_7c219465100d3dd7eafe5045054c35d9,2,5
UDD_b6b71f4f064fb53dda654141ad15db22,2,5
UDD_ea5e547ea0168fc4b313d465642e04e4,2,5
UDEC_0b1fa3b37e64c3fdffc08ff8b244d8f9,3,5
UDEC_0b8807e0acdbc3194e27624a9a6d77e5,1,5
UDEC_10da7336d47f09eef0eae3424b603eca,3,5
UDEC_1b1c8ea999910d1c26e4a9f9bb40cddb,3,5
UDEC_27848758d4c19d3c35106643c6f47b0e,1,5
UDEC_2dfd7ef931b2c0d2f1f72a7b4b6877b2,1,5
UDEC_3e5eee21a8e59968894ccf5bcf1caf93,4,5
UDEC_4185177e78d595c94910aa3ffb96f53e,1,5
UDEC_46ec2fd597e8358a0748a839cd541052,1,5
UDEC_4d343759aa0f4973b778e1695d0a380b,1,5
UDEC_4eed2109ce1467b035f4e718555295a9,1,5
UDEC_56bdeff827790508b4f2a7d026cda125,3,5
UDEC_64201e32a4eddc4c7bf3a8ae3259eaf8,1,5
UDEC_65a57fd1ca10ea49b340c6d53268b37e,1,5
UDEC_69f7859aefd2e9e96e28d55ebc504f1a,1,5
UDEC_7061b76fe9ea161b7eb18fd2e93cc8b7,1,5
UDEC_7498ef99e1057048ac40900aab4c332a,1,5
UDEC_7fe0c046bf8b2c88ec83db75242106dc,1,5
UDEC_85ed9a043f58891efc6e663092aa24cb,1,5
UDEC_8af6ed66aad682e1769a3f26e7103096,3,5
UDEC_8f755ee5e4a40673652812a27e3531c6,1,5
UDEC_91194368216a0dfed66cfaeb34a7c55b,4,5
UDEC_941419dd0b7d9c41bdc6f58ba8372a82,1,5
UDEC_9478a5c51d420c7abd392509f8357ffc,3,5
UDEC_a42aa21a7106a3d4df94d22c4337c8fd,4,5
UDEC_a8ddf5e1679d1aa6ecc2be6fc41121d0,1,5
UDEC_bce52b4c2a481df79406225194bdb56f,1,5
UDEC_cab33ba488563dfe98d07e92c22df0cd,4,5
UDEC_d027f1f859e22894f8c9f38e494a34f5,3,5
UDEC_dac3db1883ce8cba57b6f93e0e20cb27,1,5
UDEC_e21ff798c43abffb8730bd03c96d009f,1,5
UDEC_f240fc86f4671ee694417cf37557fac8,1,5
UDEC_f72f3aba9feea55af86345cb492a96da,1,5
UDEC_f9e32bcf23464578fd6bc2b9c6fe604e,3,5
UDEC_fab7794d62fb5256fa59b1e0e309006a,1,5
UFRO_e40c08e4e320afaa1ee4246e78a41392,2,5
UMAG_00aeec0b655d260a079cffff405abe00,2,5
UMAG_043871f42d2fb25f7b4737444624b19c,2,5
UMAG_0706911dc7add63b946ce782ebce59a8,2,5
UMAG_08cb109875f9036c2f89ea58b52c7ce1,2,5
UMAG_09c5df25161876f29990f7539575800c,2,5
UMAG_0a48c4b720cddd10788b2d2c273f4166,2,5
UMAG_0c9724c7c9a097950697d5b7397c6032,2,5
UMAG_0d38912ba4830fa3fac5395fc22a7c29,2,5
UMAG_0e8d39889c598fc191d7d18e0d72d127,2,5
UMAG_0f16fdc69eae0bf5a083c623c4964ae9,2,5
UMAG_0f2deadcbf23b4efa11e2ab9d7318e6e,2,5
UMAG_1036989861f9576d2e3be7830941d454,2,5
UMAG_123692a527bcf0a35171e8e74498c070,2,5
UMAG_14dea77148e6edf9757eba14460cde78,2,5
UMAG_1527397cec0d0f2b48914624dd2c6b3a,2,5
UMAG_152e5d3be869f4d59e0ace7e5ee9f0a6,2,5
UMAG_167ad7e2863bdd7b7b773ec7614e2edf,2,5
UMAG_188baa109da49094f2e973ab7a280e3a,2,5
UMAG_19a1bdf1468334efb85ef0f885f4a785,2,5
UMAG_1a208fa283fdf81051bc4f41f6bc94ad,2,5
UMAG_1a57c5de8f71adfed2d825bdcc08326f,2,5
UMAG_1bb461988097baa6d085e8365c9f4063,2,5
UMAG_269bcc246f25ea5402b7619d91130059,4,5
UMAG_2aed1ac64e08f9399f0fd89fc24f2670,2,5
UMAG_2c9f39d47c7cac00f13b338e2933f759,2,5
UMAG_2f0897c323ba32320274030adbb56e48,2,5
UMAG_315d38c265ceae9c69a5dcf0e6881855,2,5
UMAG_337c3a89b5b1145af9bc85c2cd9b6cba,4,5
UMAG_33f636d18b6741a48a478a846264a230,2,5
UMAG_3693b6a6ee74ad28286b3588d41a69db,2,5
UMAG_383ed1346bb13c4eb15670f0f34cc996,2,5
UMAG_3a54bde2f948b9bc0381e3afa6055226,2,5
UMAG_3b764aed14dc280e123c02cda1dc53b5,2,5
UMAG_3bb248f277ac82abd58f1768d1e0329c,2,5
UMAG_3c67fe817a5d9571f8120425f6a46bc0,2,5
UMAG_3cbdeb246541efaa004d8119c515e8bf,4,5
UMAG_3cc3c1aa037f7763ff9c84ea0a7ac98e,2,5
UMAG_3d6dd5a440881fb22589c069f051ec90,2,5
UMAG_42cfd442d8f186c1e09dea5fb9a53c3a,2,5
UMAG_42ed15d171fe87a965eeb8bc3f86b772,2,5
UMAG_46fde817c987a1ae3b4af944276b94af,4,5
UMAG_498c60091e886c61ea77ffd7ed9f96fe,4,5
UMAG_4cfeb3890c81515985d0f7d2a77b58cd,4,5
UMAG_4e65e65fed1f567910d7725d40021397,2,5
UMAG_4e7afd65e306f7f0d225d20c18fc4362,2,5
UMAG_4f7b13d7d9ab184a54c8188d2cc47363,4,5
UMAG_53d72f8f39bbd144b6342e547fa96b7e,2,5
UMAG_54170683279bf2eb6fc95d6f0031d82b,2,5
UMAG_5446bafd01460838be2ca85b8df8fb8a,4,5
UMAG_56be8a0adc359aa9ecf6fc01f98cc052,2,5
UMAG_58b08912aa8eb3c204bf13caaac78ff9,2,5
UMAG_5a2220c23ba36be54be7c665f536b1b8,2,5
UMAG_5baaaec345a5f9d49470eeed9219ed34,2,5
UMAG_5c47c6e37ae977781cb0c115d70af7fd,2,5
UMAG_62d88123b732b62272969e9f3f35d1aa,2,5
UMAG_655589be3c4c64e82aaa56a38e51b97d,2,5
UMAG_662e402e98c92b2bd4e4856cceb44b26,2,5
UMAG_685eb75ebdf993dbb8ad83f9d2b73bc8,2,5
UMAG_6adf196a0b260d94bb2ea3d6cd8040d8,2,5
UMAG_6b7b89103fc9a63dde8a35110cb08efb,2,5
UMAG_6e75ec8d54ec3d4f26f83549e05e54d0,2,5
UMAG_7000538d55371f7e8595a68ec2593dab,2,5
UMAG_71044e1b0aeb6d0a73af363b4b619aeb,2,5
UMAG_726b13ed6964678b9acb22dc0e9f9cec,2,5
UMAG_7305f38b988dd0b8f018cae288c5bb96,2,5
UMAG_73c850f3e9a6e24c109cf1b512ab5cf0,2,5
UMAG_74452e8c2f260a8ce6d40cbf033f4cfe,2,5
UMAG_76a857550b2fbef22466468f5314fd5e,2,5
UMAG_77a28d99ebb890e21787bf35a3fa4e74,2,5
UMAG_797d7c4cd64211fb9f5707fc207c98c0,2,5
UMAG_797e3bf2ced7bee91ca1e3e7256ec24d,2,5
UMAG_7aceb9babb021adc5a6ad22290575c4b,4,5
UMAG_7cef8ec5e6d7771514ba41086b88c574,2,5
UMAG_7e1e89b2fab98adc3196e50c7b19008f,2,5
UMAG_7e232cd2f61761b158bb6d6791b88862,2,5
UMAG_80185a78679737c276a11534a4a134ff,4,5
UMAG_841502bf692d8d108a80195e5d501d71,2,5
UMAG_84750fce30fb28ecadf552e8e97c2687,2,5
UMAG_85169ba143db32e391b8f4c9a998a638,2,5
UMAG_8535c3137844e606193089986d30c384,4,5
UMAG_8550b6f3f92cb5e558fb7e36e101d6dd,2,5
UMAG_85a7296d7e2cffac496e0a4a58450868,2,5
UMAG_889eea03bd0b91f26285a70587373b25,2,5
UMAG_8bed039ff5711bd09ab89795fd985c26,2,5
UMAG_92ef6583bd56df1b9ae9d2108d67e252,2,5
UMAG_930852ecbf9d1581f3291ee78aa40578,2,5
UMAG_96acbfae9b8146ea8957a693838458d8,2,5
UMAG_9bc58014d0c52a880174f68557314b7d,2,5
UMAG_a50862ae465d16cdd54f3ad4e1edcb1a,2,5
UMAG_a6d6146fca9727a05c8ff97782d7269f,2,5
UMAG_a993fa0b146d8e20691e0f1c1aa115a6,4,5
UMAG_adf903f70a7999d4ea1133b130e97c41,4,5
UMAG_ae2b6a778f6ef2749c77ce2d35e9fa26,2,5
UMAG_b04601efb774d5c9d3e1605906522bf5,2,5
UMAG_b2ca67685928db2390e07563dfa724c7,2,5
UMAG_b32a1ad671131a9632d313ad1a1ad0df,4,5
UMAG_b6c40a74b9f880d539460c00f548afb1,4,5
UMAG_b81ac2b5685c17fe440a36a2e2c18855,4,5
UMAG_b8bf60f91e1cdbc334f4e8a36c7cf2d8,2,5
UMAG_b9daeabfac48c034bafff1d4890b6023,2,5
UMAG_ba40fe04f6f4a16832e2fca5051962cc,2,5
UMAG_be387cf2e5fcd59565c18174e362ef97,2,5
UMAG_be9ffe0bf65589bd91545e07bd72d591,2,5
UMAG_c595694805852cb2ebbf1ca8135d1aa4,2,5
UMAG_c7763c2349c367a10385f0a9ab0e7df2,2,5
UMAG_cb387c4924d6a273dce717857e2b26b9,4,5
UMAG_cc77a9a235d2362b3dd751f0a8af0586,2,5
UMAG_ccbb6227f51ae5f95a2f142a1ce232cb,2,5
UMAG_d04764eee86a04289dc41567c3187d02,4,5
UMAG_d1b3ed241597dfd2d9afca9080feaac9,2,5
UMAG_d29deca9aa77a39167520d61510cdb07,2,5
UMAG_d3bf60e988a4a5975efb9bbd37e43dba,2,5
UMAG_d47cc1a3350a3165cc40e086ce9f7016,2,5
UMAG_d5667e2b117c922a56d21f50d7210fb3,2,5
UMAG_d5957fad52a52ad70bbfe19af1b48b08,2,5
UMAG_da572556e60db8f46647f541fe8c0316,2,5
UMAG_dd2b6c034b8026feaeed3862e042c202,2,5
UMAG_deb6fde0fd6c1e438a01378bfa4e490b,2,5
UMAG_e67f6951fb50a3c7b20bf1a712be6f88,2,5
UMAG_e71a3e1bfa712565517cffba7451e4dc,2,5
UMAG_e7273bfa8f63390488ecc48b0cf17072,4,5
UMAG_e769703eb69b70887b0b280e87293137,2,5
UMAG_e7b3df8a3d0f24b39b0598856d798a97,4,5
UMAG_ebf47b69217effd5f305b6af24193665,4,5
UMAG_eec48e3a2cc78d14a9a51d877af4e6cb,2,5
UMAG_ef319a373b66fa3563b5f4dbb3eca672,2,5
UMAG_efa5ab4031be0a6986511134a3a8b9fe,2,5
UMAG_efcf201d2369beb8307ded4c3922e19f,2,5
UMAG_f1d52f8021277430ca0e724637d2f75f,2,5
UMAG_f1dddaddca8bfd5640790a45f19c3530,2,5
UMAG_f389f9f0e29070d443a1f4ef36333e6d,2,5
UMAG_f6ab74d0779fd05186924e3f2323dfd4,2,5
UMAG_f88b74f7eaf61068fada0a856b8c3948,2,5
UMAG_fa640b4624011a0cb65c1e7b76e37445,2,5
UMAG_fc3da86633fe82d0b3936070b3337652,2,5
UMAG_fde8c97e3e8e8af2a301faa450c90701,2,5
UMAG_fdf292b62ede760aa85f675320311228,2,5
USACH_08d6f433be1067352155246c4d79bd95,2,5
USACH_11e279148fa37ebc7db18d59bdce7202,2,5
USACH_2a3ae2070f0446afcd0bf8b629ef4961,2,5
USACH_369cc495333827d4559dc49b7c7a22db,2,5
USACH_4fc7a16571868e2cfeb630dbee6d393e,2,5
USACH_73018ee28c4c9b66195d74653de9fa51,2,5
USACH_73c605bc836f07107bc863e226f2b3b3,2,5
USACH_90e608b96e454eb38b942f4293a2fb08,2,5
USACH_ad87979760c819d26a98200ff70ec2f8,2,5
USACH_b2d48c19bddf3128131965a0d9d9ff36,2,5
USACH_eaa3cebef00d091698a0f0e453c31d03,2,5
ANID_00dfe2a624ecab3b5aa03903befbd07b,3,6
ANID_025fa5620c54bec91d3e08fd5d2c9f94,3,6
ANID_0346e6609a02fdfa0e948e23544b9903,3,6
ANID_0462f398d00a99fcbd9aee6c71747ce3,5,6
ANID_066278afea715a58288f9ea5c2a842c7,3,6
ANID_0ac244a9086605f8fea26df3637ac282,5,6
ANID_0c1511af7460108ee7504aa18727851a,5,6
ANID_0d13a1f0489f4e862d75766126cf0398,5,6
ANID_10b06b1c7a060671ccb460c1b3c8c132,4,6
ANID_1257849af4e085c61536fd386d731ef7,4,6
ANID_152d6e55ca15e5e96a694eb8c4199c03,4,6
ANID_16e0dd6be1bee971178062d54ec194b4,5,6
ANID_18b9dd3b4ec63d7d3adddaea4920ee1d,3,6
ANID_1a196d1ba979f99afc44e911bcfc03d7,5,6
ANID_1cdcc27baed90770ad315df5b37ad661,3,6
ANID_22bc1107ce372215b968f91edb49dd73,5,6
ANID_2533f07cebb826b4f105a298f41d2dc3,5,6
ANID_2563bbec0ecb396e936179fe31b0c1a1,4,6
ANID_25fa4e87d736c3bc42e040e6e837d45b,3,6
ANID_2693009ea148f52d2b7794ef4f45bd8d,5,6
ANID_269e9d28962aea9115360bccde27c115,3,6
ANID_2805b7797b3e7ba2266a0a1905879b4d,5,6
ANID_2f0f4bc143206c79207f3519a6e8eefe,5,6
ANID_300cdb8e34706fb420f95963efe6b30d,5,6
ANID_30899a0ade6206208de16ddea10e2e67,4,6
ANID_344be1546f5544669e9d1907a9552d84,5,6
ANID_373c797ee3a4bee8a58bb1dfc8b25428,3,6
ANID_38f3295ef2c0f05f988fe4278ae55def,4,6
ANID_3974e4fd27f7b1f1c0e6c589edd4dc8e,3,6
ANID_3ad6367b4bce0fce2f1db742d7082d0b,5,6
ANID_3b15aadbe175d336f35c7610faac55e4,4,6
ANID_3cbf0c00e4de45fc4dba94e7de69068d,5,6
ANID_3e822ff69a222a32a36a27c07ba79259,5,6
ANID_3fdf6184f216f40a5e75b7ebd7b94ee2,3,6
ANID_442b5167e09103c6ac497ce76161c461,3,6
ANID_47af5e129af870955479ed650495b295,4,6
ANID_4ce72586fca31df42a305357deb99930,4,6
ANID_4e41b557a150510c6277fb6938b1562e,5,6
ANID_4e45f422abe2f913393b39d1cf7f043b,4,6
ANID_523df9f34a0fbd46ffdb36568617a0a7,4,6
ANID_53efa9f0a8eb3a60b5e3bb3aaf709998,4,6
ANID_57a9ac73d87e36acde27c6ff31f410af,5,6
ANID_5b1bcade7def555c48e38c6144602b04,5,6
ANID_5ce90e3632fdc557d6740b9e1bb83549,5,6
ANID_5e534e118b3059d3dfa3e0c64c5ca401,3,6
ANID_6325e888a74d672f1de31be6dbe25f36,4,6
ANID_64e616a285246dd5e24ae1c6705d3050,4,6
ANID_6986ac6c5df118d9dd7ad8d536c7c552,5,6
ANID_6992bee504ef1f8b21174d56e637c70a,3,6
ANID_6ac0f0bc76ee9b4d503e5b7ae41e5069,3,6
ANID_6fa5a5eeaf6bde4830ddca5115e3f210,5,6
ANID_7159f536bd3ef9611f4491ca35814633,5,6
ANID_71e437ca759197f1be751e58ab4569f2,5,6
ANID_7468e4552764582c830b64d927eb374a,4,6
ANID_7568305651f499c3f37ac3de1f01d4c9,5,6
ANID_7bec25c3ccba579e2cfe7b0ac164fd1b,4,6
ANID_7d08f96b0221ac2e3103f4192a4f2cf5,5,6
ANID_7d0f0061cb59e23a4551c2d8b7a13c25,3,6
ANID_7f8cfdecae5bf1fd802fb5c7ba07b34f,4,6
ANID_80a3cb486cd101cf8caef4836405d1ed,4,6
ANID_84b02f419764badab1fdb83683b19bb5,5,6
ANID_86dcb6faf3a2b2d383f33caa01882ce4,5,6
ANID_8c3b1a71749478c4bdf16e66be1a2356,5,6
ANID_8dffd1965e1f4fc7f3805db351677794,5,6
ANID_9006b50ab8b8426a88aa00ee70d82fc3,5,6
ANID_912d0fb4b99dd6be7956100723dd4106,5,6
ANID_92aba56059333431c26c4e0fc277b3f2,3,6
ANID_9635e8962cff5f66f305f39a571d890b,5,6
ANID_98f1db7576bac4f06c124f8f1e6acaea,3,6
ANID_9ed2e2b0062aad59e8de2118578c09ff,5,6
ANID_Infor_0e4dc18eb9c8d5b80cdc21ab77cbb491,5,6
ANID_Infor_12b7c1632b2e42b60e3aaa7a1c1d75e5,3,6
ANID_Infor_1642567f23ffc8add575f86606891dd4,3,6
ANID_Infor_18524c00319ae17c43d103a83f576462,3,6
ANID_Infor_306b472bfa31f549e2b5a480507b085b,3,6
ANID_Infor_3a2d0a93544a0e64c19f1daeb4abad5c,5,6
ANID_Infor_4107284e2c9becb4e3b84b02445fc0d8,5,6
ANID_Infor_4191714c707b14cb8aabd3d9a00a717d,3,6
ANID_Infor_4ca3f26abe4f9a21b3cb428c1eedd148,3,6
ANID_Infor_5cb3995c0ad8304748ca7e66e1134dfa,5,6
ANID_Infor_670be884d10edf27f9a708611f59eae1,5,6
ANID_Infor_688458dcd23cf091cc065083c0716be7,3,6
ANID_Infor_71e705214d4a67e31358373e920af3d6,5,6
ANID_Infor_7449b64b5de076a73e7438da8fae748c,5,6
ANID_Infor_77c4cb35f133582c7c060e609072b23e,3,6
ANID_Infor_85729c0f4b4851b4f861a4270b4c24a7,5,6
ANID_Infor_858c29326e827ce92eb03eda66120f33,3,6
ANID_Infor_899c535bc799383ef03331bed4c4ea7d,3,6
ANID_Infor_8f497265a79c67ea49a68c5b47c1c969,3,6
ANID_Infor_91ec8ebff3c7dfbb4fa85ded892c6fc9,3,6
ANID_Infor_9bcb34af2869e93b977bad19a879309e,4,6
ANID_Infor_a4e072b5fc3c8dc745253e844330f2d4,3,6
ANID_Infor_a4e3040984b0a47f30258c494ed302d0,3,6
ANID_Infor_a77f02560ba322fba5deb93991af7e27,3,6
ANID_Infor_acd8c7be3c53f27424e03ce60ff0daa8,5,6
ANID_Infor_b3ab3bead2b05ed037cf39591de2dacd,4,6
ANID_Infor_bc11a89554e9c6bc1025522777f0b73e,5,6
ANID_Infor_c841c7777d923d7abfb2bcad3a168bfb,5,6
ANID_Infor_c95470af927f69fb6f35c82af104f77f,5,6
ANID_Infor_d1743f4c1f6db5bbd8d7da0d4e27ff69,3,6
ANID_Infor_da964d12801999d36006d8e543db9601,3,6
ANID_Infor_f8f518c988c0832cb1aef984b82ef748,5,6
ANID_a3dca77714b757527e81a3c59e7cf14f,3,6
ANID_a4c6a0642e9ddef6471585da99ceff5b,3,6
ANID_b2b83c83b2ba5ffc7ed4737bc7f426d8,5,6
ANID_b4db55af3ae3ceb25b7332ca56228e50,3,6
ANID_b7e18cd05742fc0cb54b190612db770f,3,6
ANID_bccb2d66df901203b4246ccc8f118c95,3,6
ANID_c0925d1edfc5bcece55ee4104ae98af9,5,6
ANID_c34a0efa36bb918310999750ba773a79,4,6
ANID_c7a94e75a7156a994c5e2dc82f1dbf56,3,6
ANID_c7c0b80221d05968190764e831bebe67,5,6
ANID_c941dbec3a655fe22132db8919d45b17,5,6
ANID_cb87fb19f93773e6b9eef61f90be742c,5,6
ANID_d6ad8ec76a565696785e21c03792cc8b,3,6
ANID_d7d45b77fd926c55de777ef4ef7555cc,5,6
ANID_dab01b132f58ad5e7a9f4abc9b00fde1,3,6
ANID_db7ecafdc35a7ed0e2792137ad97128a,5,6
ANID_dbb0ceb67fe7c0cda47970c7963341b6,5,6
ANID_dbd6920689ef4012f944635058c29d23,4,6
ANID_de7ed6e2238249ef0ddd66cb227ab032,4,6
ANID_dff7c6b7f97f5231ae10adfe0edd7203,5,6
ANID_e0c0f82b2311038dfebf54002ec06dc8,5,6
ANID_e261b377bb742dbd86a9d8b77dfb162b,5,6
ANID_e55c7c7e26a814d871429ddcc8af1ebf,5,6
ANID_e6411a030c5904ea99ce1bda5b3800bd,4,6
ANID_e8bff29680ab169c7efa911460fde389,3,6
ANID_ed669e84fd0fcdc9343b4453b7d9178c,3,6
ANID_ed7d56de0ae729fdaeb6a09e9582da53,3,6
ANID_ed9b6f1dfc76f56f94f99c6cf9756cb2,5,6
ANID_ef413a30a988e222f2e512e025b75cf2,5,6
ANID_f54cc29aec6fded06506d2cf3be315a0,4,6
ANID_f5522d3a8981e93245725c8374525226,5,6
ANID_f77a922f22b3f88276e58dbb89ef9a6a,5,6
ANID_fb3172ee2117fd2cc47f7f1bb055436a,5,6
ANID_ff2c32142b129a447c0cbf37575eebc9,5,6
PUC_009f87c6c37fa4e1b8611ab3f0a45fd2,5,6
PUC_01276afa8e4e67071d27b55924ab5f60,5,6
PUC_01bd969bcdaa44563646fd5465010e90,5,6
PUC_02193ddf98c3ab350ef422450ec1c9e5,5,6
PUC_0265012e3b433cd72dccd985908b6303,5,6
PUC_03ad6aa20b42235f02398c586f7209f8,5,6
PUC_03c04db8e06d14c605b5fda431f11a02,5,6
PUC_047879722b8e4234ca4e5f2ebc9ed358,5,6
PUC_05ad9c385ec566c61e2efa60e1980a1b,5,6
PUC_05b475c1cc99e6b1f1f6ebf00866757a,5,6
PUC_05b884bfee8dca56b6031cecbdd056ff,5,6
PUC_05ee0758da507f7e23d289ea4b3f42a1,5,6
PUC_062f7196789b42017568cae8c169692d,3,6
PUC_065358c681fc311bfda51d15112ca65c,2,6
PUC_06fc7f01b043684ee5a1c575ab63a5ef,5,6
PUC_074ff5e7df7a68fe5e235931485d42c9,5,6
PUC_09105729e4deaf3da365a3378376fb32,5,6
PUC_0949749ab358f0e509c0fe86d704139b,5,6
PUC_09869b10abdcdd0e9a2696ef7fb19453,5,6
PUC_0a21d0e01efda348cd415107ef97494b,2,6
PUC_0a32bfcfac40a780e0171ae0476609f3,5,6
PUC_0b9d70528419b05c80c124d1cf604ad2,5,6
PUC_0c66ac78084699dac3194c6c5497d9b3,5,6
PUC_0cd6a0ea80e13f0780974482abae8d32,5,6
PUC_0db92961fb86f3f515dde20bb65884ec,5,6
PUC_0de2ea7a1b90da8409b9b79ce3dc5d3e,5,6
PUC_0e7c457f4880b0c46ebc3affeca6915f,5,6
PUC_0eea7251085cb1f64c9587988d1520b1,5,6
PUC_0fde92dcab52476c1da26edfc149a50b,5,6
PUC_0fdf94096bcf8657bfa2702f911a483f,5,6
PUC_11bcc00fa19bc69e064f58c17198bca4,5,6
PUC_12a6be75c8b6f4b1777ff967d13fcc3e,5,6
PUC_12f468766db4f381bc852516f6e4697e,5,6
PUC_1386d4febd971011e621feedf863af73,5,6
PUC_13ad4d28f5cbc5ffdd465ef6bbc5cd2d,5,6
PUC_142bc73c24e43381cfe07771cdbe28a6,5,6
PUC_14ce5f803ebf9d6d2d9c8ff329f825b0,5,6
PUC_167a75a64af733a577df9a07ad00e426,5,6
PUC_19cd89d5dac2074165504adae456810b,5,6
PUC_1aa2816f73bd28c6f84a8c41fbe89341,5,6
PUC_1b62d4ea7e8946490a5cd9fc509b234b,5,6
PUC_1bd560d1e5a61f6ccc08296a63892e63,5,6
PUC_1c74eebcd1d740bf6b42e043b15201c9,3,6
PUC_1d01c6c0cf1815a8d3ac56f7d03ef890,5,6
PUC_1d9e385cc80f57b1dabb5228593a9548,5,6
PUC_1df04718492d1412f572e09bab512f69,5,6
PUC_1e1f6b8e9bb674ae61b31e72a7807df7,5,6
PUC_1e315af5beabd11b2ccabb423a11a0a0,5,6
PUC_1e841cda9c15b47e2b4f50163ebbe5b8,5,6
PUC_1eb3820f3d9c38bb10c690a6c92e6c3c,5,6
PUC_1ed77b1e31e3546a069827aab37089e7,3,6
PUC_2008dc342d3245f36f18cd2e2bf47cab,5,6
PUC_2042d28da2f6ab9b7c578d60f34d8976,5,6
PUC_20aec2aaa2385b1cea9daac8791b0131,5,6
PUC_211b8278c54fb80cb87c9847a97ce5df,5,6
PUC_22041600cdb623f663bd379caf58e722,5,6
PUC_2248450465673f4a343ba1928c488178,5,6
PUC_2275b9769ab99f7d26509690d3a36472,5,6
PUC_22b31a32e1e8fa54d8e66f6c475e35a9,5,6
PUC_22e0352b0a3bb0873f0719ff59aa18a2,5,6
PUC_23625eb2c8bec980a5559ed097d5dd2e,5,6
PUC_236ba762e2705248ce098be172d60353,5,6
PUC_239c1c609aa8ee6767f53613ff50a5cc,5,6
PUC_23b83d53b3c28a5448b2ccc21fa9edd5,5,6
PUC_2405309fd29181a0b3ab5028a9865428,3,6
PUC_2644b7d83cb6981ba71330acb62780f2,5,6
PUC_26d0b58b04eaec48f7ce87fdc21b9a81,5,6
PUC_27c6e66eca012f611d0b9c6730c42e87,5,6
PUC_2855db7893f2c492f1bcf296e62f3345,5,6
PUC_286184a6111e68e096ebcf641454f124,5,6
PUC_286f36d9d9b958b6a430e2d3db08dd3f,5,6
PUC_2885485f21a346b5d48d03e741b00559,5,6
PUC_28b2e8e1be5cc2c2ffde733e926d7b3d,5,6
PUC_296ae46b9b5bdf5e5a609430471b16aa,5,6
PUC_298f2d0b0b5fa8154bc006daabb2ceb1,5,6
PUC_2a3492fae3495f3ba7094f2973f52fdc,5,6
PUC_2b0d72dfde132b3ed8e08cadd6325ce2,5,6
PUC_2b3cbdecf23a8967090529d9beaccfaf,5,6
PUC_2c37e20fe0f520b73836d2ae7c3bca54,5,6
PUC_2cf19007c2cc47619acec75bf6a3ce09,2,6
PUC_2cffbd3c5a34d8a583026e0b188567fb,5,6
PUC_2dbbc613d1d5ada87d0d59d37ebfc2d6,5,6
PUC_2e9ccc17ea0912ade3b6f8d31f34a33d,5,6
PUC_2ee7426712a6e2b30e7333ae4466c8d8,5,6
PUC_2f22f51a77d186b879cc3d81da468fac,5,6
PUC_2f87b11e1bbc6053b01b004bc9a12b1c,5,6
PUC_300f1284909190c3aef3765716f4b29d,5,6
PUC_303a10946d064c9ac804271cd9b7106a,5,6
PUC_31b5fb150006a2f94b3da04bd3952172,5,6
PUC_32bd6cd9b61a5bf48eec15acd0eaaa1a,5,6
PUC_337765fc5942c6cf3fc7a8d1a7fa27bd,5,6
PUC_340811275bd996cd295eacc362eff5ab,5,6
PUC_345e5abcaa9f8d375eac42344d5f3ac1,5,6
PUC_34689fc58c5ed3d123f5da2702b284be,5,6
PUC_347a7b2b33e97d4a90db5d234f5ca5b5,5,6
PUC_34caf3dd62071a032e2346f918b4c557,5,6
PUC_3547eff2784a0a1143cdc4a1f3ce3a28,5,6
PUC_366b4b613d75400e7386b3ddfe23aa4d,5,6
PUC_376f8931cd955c285f1de61d777fc2da,5,6
PUC_386d02fb65abd8bf9a1878ea072acc47,5,6
PUC_3907b8ffeb2e6348132e273edf3838dc,5,6
PUC_392d16984280124b206a09d4489273f6,5,6
PUC_3932f57b6de1fb58392fee0e6208c1f8,5,6
PUC_3940051a89da57f9d137fd00d8165119,5,6
PUC_396bf7494d4e8f8d8e52a434e0235032,5,6
PUC_3ac4c32a5fa78efbfedb49eca0e8d9d9,5,6
PUC_3ad1bdd8343de7447e3a60def348bf4e,5,6
PUC_3c2a4fe4471faa5a8eb3c808b48f932b,5,6
PUC_3c498b0e30b6b03b147f78360e8264f3,5,6
PUC_3c76d8df0f83784bf6911f3e1a1c286d,3,6
PUC_3cccfddd2ba4f3d5b1292d361ddaa92c,5,6
PUC_3d7ed903c4eaa9936384473f91dbdaa4,5,6
PUC_3e11fc1ff48e21b9fcb0bcc0c3e18d12,2,6
PUC_3e2560d6b64ca3973a7ad8dc0a4d275a,5,6
PUC_3ed8a429dd8afba4496c4ca767a565d9,5,6
PUC_3f1691615a5b833c7da3d9af8470c1ae,5,6
PUC_3f2f8039a75079615480bad3747dcd9d,2,6
PUC_3ffea4c65bcebfac5d52d61f8255a47b,2,6
PUC_4004e86e7e04b565b8f8c0e3890c8ca6,5,6
PUC_405d54969c6b9a40a708793b1f5c8c7e,5,6
PUC_40640db7d784f481cbf7d6af1a2ddece,3,6
PUC_4139f8a10d6e7b3babadec320f84e1cf,5,6
PUC_421e326f1a86d4f6853ce77ed63f2402,5,6
PUC_423ca7a61b810c54f1b179805a5ce3f8,5,6
PUC_431968766c9b27335948de33dc5bd048,5,6
PUC_437a55e22a5fbedb760f0c87439f0a68,5,6
PUC_4390dd4eb323747a15a8ff7c2fed50c7,5,6
PUC_43b49ec956a5a0b1107bba4a84a5a73a,5,6
PUC_43c1f33b0ce3b233fe593c52f96919fa,3,6
PUC_4474fa324ce14ae5cf5b742af70238f0,5,6
PUC_44a834054e00aa07dcc619306405cca1,5,6
PUC_45341151eb4d0fa5bfa4ac21cf9e492c,5,6
PUC_455615cb02e6da1f09c251667cfb6cf9,4,6
PUC_45df9f9f990d161898581f50efbd018b,5,6
PUC_460dad84b53c38db2d75e5ce16d9fcf5,5,6
PUC_46b109a32a8dae1479eab45dd06267db,5,6
PUC_47da654759fb0b870dd2551218e77ca3,2,6
PUC_47f2fb0937197b8298f1e099e9a36a2f,5,6
PUC_47f381eace28f354795de360acd4a055,3,6
PUC_4978da6d93c2f33fd5432a887d6f6d11,5,6
PUC_49b720281db14eafe64538c09c569c62,5,6
PUC_49fd405534ca74dadfa6359c2ae64d53,5,6
PUC_4ada0f1d0b05d294eeb69e045a546448,5,6
PUC_4b1871268529df9c9ae0f179b0af7208,5,6
PUC_4b70c0aeb5e6e7ce19ec1775faf938ba,5,6
PUC_4bbd72e30b7444d5bce6682d3d5dbdf6,5,6
PUC_4c5b26df8413b662b8caba916db99b89,5,6
PUC_4c8a64912886a4775c2b9054ab6639a5,2,6
PUC_4d60df4ca4f86b5bc2618dd86dabad93,5,6
PUC_4d7a88a69cb6034c14182f8b79d4a237,5,6
PUC_4d9312b5037589b33545d2de1214269c,5,6
PUC_4e9f878a93fe582f95b97c875a3330f0,5,6
PUC_4eba189f7b2c1f7e5bf4a523b6d66ca6,5,6
PUC_4fbc8946f83f1bd3a515e02cc9499892,5,6
PUC_4fbe58820bfcb545ee13427fdb2d0e9e,3,6
PUC_4fe40dd9a2ad8bd91e397c94c184ce66,5,6
PUC_501f342d3a469a2e5312c417704dd807,5,6
PUC_50219f22f2e635426aca223567341b1b,3,6
PUC_50261b0684ebc43e718acd5bef27460d,5,6
PUC_517910a35ad84d493297eee2416072df,5,6
PUC_51b607ec0f92465df19ddf230fefa079,5,6
PUC_51c9bed2e1dd665e403699c5ce0d9fc7,5,6
PUC_51ffb2d962bc0765bcbd5e60eefe2b16,5,6
PUC_5281bdb6bb38d5a7d9d31f3064252b3d,5,6
PUC_52ffa381cd2b3ac3fd73243bd9bfcce7,5,6
PUC_5343e2a8ebcde4c4c3c60fbb9db5a2f3,5,6
PUC_53ca42986c05f7f9a7ae56ca910f6643,5,6
PUC_5431a273f1c40985f31b0b1722402082,5,6
PUC_5434ce09b64e1a48452d4269b6e047ae,5,6
PUC_544da090bd5cba05d0fff7aeb629e156,5,6
PUC_54ad7ef53d2e7af2fc600ec41c76e24e,2,6
PUC_5502ce1493ec0de143619085572267b7,5,6
PUC_56677c3cebc789d814cb468cd31d31de,5,6
PUC_5701db56b3320a128d29f4690c4c90fd,2,6
PUC_57e9e27eef17bbb23fde9f310c8d02bb,5,6
PUC_5857474561901b07ab9fe7105c9abc27,2,6
PUC_5864c0ba8146b5fda228d0c0942188d8,5,6
PUC_58a16bc22e5a7a6cfdca6275d7f8d369,2,6
PUC_58b687940b2cc7eb8c285a07508836a7,5,6
PUC_58c7821e49566f3ce32a7d53a005103a,5,6
PUC_59447429442f2ac8280fbc33ce11c469,5,6
PUC_5ac744d91b106205577f60aa5ed8ef4f,5,6
PUC_5bcbcebdee5727e3923c974220a5a5d9,5,6
PUC_5c5edeeae373c8c1cf5002d3142f8530,5,6
PUC_5c729fa4f24ce247aa75e2d6d7806580,5,6
PUC_5ca184f9e74070cd9ce05091d37e45a9,5,6
PUC_5db1805aa00eaf27baed4cddcccd0abb,5,6
PUC_5e8689d021e908ff48232ec942f9e2f8,3,6
PUC_5fdcb368617a8e535f37f326f4c3ffde,5,6
PUC_60ee8a72274e272453b22b090f1fe48c,5,6
PUC_61eafe8ef5f81840dae6faaef29e55e7,5,6
PUC_62ada13edd2d41f5a46f824a4f4c649f,5,6
PUC_63122ff25f78f2179a8e21cc9a2dc1d5,3,6
PUC_63985e534f0ededf8b8a25f008051de6,5,6
PUC_6451f984d2bae8b1b63c0bd52ad4ad9f,5,6
PUC_648807c02300491d5bd4e48404aa5519,5,6
PUC_64ae8c33090eb6011566e2f006b5a6e1,2,6
PUC_653b54ea46b2235a1fdce3c88c1cc34b,5,6
PUC_67046c0198f2beef7104b3fd518da9ca,5,6
PUC_6780ef4b79a6f7d7ca9a5f56ca3f1b74,5,6
PUC_685cb565c3d5d557e4a1ea8c11ab61d2,5,6
PUC_6956ba7289f4afdc3dfe65186894774b,2,6
PUC_69ab53b07b57045a011570a8dd774c02,5,6
PUC_6a5c3b9121a6d0b9c31213e66979560a,5,6
PUC_6b172a079aa8874cc45f15293a9e5fe5,5,6
PUC_6c5392258815877d24f40a82535d7b86,5,6
PUC_6d7f37ef05e6bcd61b43006c64cbf5c6,5,6
PUC_6e92c323c634f3d67f09bc1adb48fb05,5,6
PUC_6e94e6ac12fd761cf40242800ebab24b,5,6
PUC_6ecf7d5c5294f3df6fdac5b00f260921,2,6
PUC_6ff14049fa6d6897ca884453809f6edd,5,6
PUC_70237fed41d23164c4e116398d8559bf,5,6
PUC_713af6bfb088e8e587aeae2bd5690ad6,5,6
PUC_716078d50010f80c7400a92a974f6670,5,6
PUC_718e3c9f96b090a0298233f36bd974ca,5,6
PUC_71d14bc5b4d7167c35d4d2f41d981827,5,6
PUC_72c6384f705e173fd297fc87c7e92f73,5,6
PUC_72f9da0fb2d31708672904b4f7f08557,2,6
PUC_736e9fa2df66cf460ea9b6e286fcd4e2,3,6
PUC_744c1eabd316170081bce75806ddfbb8,5,6
PUC_754d8b899e1702d98779a79f78f05e87,5,6
PUC_755944e6973bcbb310c853a85e1bc91a,5,6
PUC_766213407b7255274503873d3f9a1208,5,6
PUC_76657bd4c51a2695be28b22c1e69c953,5,6
PUC_773230003e847acf8e153b071194eaef,5,6
PUC_7780c2efad200d36f7219b5095352e00,5,6
PUC_77c15e0703da2a8171f077ae224e6a8d,5,6
PUC_78424d722b1403d6add2d9ec5b9fa8e8,2,6
PUC_785784d772db82277fddc705ea0bdf79,2,6
PUC_785de2f14153b1c5912d3b7141bfe555,5,6
PUC_7865c8e8957e2248daca66a742e41140,5,6
PUC_790ef4dca3d2a78b913a5498869f1323,5,6
PUC_79121ea27fadbc5c64a0ed366adcf094,5,6
PUC_7b5052cd59f48a8f2a7a2d7468d1c00a,5,6
PUC_7ca9177c5d2041b27fc29933f4bab308,5,6
PUC_7d77c92fbac4739c1cbb66a5c3aa825f,5,6
PUC_7dddd3d6b7548f46bf9033067148c486,5,6
PUC_7f2033b4151897d85d0304e3c0606f0c,5,6
PUC_801834eddad1de0583a974979ed3d2c0,5,6
PUC_809d42698f0c98432adfb3b04997fcef,4,6
PUC_80a56807b03df4a17e736a6c9a6b1c8c,5,6
PUC_8129c09a44d1101232e1497fb8e015e7,5,6
PUC_813bd21f5d4ae3dcba598c42ebf5e1b1,5,6
PUC_8153e78178bc93aba4668e76fb1679fd,5,6
PUC_817731b81910a766278b1cfa76cd90f8,5,6
PUC_81b8ec15fe1ae4b007b71321ba0d5862,5,6
PUC_84894a81444fd6d9f8f9b0d11c8fa069,2,6
PUC_84957a1fedec61b435f2522cf8eadf53,4,6
PUC_84a773d664fcf148093d10fb6939774c,5,6
PUC_853c2bd63c480a9bef96538e9369df4f,3,6
PUC_858536edb0ade9bbd336a44fbad7475c,5,6
PUC_863b77b86ec2c1a6aa19f23f0c34850f,5,6
PUC_8680eb4e6f192251dc3461308ea8b214,5,6
PUC_868b6f3d2df1274e7860174756a6e228,5,6
PUC_86d2528fbab6a35e62748c93769c2401,5,6
PUC_8770f5003d8a29102c406a889a2b5a10,5,6
PUC_880f7fe853f4ae484eca89a6d6eb6930,5,6
PUC_882624f103d7a44b47d11e78ec2a2439,5,6
PUC_8a12698e5580d001c94fe8cbe6a0c489,3,6
PUC_8b68a902a94727bb861fcc94bfb3d0d2,5,6
PUC_8c00b00d6399d433c385b534b78ec325,5,6
PUC_8c03053092d45c3ff5125c5385c12bca,5,6
PUC_8c25bcfb88a18e7c02c2e0f4386cfc34,5,6
PUC_8c84b04e7b6eb2b72b4d40e2a9a1b25c,5,6
PUC_8caa6129c8c92ebe8573e9be042e5b40,5,6
PUC_8d81b90dab7c6917d821240d2740c901,5,6
PUC_8d9aeda49779d88c928d7660eed27135,5,6
PUC_8da0690dbaf08e9296abeb609316e220,5,6
PUC_8da4c412d6ed0350e5e6ab4c90e9a1bc,5,6
PUC_8dcd4f1c402ddae3184d74763d1abc23,5,6
PUC_8e31a58c30315c8f18329e485e23f383,2,6
PUC_8e8d38524c4c1276bf469eb05c54f020,5,6
PUC_8e9a208af2428ef7df0dee48ad0af043,3,6
PUC_8f12b494cccb0664002663e992f4c8de,5,6
PUC_8f7da273e992ad28400f27ab1476c7dc,5,6
PUC_90061f366ddaa2eb2a690d9f05fe7ef1,5,6
PUC_90564401a516c73eb2dccb9a93d0235b,5,6
PUC_90f2898eeb03c1c76093d63063895bfd,5,6
PUC_90f3ccfcba278871c257d031089062a1,3,6
PUC_91a9b75664ad97616c979b081dc855b7,5,6
PUC_924d81991cf05709b265259ee3873c4e,5,6
PUC_92dc17a5702b3216a24752d99c86265f,5,6
PUC_94455c5e7eddd14f7cc587f6a794daa5,5,6
PUC_948214d8f26f82530a7a719364d2f497,5,6
PUC_94da9502d09543566582447b74edfe97,5,6
PUC_950152b7d2e0c012ab650c8fcf786fab,5,6
PUC_954d7c67482515ae1151558788bacf53,5,6
PUC_954f9bb8124814beb0c288ff42c51633,5,6
PUC_958688c4a88f7d006ce8985ede359a45,5,6
PUC_964faf7ca53514feb34f39ae49f991c9,5,6
PUC_96d5fb9746251450956a65f7d46e43d0,3,6
PUC_978906be892e575867771e86690e3148,5,6
PUC_98b938876d2af2c1219f482523c639ae,5,6
PUC_98e3fcf38aa3d3ad071e0721e6a27010,4,6
PUC_99a1a79a2dd9db592888c71fcfdbd243,5,6
PUC_9c622e17c1aa67616b953f07c1eef3cf,5,6
PUC_9c817ce29ddc043e4c538eae0d6ffbd0,5,6
PUC_9de244b4534f28f05231283e80e5bd5f,5,6
PUC_9e156b0f9f470acf36c2f53f6b1ba287,5,6
PUC_9eb253210beaec135df9ad8346c84576,5,6
PUC_9f2bf6848cad32bf2645752288b520bd,5,6
PUC_a05d73983f07038425ca8513d3206e5a,5,6
PUC_a0eb26c8df00ccdc690787a8c512392a,5,6
PUC_a11ec0a4bed6d47e0913ea938f55a703,5,6
PUC_a12e2211a8476a68b704a6092c2a632e,5,6
PUC_a2d79c962f98cdc30f58953e18f6c852,5,6
PUC_a35e08033ccd629e6246fa2e42f2b573,5,6
PUC_a374be8f6516ed859c7e20e2e7d4b26a,5,6
PUC_a38ce9a16fc80d11bfe04e9d2cd62386,5,6
PUC_a52dc053e9a9f01be4f9275cb911e889,5,6
PUC_a6642e39ec0ef2b8bced59ed718cb91f,5,6
PUC_a66492fd44efeea310cef443320262b3,5,6
PUC_a6a71d4528ceaa02442e0c99d4de98b2,5,6
PUC_a7d111262337bf07a5a61fa54be0dc6a,2,6
PUC_a890904e81be20d7c5041e057031206d,5,6
PUC_a899de1b952ad4561996a5adc6232e58,5,6
PUC_a8c3ed8cca5382614ecefc025dc7c9a0,3,6
PUC_a8fc27d52c0a81e82a5bbedd2e869ab9,3,6
PUC_a9f5d64668c82f9fb981eb12251089d2,5,6
PUC_ab66fe69c65e4605248052333a09a2a1,5,6
PUC_ab72eeb9d53fdfb77aa7633ccffb21cd,5,6
PUC_abe1249eb623dd67157e524064d9a2b2,5,6
PUC_acad1a9ce8c8be27937fb8836420e77e,5,6
PUC_ae6d16e7ffb6a16f80375c880445c9b3,5,6
PUC_aecc7a198a99bf11cfa6dba5e0ef7811,5,6
PUC_b021ea4d8d6c5512f2b7db2398a0e312,5,6
PUC_b026a1f202008d9dcf1854559a0f925a,5,6
PUC_b03a5e3933804254e8b366e10c8bff02,5,6
PUC_b1003f0e92f983ce571a923838039a01,5,6
PUC_b146deeb6759ae4e95257cb6ce1c4432,5,6
PUC_b2e71a4e7f861d0af62eb8502b177815,5,6
PUC_b2ecde2b3b95cc0d6e6e404bff1d9d94,5,6
PUC_b4b3d19731a3276a237cfdd7eda7b553,5,6
PUC_b4c8cf9cdf157d45bb32de9abbae603a,5,6
PUC_b585fee29be68eb7857d3d82df8cd6ed,5,6
PUC_b5cb760ac1cf51cbab97dd83da1693c5,5,6
PUC_b844c05c03fe8c7e38cfc40f0b1c7040,5,6
PUC_b8bb59562e1448d16ca0d2b18848edcf,5,6
PUC_b8fed311ea1d2724cd7d8741f1a22db8,5,6
PUC_b918be2d590a72c69e478038a777e903,5,6
PUC_b9641bb362659ee8ddcde88a4a5f5a16,5,6
PUC_b9a1155e863f9f904e954cc5c32430fd,5,6
PUC_b9f610e5315882b8a3dec6a7bf15166f,5,6
PUC_bad3c38bd9a960faf3fec1aaeb0477a7,5,6
PUC_baf77a5ad7733dcac1ea36b92941a132,5,6
PUC_bb59898dcf59a3e524ef93f9f1e16832,5,6
PUC_bc9ffc85fa0c055272a36a01f8480dde,5,6
PUC_be18a985695ea84753002c2b63883652,5,6
PUC_bf32349b69f0f9cfba4db80916bda255,3,6
PUC_c09968b5d7be001388fd670e49bd5f2c,5,6
PUC_c12a2739328108878bfb6ef2e28c66b2,5,6
PUC_c1a7289532925f94bc6e7b223779114a,5,6
PUC_c1ec41b37e27a8e7a0f14977ace08e55,5,6
PUC_c2796c705b5d77b0b4f6df15087c496d,5,6
PUC_c2c87a9136b5f495a1885d2077d2abf5,5,6
PUC_c31f390faa1b0332a0b7e82e1ae4975c,5,6
PUC_c33a74e7a24d1f3782751b102546f63c,5,6
PUC_c4c434f08d4d89c672a270e6bd70f994,5,6
PUC_c5d503df5e3a281f75f70199772850e6,2,6
PUC_c7d7cb5bfa3a04d54f58075a7cf23183,5,6
PUC_c85ef5f071212923943ddfd83289e19f,5,6
PUC_ca516d497eb99be2eb29b50a7bb90cbf,5,6
PUC_caa5b91e207a0f48b56c1be22e78b208,2,6
PUC_cb58e78dd910dd74cc5016a25acbf2ce,2,6
PUC_cbaa75f3ccfb82fdc44b4d6524592d46,5,6
PUC_cd453099739d140445b9853279e03c76,5,6
PUC_ce3fed7be3c3b723359f42bdf3805e17,3,6
PUC_ce9dd2a8a96130aeacd04155c1b73fb5,2,6
PUC_cec9aaa566e613cfbfa1d7218001cf2d,5,6
PUC_cef8b029d5840b8e2c50f229c552408c,5,6
PUC_cf7f96d84f0f9eef24d390bf8adb55d3,5,6
PUC_d10db925066c16df3caea5ac1fb0ca05,5,6
PUC_d1f50448753d1b0e8d56c725d5c37baf,5,6
PUC_d22c9d6ac6933bafb02fc247b73b73f3,5,6
PUC_d33813f41b5eab3da41dab31f5b3cfe1,5,6
PUC_d4437f927b7331d1b94391999cbf1896,5,6
PUC_d4b057996e4852c78bb15f5755b52e23,5,6
PUC_d4d9ba48910cf9cec3960a5dd93b91ba,5,6
PUC_d533100c0761bca5c38a33467f7e1199,5,6
PUC_d55fd803c54f5022558b2407769b2a6f,2,6
PUC_d6492008a8923e9aa467866cc95af073,5,6
PUC_d72d18ced4091b742631e28ff9266e67,5,6
PUC_d756f8af6f0ad122782691027c526ef7,2,6
PUC_d8307f4c613f6ab49547fd3d8d331ec7,5,6
PUC_d8a890e2b7e3668068c02c3e46e4e116,5,6
PUC_d8d332e2f7511fe02992cb245df0e698,5,6
PUC_d956a7e4ebab2de5793d997edcfcb700,2,6
PUC_d999307dc587ce2fcbd2222d43c13e6c,5,6
PUC_d9e27ffbdb0e84ae27b86048ac11b1b0,5,6
PUC_d9f89f01d740ff4b556b35deb5713dcd,5,6
PUC_da9b53550bacc547d9d0cf12e322fdab,4,6
PUC_db8e3b99e9d7405316bbe91b2a8e5a36,5,6
PUC_dc1f762decbbf62c568e4f72c960768b,5,6
PUC_dcbaf1a5e4cc03c004324b9c16a1c28d,5,6
PUC_dcfaf4a002be40902c62f3358b9c3823,5,6
PUC_dd33392bae7a1625277b50a5bc34d55a,5,6
PUC_dd579d3e709bf0afe298f4472ddd890f,3,6
PUC_de78df1eb819d41da2c4ce969cb2a188,5,6
PUC_de9b66a10b39ee15667324a22e644a5c,5,6
PUC_ded559eb4725cb5e6807e789efe9a972,5,6
PUC_e09a3d72cfd709e24aab8515d26c3bdd,5,6
PUC_e120526b9c0e7d5f239ffea39760367d,5,6
PUC_e1e0057240e80ec5fc35faead3c759e4,5,6
PUC_e2c4cb5dc95ed1a9676bf6d757911eff,5,6
PUC_e3ded6c4d0ceee12e6df4ff89ea3b097,5,6
PUC_e40a99362da8976f682c954f18ff197a,5,6
PUC_e489ac590c1afd8b9f920cf909717bf4,5,6
PUC_e5414b7a173650d8a1d9731807a10189,5,6
PUC_e545cdc86b35baf462ad04e5afe45651,5,6
PUC_e57b23531ee0943b71639d5f3ec400b7,5,6
PUC_e676c31dfc56a2697050a1646f5eb2e2,5,6
PUC_e76758cd4c08927535aa2f076bf3f4fa,5,6
PUC_e77aefb587d23c8a8de093a610a8c390,5,6
PUC_e78def53ae3bad1d05772042ea7dc928,5,6
PUC_e796e8092e64dff5b72d4ab82aa10747,5,6
PUC_e7beac9af2d4735b456c4f01ebadbe05,5,6
PUC_e80b90dcce2150ef645955f098b31976,5,6
PUC_e9896592d2d18d3490c4a151f4cb84c8,5,6
PUC_e9d66f7b47283f4a9c5d3dcf40996dfb,5,6
PUC_ea3232736d304d3905762a079cb7cefd,5,6
PUC_ea67cc1d9faa1dcc19f94c65a728e703,5,6
PUC_eadaed9e5b289a84b3b7f5427aeca809,5,6
PUC_eb28da9227e7f583b8a795bb3e420328,5,6
PUC_ebc8c5f59dd8c62ef3b3c36750cde4cb,5,6
PUC_edfada2b9a2fb05e96f13d541e8635d9,5,6
PUC_efcfe7215d1d9698952fe964193f3c46,5,6
PUC_f0e1ca3f2303a70335d4bdea615024f4,5,6
PUC_f1476ecc7d537eb32b53ab24ee19b685,5,6
PUC_f1dd89de7e29976bf3a14bd5366b2531,3,6
PUC_f219d0375cb03559e6f88e42f958baa3,5,6
PUC_f50a3a03c4a3881569ed234e25d62089,5,6
PUC_f621ff8165890f94317084ebfcc4a7fd,5,6
PUC_f66351ed88d19fc070b348829fd1268d,5,6
PUC_f6f618de6edc0a37e1c179c03485643d,5,6
PUC_f72243e05de917156322f2457bdb5d69,5,6
PUC_f811372e859770ea6bccf08ae9f5660a,5,6
PUC_f903e4b2d2f12949c9b674a033773e88,5,6
PUC_fa776b4900e3e0b36102f72b8ac543dc,5,6
PUC_fae5527ba747b1235aa90599bb7a67af,3,6
PUC_fb535fa01a3224c2aa8a8e51a06f14c9,5,6
PUC_fbb6a6850910eeb105f6679fd31adfe4,3,6
PUC_fc59773236d887a5b20d3018342e2d31,5,6
PUC_fd1470491c4508f3bff075934d0a50e3,5,6
PUC_fd2636b3f97552841822e4627dade565,5,6
PUC_fdd6f3d569fa16fe8df50db2ed7c0813,5,6
PUC_fe1d249c265b77c9075a75d1f10ffe80,5,6
PUC_fe364ef374e506f66d3d516569161bdc,5,6
PUC_fe56dc365bbea05cd4ea356c22a5af21,5,6
PUC_fed4866c9f73861cb11370f6fed01994,5,6
PUC_ff1ab392d24896e8f62a5140e8101c4f,5,6
Repo_ANID_0221f747b882c6695365f644ef648780,3,6
Repo_ANID_04a0aeeb0af268adef0602ea26657b9b,5,6
Repo_ANID_057a759165a94ef2122b730ac79c9d3c,3,6
Repo_ANID_067e84057a07336b41111851fa6fed9b,5,6
Repo_ANID_07fbe72a130ec9ddc2a42a3ebfe7de2a,5,6
Repo_ANID_0816276d8ab255a4082f39a1e7a62b37,5,6
Repo_ANID_0a16ec759f090c0a2427b61384fd1525,5,6
Repo_ANID_0ab6e875974cf5d74e8aa948e8966e30,5,6
Repo_ANID_0b74f3540ca99a2712b18f930b06ee40,5,6
Repo_ANID_0cc4422636930f34a431478d2ae2888d,5,6
Repo_ANID_0d49e6f2edd5be3fb8c2b448970f5a7b,5,6
Repo_ANID_0fb6b2a093c85ae29922c1a0da46f321,5,6
Repo_ANID_154eb8f8e0cb156a9cde9eea57417542,5,6
Repo_ANID_15ac63522915576cce90edf9f4f66ad2,5,6
Repo_ANID_16bd44c4b0aa044ec0b1f3f9131c7dfa,5,6
Repo_ANID_16d997d559b69e57852a15398248f391,5,6
Repo_ANID_173bfb2b35d1f53eb93aaabb3d4d951d,5,6
Repo_ANID_17efc5d056f058b6854ee83f656815f1,5,6
Repo_ANID_18eb23d7bb304a1be0ff67dbf83e32ce,5,6
Repo_ANID_1a4e664b36d6f7fe6589ab79fa71693c,5,6
Repo_ANID_1b5f1cc4b2c363e0ba4ca63e6d5458f3,5,6
Repo_ANID_1c58afe426b77be4ace37af62549ab87,5,6
Repo_ANID_1caa89829afb7837f150b8271edd0810,5,6
Repo_ANID_1e8b856b0a79336abdffa8df3e3cfecf,5,6
Repo_ANID_20b08fe99d5e2494df02340b8c99f9b7,5,6
Repo_ANID_2112cfc02bad959eb6b7ead82f693e88,5,6
Repo_ANID_22642329e7cf02ce7018f61bf05b2d14,5,6
Repo_ANID_24521ec851255956e17b237187171e0a,5,6
Repo_ANID_2a2c4c04148473d110a2a26be0f6a5a0,5,6
Repo_ANID_2e7d83473e220906344ab14c5a7b987d,5,6
Repo_ANID_2f773a3c862c3b9726deef73c58bf21a,5,6
Repo_ANID_3321088d04fbcaf9753bca539723cc5b,5,6
Repo_ANID_3321e34c10c5c6c0de38b44d5b21c395,5,6
Repo_ANID_3473e7811f86387260d620dfe6d40278,5,6
Repo_ANID_35c8d7612b8eb141a46bd16f1c27583f,5,6
Repo_ANID_35d186289bbc5e2c7c1a436780f39aae,5,6
Repo_ANID_364d35a35df68c248dc8b79e8dfe9434,5,6
Repo_ANID_371243fcfd5de56936b856367fb921c2,5,6
Repo_ANID_3897c95ec47ae1d59273d271e43bc9d8,5,6
Repo_ANID_3b12d1813d9c2b004074a126f0e1b6e1,5,6
Repo_ANID_3b5f4624fca928a5ada7f2eaa2fe508a,5,6
Repo_ANID_3db2eaeae6b085572cdbbc8237bf4c54,5,6
Repo_ANID_3e81aa7702935cb5fc27b601aa7a1efd,5,6
Repo_ANID_3e913bec028b7f9da478e71a3cef99f1,5,6
Repo_ANID_3eece70479076d855d69aeb3852bb4f2,5,6
Repo_ANID_3f47a2c3708ec2c4abc1263e280a3655,5,6
Repo_ANID_3f86b6a09d591cfa45e92ad2a68f5edf,5,6
Repo_ANID_41076f6dc6c673c65790e84e9c7eb8e5,5,6
Repo_ANID_4585f133c4851cf92ba475036259599e,5,6
Repo_ANID_45ca4e17e1f8b44617040868809d2394,5,6
Repo_ANID_48c5aa4e9e4c845b9f983b77146234c0,5,6
Repo_ANID_49249a1d975e1aeb38d8e7397ea3207e,5,6
Repo_ANID_4997ef98e623050ea8f67c5cb835b67a,5,6
Repo_ANID_49b63a64ad4d873eeaee16665f804090,5,6
Repo_ANID_4b908f4636db9b48b6d3fa0d8525eb96,5,6
Repo_ANID_50ac9138fdd378a4bf8bb1c117da3aa0,5,6
Repo_ANID_535846a8d4e38e294deb04ca40c19738,5,6
Repo_ANID_53c398deb76e86a79bc7b0ab82bf86ae,5,6
Repo_ANID_55dce46d87d43f831737e9a648549eb2,5,6
Repo_ANID_56a8fc54703a00f026793f2a1bd6a345,5,6
Repo_ANID_5833097a3c7c962c936faaef36cf0227,3,6
Repo_ANID_58e29a03f66904030a8fe05fcd054510,5,6
Repo_ANID_598cf0ff6b04995ae66a7e18fe8714f7,5,6
Repo_ANID_5a10542a56e8ed272ac48cacec805077,5,6
Repo_ANID_5bb185f24fe79be6dc25693d63fdbf74,5,6
Repo_ANID_5bf078ee62ccb4323674ab653dd9de0b,5,6
Repo_ANID_618ece0b103090750470713c2b13544d,5,6
Repo_ANID_63d0b0a8930ef947b2723a2780847e1b,5,6
Repo_ANID_64273d30102e1761e6a5592294831eca,5,6
Repo_ANID_64d0ae0120f9629565338a3407587100,5,6
Repo_ANID_67d181538a75575194db2c8f961a5593,5,6
Repo_ANID_6a522bacd905e4a6e29ced6cd93626bd,5,6
Repo_ANID_6cd9814a6d985f6d34b6287e064fbfef,5,6
Repo_ANID_6d8cc8ae2a6414e699b5d9f1ad0372c9,5,6
Repo_ANID_6ebc5a29c0b014f4414f6a8e87490aa1,5,6
Repo_ANID_6fe6e52c5e1cadd209ea373d31f654d8,5,6
Repo_ANID_707e132ac2afb9dfe1a0927ab713703c,5,6
Repo_ANID_71374736ba0bcb857869ef951b3c2af1,5,6
Repo_ANID_71f53bd049325549318ee34b7c517049,5,6
Repo_ANID_7288f6ddbcb48894d508550d514aeaf4,5,6
Repo_ANID_74a5c0491afd28d03c030dda35c18f41,5,6
Repo_ANID_74ff2db01a5bfa5095bbaf48480e2f78,5,6
Repo_ANID_773a1ae20c35328fdf20c36fd60ed9dd,5,6
Repo_ANID_7754cff5b201844317d056d526053ff4,5,6
Repo_ANID_7896f43a0e6026bba0a6b6f395597616,5,6
Repo_ANID_7d56354e88c43aad21ddaee656fd0e82,5,6
Repo_ANID_7e82871fe855673f2473fc06fd967c8f,5,6
Repo_ANID_7f95f6217963777324e27029a1c2b5be,5,6
Repo_ANID_8111060efa0bd22136c8e4d339626cd5,5,6
Repo_ANID_88b85d0752f619b2a80ae9c0b2a7e842,3,6
Repo_ANID_8a120ba66a5f3bfe075b4c60b5e8b385,5,6
Repo_ANID_8e0ab3166881a7068bb086fe9d072b54,5,6
Repo_ANID_8edc95ed32eb16e168737af585e043da,5,6
Repo_ANID_903e3499ec80e9740a9ea4a75c099bd7,5,6
Repo_ANID_91f75e73a0b0df5ef17e0f799eddde12,5,6
Repo_ANID_9357f4e447b769ff695eb0cb68b1b530,5,6
Repo_ANID_93afde0a6446660c132426a8b542816d,5,6
Repo_ANID_96362598df073994cae67697daac85a8,5,6
Repo_ANID_9865b65cd0677429eac551a35a21b444,5,6
Repo_ANID_99b7a2d5cac89f75458d6430889f7ee8,5,6
Repo_ANID_9ad227fb69067a6943425ac6a1ed6a20,5,6
Repo_ANID_9b283ce9fc87e2971bae71c9d8f30b9b,3,6
Repo_ANID_9b992296c1065dd62a00e991a1712647,5,6
Repo_ANID_9bae63a5cea9c86e87ffe4ff0b1457c8,5,6
Repo_ANID_9c4bff5207a80ec92449ef1ec888c566,5,6
Repo_ANID_9cb24b6424d9055e1aa5d64f4e10204a,5,6
Repo_ANID_9db995c855327ee528bdf0895aa96a90,5,6
Repo_ANID_a56e9f16a08e57cdd8a1d64d6d16ed15,5,6
Repo_ANID_a827edff62e572c481456eb94c0d3dc2,5,6
Repo_ANID_ac57676812348ef9256fc6e4065941c0,5,6
Repo_ANID_ad5a1d765c43e5001d1e264210b0abd5,5,6
Repo_ANID_ae34b68104b45eb4e257b248d6fbfaf9,5,6
Repo_ANID_ae7224ef273090542c14f1cdc795a5ca,5,6
Repo_ANID_af107df213fd506db8175a9748e50b42,5,6
Repo_ANID_af4d729b2321e66649fe7b969a8d8689,5,6
Repo_ANID_b0ad3dd86bf5bfa4642fbedec6a11cec,5,6
Repo_ANID_b16d382a7ee230a95336a30651d4f11d,5,6
Repo_ANID_b23243e0bd90b2643760e3be60fa13bd,5,6
Repo_ANID_b33b5600fdecbaa697bf9125a5546dc0,5,6
Repo_ANID_b4b1dc2678c25ccb0741d0ec5187aad1,5,6
Repo_ANID_b57cc923028287f3aa1eeb451388625b,5,6
Repo_ANID_b7686188cd090fb24c6614ec6743a6c0,5,6
Repo_ANID_b7aabe024018d836292bb4876bfc8d24,4,6
Repo_ANID_b7b16642f9b3fb6096d0cf9e03483dcf,5,6
Repo_ANID_c0fabad653f281b5e34049fbdd985e17,5,6
Repo_ANID_c2e1bc1b466f8445811b0b9424c5f540,5,6
Repo_ANID_c313745d647faa3630fe22f8081944f2,5,6
Repo_ANID_c49186239c18ccc08d81353958bffd98,5,6
Repo_ANID_c5d519f841a26bcf02019e473fe325e5,5,6
Repo_ANID_c671e08fb96cd9280af55e9f3308e071,5,6
Repo_ANID_c7460d70bd731e65c469b3fda07043e8,5,6
Repo_ANID_c8ed21db34568a39d71ff543d8dead34,5,6
Repo_ANID_c931ba2caa02c68488a3c3738ecd21ed,5,6
Repo_ANID_ca97c3f411ff84645614825c078d99ed,5,6
Repo_ANID_cb284f7a3fb6889a979c0ff2b00a0144,5,6
Repo_ANID_cdc8235dcf637dee4efaa361c481d1b8,5,6
Repo_ANID_cef53cf0c0490e7b5c9bb272b1498dbb,5,6
Repo_ANID_d033793bc6471542a13058d2c133413d,5,6
Repo_ANID_d0cd20eb33e2e000c7d08ceb0e96edde,5,6
Repo_ANID_d1667ba245f36e4f37b28f65aa5c90eb,3,6
Repo_ANID_d268d71ac33cabae02b27dc0d45e9448,5,6
Repo_ANID_d3d1838f5c0498746c4787cfcb820eda,5,6
Repo_ANID_d86fb5dcea4fc87952e16d0ae3407afc,5,6
Repo_ANID_d87c52e3d506ee4ad401b5734522ee94,5,6
Repo_ANID_dbb5556b379b0c52ff903f35f6a6d74f,5,6
Repo_ANID_dc19f87d667f68e7a1fb065c4ceda91a,5,6
Repo_ANID_dca92318de6bfc472f4b924c686d78d6,5,6
Repo_ANID_dd331c2e2f6970adc6a19583a054bd9f,5,6
Repo_ANID_deea3fa7931fabb3a79e8d482f6ab8f9,5,6
Repo_ANID_e122ad33b04aad8fb10c574a79a75f0e,5,6
Repo_ANID_e35042fc7e7c69d53bb7b681c5d4d9aa,5,6
Repo_ANID_e555ad9718adedb46f3256ebf08c7659,5,6
Repo_ANID_e5673dce4302456416892fd65337a1ea,5,6
Repo_ANID_eb32c42e3aed6796fed8d968c401f199,5,6
Repo_ANID_ef31a1fbbf8c4b38e9c414dbd9d49ec5,5,6
Repo_ANID_f01bae441036e77e072ff05eea3dfbc2,5,6
Repo_ANID_f0b90c964935c573e9f9ec88b2faa988,5,6
Repo_ANID_f0e15d953229a6dfd465ca8940297988,5,6
Repo_ANID_f147829df58624d7112dc0f3cd247dea,5,6
Repo_ANID_f369c16518fc43c040be2820e5957fd3,5,6
Repo_ANID_f49b89a8a04a1636d1fdd6c994f8ea86,5,6
Repo_ANID_f6a6e538d8e01db26771aef04d44ee83,5,6
Repo_ANID_f6a978d7507344dae8f3022a2e4ebb27,5,6
Repo_ANID_fddf9de774d17a1155b79bfde3b0cae5,5,6
Repo_ANID_fee92aba9bcdf33758e61009ce1164fd,5,6
Repo_ANID_fff46822ebe9346a3f0b7c17c2dadb33,5,6
SCIELO_003a2d777be44a2dd374aec6faa6a8c5,5,6
SCIELO_0070d3bbd1597aef0414fae0960ca92a,3,6
SCIELO_014b9f0fe025d72fd3ca503db7fd03fa,3,6
SCIELO_0308cbb85df63183ec7cb911ace2056e,3,6
SCIELO_04b96c6a32abe8873d5ab7b46a2b8416,4,6
SCIELO_055577a3eacc6d1ea7ba9a4ee9e5c9f6,4,6
SCIELO_0698641eab702ceae5ae35b325b9198d,5,6
SCIELO_06f8a79d18932c1c6fbc7468944ac8f4,5,6
SCIELO_0706cc65c4a0365a18e1dce89666bb06,3,6
SCIELO_070a002c5259e1b289b27762321afdc8,5,6
SCIELO_072426afed62245c6fac9e4850ae17ea,3,6
SCIELO_07b8c8927b704aa4c101c35eb23440a4,4,6
SCIELO_08184425bb29d1e9b38c72dc43c3b4c8,5,6
SCIELO_08f1ab6d6da9eb3ba57ad2a2c7256d1a,5,6
SCIELO_0a0f2299333ed57227b5d57412b2cd1b,4,6
SCIELO_0a4d81d0560e5289ee2d1b7d279e337d,5,6
SCIELO_0a8d232aaa249d7566d977290ab23cbf,3,6
SCIELO_0ac82ccec15ed794adaa84a4639481b8,3,6
SCIELO_0c120da4214f525b34fd63ada13f944c,5,6
SCIELO_0dd5ef9977e90a57299ecfc5a1e11512,3,6
SCIELO_0e57c28d7025bdd77eca34c3d407832c,5,6
SCIELO_0e5cd2b81303cfcb5e77b171bb8de3ee,5,6
SCIELO_0f1541072098bb0ecd46c865daa8c200,5,6
SCIELO_0f3ca612dfbc1a77eda988e48c361930,4,6
SCIELO_101156d55b0c946d5dac3aa488dabbbf,3,6
SCIELO_1099c67a8e7bfae8e09e860c508ef556,5,6
SCIELO_10fe83a7a257cfee5942e635e7a24ce9,5,6
SCIELO_12a8f3810a643f497e62f05b2cfd0117,4,6
SCIELO_12be0be397e89ee1d868926cb3108271,4,6
SCIELO_13f6f90b6d517357bc94220fa5633ffb,5,6
SCIELO_148abcc1679bef9347a596a96db1b5b9,3,6
SCIELO_168e58caf3c8b049810b4a53381eb89e,3,6
SCIELO_193296c8de032edf642bf84bb662f5d5,5,6
SCIELO_197b02aaa2705e6486c2720ec8e7c130,3,6
SCIELO_198b35e3c878d4be1e4db5bd10faa9d0,5,6
SCIELO_19c764abda5b69b90ee3727b77c3850d,3,6
SCIELO_1a4d6892bc35166d3aefb91019c41813,5,6
SCIELO_1a651e0eda30aadfd879d98dedc8043f,3,6
SCIELO_1abf18af5c55d964a62183af180d49b9,5,6
SCIELO_1b1f8b9fa6f732984c14a21c1c4b0f25,3,6
SCIELO_1c57d3f11131fdf701cfb6cdd977e974,3,6
SCIELO_1da6eeb3f4cefd1984ebe3dc9aef6b2b,5,6
SCIELO_1dc53a906939e65310064cc317285af0,5,6
SCIELO_1f150e0d31de66e665b9f5951d00d34f,3,6
SCIELO_1f7298052a30e26d2afb015201e8797f,5,6
SCIELO_2024a543cfd189cde0b45bf4829b9986,3,6
SCIELO_20697fdcde09b906ae4fbd02eb5a4d99,5,6
SCIELO_20d46f3e9db52c7397d5374d2ec861a8,5,6
SCIELO_2131bbcf62f36a15bd961ae4a1b28ee3,3,6
SCIELO_215f673831fa89f6ee3a395b789bf3b2,3,6
SCIELO_217220edbc23094271f08af53c947d42,5,6
SCIELO_21856f8bdbbbea93fe14e17562931a53,4,6
SCIELO_2234581497605931e2c2e569ce76e650,5,6
SCIELO_23d0ab9e6d5e42f2030c4e4bcd731576,5,6
SCIELO_2470cb9816fb85c98b56bcd5791c0b8b,5,6
SCIELO_2493b94fc98965e7a62dd1d44afbb47c,4,6
SCIELO_2494f3b0e27f8b41279f8c2592b52f12,5,6
SCIELO_255a58f267d738dc0991b265ce49bf02,5,6
SCIELO_255c93e9b2214015211d05c2da180291,5,6
SCIELO_257003d3a392e1514fca2d4ced6794ad,3,6
SCIELO_26afd46cd9aa8c1dbdd31e78e4360518,5,6
SCIELO_27b1fc92a5fb97921982603079a56eb7,4,6
SCIELO_286ceb011cce7a934863d9194d816ace,5,6
SCIELO_2985b4101c43cadae3938a59182963c6,3,6
SCIELO_29df499046a3477b128fe44c94a3cb52,4,6
SCIELO_29eaf327d48ac884331e2045a8e619b7,5,6
SCIELO_2b02512ef56a877a570305a7124cb8d7,3,6
SCIELO_2b27009464cf25891ba60d22badd57c8,4,6
SCIELO_2b36e31cc0aff95dc03234b9b2d7b7dc,5,6
SCIELO_2c09d2914a3ad97ca3b87aa7efe93ae4,5,6
SCIELO_2c5e2f979ea319748cdc7d340cd54b2f,4,6
SCIELO_2dfd5b8c829a16dfc3ef04086b7d3615,5,6
SCIELO_2e0f6f8fe305e17c48d1f1ba206cc699,3,6
SCIELO_2ea784b98d8458e119c2d1b34837ceed,3,6
SCIELO_2ec2d7afdbee45b3849e172a81ed07d3,5,6
SCIELO_2f1229b15364ec88a6161762403b7446,4,6
SCIELO_2f6c283ea6ef60578a4466ad05c42838,4,6
SCIELO_2fc65d3ee5f8a68c31ca46bb6fc718c8,5,6
SCIELO_303bfeb1e412e13cf66100c9129dd3d6,5,6
SCIELO_313b21bd550b631f85d3686a9111a871,5,6
SCIELO_31c4464bcf2f509371d65c4188f622ab,5,6
SCIELO_324f45d012c611fbdbad415640d6c9e1,4,6
SCIELO_328de006fdf2eeb778b10e3b6cf9ac1d,5,6
SCIELO_32c4342f92d0741d9355a77810a3b7ac,3,6
SCIELO_3519291c8342c0b150f8dfef43610b4f,5,6
SCIELO_35dbad6256a9fa01efb927fa698ed4ba,3,6
SCIELO_36005bf9c934b18cbff709e103eaf236,4,6
SCIELO_366b75c540423836800fa3ff5f5a2c75,3,6
SCIELO_3764774b20f82485a00919169c10ed1c,5,6
SCIELO_37aaf7b91d1e8ff4022f9c467fa0371f,4,6
SCIELO_3902f7838c85a292740695ba10aa534e,3,6
SCIELO_3933a89060ff36715375f0cf540f476f,5,6
SCIELO_394c95cb0f130231da8a6450b5ccfb1a,5,6
SCIELO_39725c85c5b2914f10b080588219f37c,3,6
SCIELO_3a136a832d8b6bd7b4e22afe942e564a,3,6
SCIELO_3a377dd3a20ee6b6922cdfae52132204,3,6
SCIELO_3a934fd52244e92427482d9e1224f648,3,6
SCIELO_3a97576e6b51903c921cfcc03c9de10d,4,6
SCIELO_3c12e2ab3fe2c3a84a5d5162dd0c0939,3,6
SCIELO_3c32b5e815039a9710ece331cc76e5b0,3,6
SCIELO_3c61b2e419a8423e67e76ba3d4c25a97,5,6
SCIELO_3c8b4476421a808f4249e47003b97469,5,6
SCIELO_3d158288d531433c38fa375ef36cd68d,4,6
SCIELO_3d94c630d2707173ba53f727038392a0,4,6
SCIELO_3df8b193fd2203061f62a920af0cb279,5,6
SCIELO_3e16d9c183670a2b220eb640401b5b4d,4,6
SCIELO_3e56366e1e1f5cf6b542f9174048b1ce,3,6
SCIELO_3eeac1e2afbd782b86f328dec7bf8388,5,6
SCIELO_3f4ddf67a4168eec7ac37724ec2a3817,3,6
SCIELO_3fa679c9f52c6c588a5c409fae296331,4,6
SCIELO_404b9b26d95127c6b113fe386d356d86,5,6
SCIELO_4078cb9eb469e46bf1814b16025c3345,3,6
SCIELO_4159843d665f3912f7627fb474a290f1,5,6
SCIELO_42e6b9af896cb92694bdded1ab778eee,4,6
SCIELO_42fb4d3deb6cf1d48aa4305f7be9945e,5,6
SCIELO_43f600f1aa2a8729550e2eca973bf679,3,6
SCIELO_447a2ff8785f906fc8a1aa90729d2a9a,5,6
SCIELO_464e00b2539c8be4cd9c72df63ef274b,4,6
SCIELO_478f9672e4d8fabf072c84095bf1a4c0,4,6
SCIELO_47aa40d10896e3b2e6b3c9778bc98d42,3,6
SCIELO_47ba4b43e9720283286c291b343670bd,3,6
SCIELO_48476a21aabf309823b0d8e45f9dfffc,5,6
SCIELO_48e527dc77dd878c8e948bce0b611a97,5,6
SCIELO_49385eaf14b277cc7eaab21f56a3143c,5,6
SCIELO_49563d30775f2af8e6c80636254e05e6,5,6
SCIELO_49874042082ba6b5b3a1d7b608367c08,5,6
SCIELO_4a7fb8f9a1a7b3e1fe0e4df937b0f76b,5,6
SCIELO_4afb7ac81235027f8b1b5991d628c26a,5,6
SCIELO_4b5e123669f85e7636fb8590dad455dc,5,6
SCIELO_4bad92b31a4235a54f840aa9d8fca8c2,5,6
SCIELO_4bbe0e9b90562bbf0c1c074d046ca838,3,6
SCIELO_4c904d42d43b0760fc57a374a6a94e6a,3,6
SCIELO_4ca4c8e246448d2e6bd4bbf162da500c,4,6
SCIELO_4e3cc7b8ef458901e0c49d1126d799a1,4,6
SCIELO_4fa014c1c6b024605aab7a3bb2ecf326,5,6
SCIELO_502152337506d8f96d89d5d789a0b519,5,6
SCIELO_52ddc4002c1bc34465bb0a3d98b21a54,5,6
SCIELO_532231dddb6744e17afa60f65299e110,5,6
SCIELO_54a901c2464125c633e0e9f0f8ea3b20,4,6
SCIELO_55983b1eed3f0ec415b229ac6a97fc7e,3,6
SCIELO_55b6a76c9a4e8e9d4c254a95395a86c2,3,6
SCIELO_55c098f4a54be5d9c20046da3a11064b,5,6
SCIELO_5615f05f6eb4f58f15b61f7a1b69a44b,3,6
SCIELO_56c0a88985d624e3d6a37f9b92f58196,5,6
SCIELO_56f0aa1cc96e63ec97ba79c35108b2cf,5,6
SCIELO_57cb135614b2c20da42a808cc1692a09,3,6
SCIELO_584edf192be84e3e3f40b1fecfe2ae6d,4,6
SCIELO_59048438a85031fca041316d270e4675,3,6
SCIELO_59ae21da057a582eb47d5a801bcc561a,5,6
SCIELO_5b03868b22a5415fef18edfe825f8b0a,3,6
SCIELO_5b856a728e9cd828e5f9f20743ff841f,3,6
SCIELO_5beb0f3cebbb6318d688c8852d64c039,3,6
SCIELO_5d8082e4c77eedfc60172852b7c91527,4,6
SCIELO_5e4c53a35d8aff48e8024d9dd7d17169,3,6
SCIELO_5e94ab03aef1efadb317b880159c1cc3,4,6
SCIELO_5eb10c8dfb65957c06280fe9fa8ee6be,4,6
SCIELO_5ed900902dd1f25747e65dc7ace93d21,5,6
SCIELO_6128fde49965b72a32e1f01f515f6080,4,6
SCIELO_614133e5a36d1dc0b8e2d48afaf6ee0c,3,6
SCIELO_61b348ac975aaf5eda19416b3c327699,3,6
SCIELO_61fb15cca778edb17ea29baf89beccee,3,6
SCIELO_6350d214581c9feeb6ee919c3aa640b6,3,6
SCIELO_63a5699058ef8896e3c38f15643864bf,5,6
SCIELO_63e438f98cd5395453eaffa004fa47ea,5,6
SCIELO_63e638cab98ecb7c96e9432d3a7b9cbe,5,6
SCIELO_6422975651b18bfc49b32416f19170f5,5,6
SCIELO_64d5b78aa1441bbd0619899e7ce5e6f1,5,6
SCIELO_655e4acbc5518206f86c4615ed006009,5,6
SCIELO_65c59cbb2fbe446011901a94ddf61c45,5,6
SCIELO_6793c454150b17d86271a651c63a373a,3,6
SCIELO_689f69ea18cb3f1fec18ec5fd9e02a51,5,6
SCIELO_692f7f795615d0c66a805166d431efc3,5,6
SCIELO_6974648fc4a3da0bdf33007a9c6bf375,3,6
SCIELO_69c5e2e12ce00387bde18dcede19fb08,3,6
SCIELO_6a8ced9e3100917297efe9c49148bfff,4,6
SCIELO_6a9a5ded5800d03a4efde456980c3e73,5,6
SCIELO_6acde1ffc0caf1b754e8605423f5dbca,4,6
SCIELO_6b78a5a946bd50386f5aac57bf779d03,4,6
SCIELO_6ba589876a999e7fc1bb8af1a0200047,4,6
SCIELO_6bd85bd352ab558e8523c7311f4366c1,5,6
SCIELO_6cbb860c50e8b2cf2d67ec71a8df8ecd,5,6
SCIELO_6d6890594c2a6df53c16c46347796e59,4,6
SCIELO_6dafeb74877721faccb92ccb69e8dc26,5,6
SCIELO_6dc178a7574627af70c58c69faa81d5b,5,6
SCIELO_6dceaa714b049af7b8c18b0b4a456025,4,6
SCIELO_6e2570ca762e96a02916df6131728f3d,3,6
SCIELO_6ee06b9f696a29d31d59a02c53eb96d5,4,6
SCIELO_6f197fa019bf93d01b992aec26154a11,3,6
SCIELO_6f242196278f91a56f1dfefad9fac362,3,6
SCIELO_6f7c3559054f739f105c930305963401,5,6
SCIELO_6faed646743fe7f2409012e947212fb9,4,6
SCIELO_6fbda2e47be40c56790d516940b28a3b,4,6
SCIELO_6ffa3d6c873088711659da4f1e9aed25,4,6
SCIELO_700946e7bb878f797873967c417dc962,3,6
SCIELO_7267c34aa5a5998844ae8eb4566c0053,5,6
SCIELO_72cebf844be6bfe16dd6fd4fbf44045e,5,6
SCIELO_736a60e5cb64211bc444b8692f75f5eb,5,6
SCIELO_749f8e12516755d43d7dc1c4534e1100,4,6
SCIELO_74fdfce9396c5f202963e76e00ddfabf,4,6
SCIELO_7564331bb942a7ccebbd3d8fb182f2cd,4,6
SCIELO_779b933b8c4fd44084d255eed2696e3e,4,6
SCIELO_7828d09880800d29691ddaf9513ef5d5,5,6
SCIELO_7891b4263cc0636aa8f40c16fe1f3b20,5,6
SCIELO_78b12f0bb3e9f6135fac2770531f62a0,4,6
SCIELO_78f8f4c5099810006a71d9b26e3748fd,5,6
SCIELO_794e37b2255ec1a09fec52c8dbc5d87a,4,6
SCIELO_79aa12b911468d473a9335a0c466c3c9,4,6
SCIELO_7a3840ad095b3b79490ca0a1fc896e02,4,6
SCIELO_7af9e88644c97cc53fef022dfb803a7d,3,6
SCIELO_7b1a007d68d7cfcbb32303f424c2578d,3,6
SCIELO_7b71befb12f0ef56cceb59838ba2cd7d,5,6
SCIELO_7c23628b6f5cafada080dfbf05d1b369,5,6
SCIELO_7c875285440e967495a686cb6c72cf2e,5,6
SCIELO_7c9d7dc9542468c48d7d132fa0992a11,5,6
SCIELO_7ce24ce90cac77be0ccd8b046651f594,3,6
SCIELO_7d6e0859a75d0edfc267ded0f2c61166,3,6
SCIELO_7d9104caccccf3df44f5fa0af5c0bfcc,3,6
SCIELO_7e5978279f47510b4459c32b5bb99fbe,5,6
SCIELO_7e650d838712c64f3e82c3f87088d8f1,5,6
SCIELO_7e9ea8b067c870c504bb424849bc23c9,5,6
SCIELO_7ee6133fb8342d12c8a94b213980efd8,5,6
SCIELO_8069e0db8a53bfbf556f0769d8ac933a,3,6
SCIELO_819fe8f023abed6ec9239df776318616,4,6
SCIELO_8245ee28bb8f7bc4b211e560e95472d3,5,6
SCIELO_84e2900d8efddd1256dd745d6a176b41,4,6
SCIELO_85bc59f9b096aef32f85bed821d2dbd8,5,6
SCIELO_85d9842589b14621ee1f60d434dc234b,3,6
SCIELO_85f87468e477b84fc639aaa97e9bafea,3,6
SCIELO_86b90d75f889ddeb675e13105648b829,5,6
SCIELO_8713f936940406bfc51fb8e294bc6112,3,6
SCIELO_876f91c4c46c05c5c3effbcef19969db,5,6
SCIELO_87725b226f3d3d8300c7d83678a6b738,5,6
SCIELO_89681aa7995c5d903a2894dd6770f8ca,4,6
SCIELO_89f70dbe70c537e12f66d132c4071660,3,6
SCIELO_8ace1c133b239754a9aef1369ec0caf0,5,6
SCIELO_8bf0666636a0053021e8e3f1097d32e5,3,6
SCIELO_8d5c09009cb7d5d32b498df5e11d375b,5,6
SCIELO_8e35ce9bfe3c2834b70527e1d1f01f2a,3,6
SCIELO_8e646f8795e44ca9f59fea20942e7e75,3,6
SCIELO_8ecffb4b3f0ffa85b0bf11220d340cf9,3,6
SCIELO_8f5e432bb467989c0b6ccd4d09f9acde,3,6
SCIELO_8fb221fb899a2a846819f81f3c612034,4,6
SCIELO_8fb2a5e68a2861b0349e3295441908b2,4,6
SCIELO_90f8171f67f764368cf2f7db6c905865,3,6
SCIELO_9100ae143aa84ba71cd2822d8c9f601d,3,6
SCIELO_91c31432ee9c64dbfdf9175148ef59ec,3,6
SCIELO_92d0eed5d446797fde1d878e0e61776e,4,6
SCIELO_932937d6faf741b93fbc0060f34fbd98,5,6
SCIELO_9373f53bfbaa4b88cf67c10487240b13,4,6
SCIELO_93900c77ca74258593a88e558862a794,3,6
SCIELO_939f894ed216f5f716cee11900499b91,4,6
SCIELO_95387896a10641a7097c4ddd1719cbeb,5,6
SCIELO_95737e479466c909804e522c77210228,4,6
SCIELO_962a2b5c9c15463300dea8ad9242f328,3,6
SCIELO_969c4168f29f41c6ca16769ef662736a,5,6
SCIELO_97494f8a9ee5c2cd680faeb22803c5a7,3,6
SCIELO_9750e2638f75e2f1f57d0e6162ea1e5f,5,6
SCIELO_978caa46ba6c983be50c3d3b6515d31a,4,6
SCIELO_97c1c54287781212065a6cc690113316,5,6
SCIELO_9896c0b917d0bdfeb11ec2c134d45d6c,5,6
SCIELO_994d96062811c703ef5f88cac8ea9ea9,5,6
SCIELO_9a153ccc780b02863b5209b0de260929,5,6
SCIELO_9a4a3ec5bdce5391143a3b9d8cafb07b,5,6
SCIELO_9a725207e5779cd760bc4d2a442ee3bb,5,6
SCIELO_9ab25a724809cdb858fabcbf9668867d,4,6
SCIELO_9b755d558fc2ddd6eabe6483fc7cec30,5,6
SCIELO_9e305f76cfe4e61f08e36f8019e0fa85,3,6
SCIELO_9e47730dceba34b801517a37f60d43a8,5,6
SCIELO_9e569f73f032348be124f02568cf0485,5,6
SCIELO_9f5edca274cff6123331b23e5dc5d502,5,6
SCIELO_9fdbbabf1efd37ef5690df9789f1dd03,5,6
SCIELO_a04a302dcd8a86fb015e4bdde19f557c,5,6
SCIELO_a1349e25c4274e55878a38bf35b7cf37,4,6
SCIELO_a1a36f0fe7dc4fe171dda809c87b1a3e,5,6
SCIELO_a1e0a3ff9657a240a83afda1dbd843a7,3,6
SCIELO_a2b24f86616c539c4c2948c6a84db5d2,3,6
SCIELO_a416c57c8ae1394864ab0ca3d04298ce,4,6
SCIELO_a42f43e3111036dc7a99d39f7ac539d3,4,6
SCIELO_a487b389a4b696ef42623d06179d5150,5,6
SCIELO_a596fd59f8af64bbd708dd17fa9e1ac1,5,6
SCIELO_a5ad64804f1538a266dada5a93c265a7,5,6
SCIELO_a614e0d775af38e338f37ea8b8dd6442,5,6
SCIELO_a63bce2d2c3e132fee8cc2173b30ceae,5,6
SCIELO_a64552f794519c989a101ed25a15ec83,5,6
SCIELO_a670f6b1ac31c78be0d0dfffbb2d6adc,5,6
SCIELO_a6b87cc4d9d632d0a1daa4b19e734d70,3,6
SCIELO_a80df90d4a0e7be6a502e109c7f7b7e1,5,6
SCIELO_a8cafc17336ea4f27d5fb5a0f60898cd,4,6
SCIELO_a957007a9fb17b3fa37cb2db0e43e7e4,5,6
SCIELO_aa5831fdc568113c00f018432bad3501,5,6
SCIELO_ab3fbc6c9a9e38295006db18cdf84bcf,5,6
SCIELO_ab5cad09134489c8c340211074594d78,5,6
SCIELO_ac4484c6424b9bb3528af19d0aac1920,4,6
SCIELO_ad189716196d30369f1787bcfece1424,4,6
SCIELO_aeb78f13f5bad68c4d910069abd2d490,4,6
SCIELO_aee1a163b085f40c96df17cb52639ff2,5,6
SCIELO_aef8b4327cf0820405a5e670e725663f,5,6
SCIELO_af53487ce8469fd95909f701652d4282,5,6
SCIELO_af6b64d082dfe3878d71008ffaadac12,3,6
SCIELO_b09611c6a1715d13db667154aafdaae5,3,6
SCIELO_b19ec19efeffd7c7f6323d5747ab3e2e,5,6
SCIELO_b1a076d5b910de4bbbed60b147fce453,4,6
SCIELO_b20a9dc34c59a129876edea799236ec6,3,6
SCIELO_b2eab3b714d2366b9cbc7a5c8749965f,3,6
SCIELO_b2f9724f9ec8961505872c5bebbf668b,4,6
SCIELO_b348313e5c013d80cccaa75bffdba727,4,6
SCIELO_b38cd07093b17a50ab804d503cc79b32,3,6
SCIELO_b41f24e8cfa9d977a26691fa3a2c211a,5,6
SCIELO_b459fb3c60b59569295bcb91af477988,5,6
SCIELO_b488a5769f1c6dcd8e014ec9e16aac51,4,6
SCIELO_b50de82405d0bb332c8a248503eaec7b,4,6
SCIELO_b51ae0c6e43a3b1e80a7b08331f4f2d9,5,6
SCIELO_b59c76ef4a6d18112be5fb5d324a04a8,4,6
SCIELO_b73d1594ea30c389394f571c734172a3,3,6
SCIELO_b9455384702c0c829180bbe488477c90,5,6
SCIELO_b9a638620611e4c375d6af7a464d6ea1,3,6
SCIELO_ba8657bb4b74f702459c7bd21816f4c1,3,6
SCIELO_ba8f4785a64f5a56cba7b06eee6d1860,5,6
SCIELO_bb385e892a95e0a8f0bcc68f351aff74,4,6
SCIELO_bb8506ffc647b7cc4dd053ac1d3b3093,3,6
SCIELO_bd1c6deaeb4660e89164f0611e96f4ff,3,6
SCIELO_bd751afa665032352386f2a0e61cec1e,4,6
SCIELO_bd8f1dc2481e61496c51c5358725e1b9,5,6
SCIELO_bda1f55adc487d74324a40f0d60c539d,5,6
SCIELO_beb0dcaf2d9eb4f8364e799ba48b8da3,5,6
SCIELO_bf1f3594bdc3cdadb8d1730f40fa160f,5,6
SCIELO_bf91eb11e0b65918e3edf7014d14f7b9,3,6
SCIELO_c01942b25edbfd55a4602bd128a291a1,4,6
SCIELO_c039d79c262846b3eb2f1677a99accb2,5,6
SCIELO_c0c1eb0a674ad058a258bde861daadfa,4,6
SCIELO_c3e29da8cff12ec5bf897ee945040931,3,6
SCIELO_c3f09f2938c11256ddee6aea5f2a84cf,5,6
SCIELO_c47e2c0fb04386c8e00597f3cf49af6b,5,6
SCIELO_c5ab5c4b707aa6e8c61c6db2f33392d6,5,6
SCIELO_c63f077fc26e38e4faa7797299f11b04,5,6
SCIELO_c686eb6d039a905bc74e0fd1ba4d97ca,5,6
SCIELO_c69920c634cb21e43af28d617ba20e0e,3,6
SCIELO_c750d44757a0ca46624b65d0e92edb1f,3,6
SCIELO_c80bf9ef12db522b9867ad73de5c2734,3,6
SCIELO_c88c272e5f1f070ffb1003e18fad97cd,3,6
SCIELO_c9158b880ae4d27b8c0d10d32f8af128,5,6
SCIELO_ca4f8ede3457027097beff132f5132d4,5,6
SCIELO_ca577f928fd5935840c78be775f87d35,5,6
SCIELO_ca92705ba4be3d2c9eefb2fb8252a9e2,3,6
SCIELO_caffbc6c4835c64d7339fc4fc1f37d66,5,6
SCIELO_cb3c34be5cfafe72f9bfa40383530c40,5,6
SCIELO_cd0fd9bdbc452293d66b96e4ecbef296,3,6
SCIELO_cd61536187a2a6c4035966df93d371a3,4,6
SCIELO_cd7ac78b15e6923ba6e332b6d43e9d88,3,6
SCIELO_ce6b565986742be83d97a10c8c5dff04,5,6
SCIELO_d01aa46c6c29abf0667459350d78ab62,5,6
SCIELO_d02452c132af4bedb10d7be6811d4a4b,3,6
SCIELO_d02f7678281c6b87e5e69e1ce2c9304d,3,6
SCIELO_d1260a98209fd622923b355a2cfaf365,5,6
SCIELO_d14948c7d59cd70ca70c7df4255f536f,4,6
SCIELO_d1ded4d7a8bee409bea5bc32d6334045,5,6
SCIELO_d2125c2eb3d7c3f1f6e4b9ff84c9d5f4,3,6
SCIELO_d28652521b6db6ce5f973e7d53ff7d8b,3,6
SCIELO_d2887c8cbbe2f4b154cb7bb79e49d716,3,6
SCIELO_d36d7d76f5932ad4f8f2762137072c05,5,6
SCIELO_d37f4a594d6ed0e303bc242ab53420d6,5,6
SCIELO_d61a673eb6c160b9cd0c8e821c0176b4,5,6
SCIELO_d66f0cd409f892a6b423af8c5bffea8b,5,6
SCIELO_d6efed715c1c891b313aa4f368fe5baa,4,6
SCIELO_d74e5e4e19110e20e2882894341033b6,3,6
SCIELO_d989a9a59196cd1e596d73dd7b50101c,5,6
SCIELO_d9ca5709aa9bdd86a2d1d744ab2c2b1e,3,6
SCIELO_da5016a052c81f1f9313a72ca2ef0574,3,6
SCIELO_dad97b3a73b51cb60f8a60f7a914cdd8,5,6
SCIELO_dc67c1de14b4177e56bbeec5b51d2445,4,6
SCIELO_dc7889ad8c67ef059eb206d76784035a,5,6
SCIELO_dcf6ec422da56b68ca001d190b6e2919,4,6
SCIELO_dd29315f7c4a28ffe552bc224c136f0c,4,6
SCIELO_dd84602bf0f764b9eb214505822dbba2,4,6
SCIELO_de1e008416d4ce283ce806424035200c,4,6
SCIELO_de6a93be9f3f69bee3231afd7f4cd31e,5,6
SCIELO_deff9a82fd2cfe301211d8fef9344a5d,4,6
SCIELO_df8051923ea7a290783188ffb507cd74,5,6
SCIELO_dff553e6cefe79fd8766e54461953171,4,6
SCIELO_e03346690230c2112dcc088635dc555f,5,6
SCIELO_e0ec4a7f2cbcdbe09739c36cd863481b,3,6
SCIELO_e15475eac72ae061123fae4a434a3513,3,6
SCIELO_e1a05867b84f5b24485886df644d966f,5,6
SCIELO_e1ecf6e3f4bdb0629cb60f44e95ba253,5,6
SCIELO_e26f29781f3c1779eed62c9ac49d422a,5,6
SCIELO_e2727f4959cabeb4c5fa59f0bb07a366,3,6
SCIELO_e2a9efeaeaf18e82dd55d55fa43341c8,4,6
SCIELO_e337a3cdcd3f2c8b985a8e564f4f07c5,5,6
SCIELO_e4a30ab2d017f43e20fa2af8ea8e8545,5,6
SCIELO_e4bd923703192a0e6de894136345c923,3,6
SCIELO_e4e95cd31337610f22cbb5787419103f,5,6
SCIELO_e514f599a6871919bfdee8a3585f99dc,3,6
SCIELO_e5b23bacccd1ad2a896f7eaefa70d077,3,6
SCIELO_e7a65e883b76913933d56d4cf6021940,5,6
SCIELO_e7be0bdf8ea8ad9a77cb218535a0d6f8,4,6
SCIELO_e7c2a4fb7b861ba8d64a339aa31c02ce,3,6
SCIELO_e831a8bb3fe9d4d5f7279fcdd9b10ad7,3,6
SCIELO_e8fecd2c7dbaf6ad146cfa5d6dc9a75f,5,6
SCIELO_ea13ce891389a05e45c3011b00c37f29,5,6
SCIELO_eabb18537dbabc8b9b35127cf20b7e89,5,6
SCIELO_ebd3579554f828640522e053675b0204,3,6
SCIELO_edec7db5fdfe619be24c3076addbca7f,5,6
SCIELO_eeb6d23aac18c928f1e9b28426ea10ec,5,6
SCIELO_efb281adefb61bec75f2556a98e4069f,5,6
SCIELO_f00beea3020fa69623d4ae36191e25ab,5,6
SCIELO_f152da6747344a81205af9e4fbd29ec8,3,6
SCIELO_f31cbe92bf0850af89ba654336d230d2,4,6
SCIELO_f37b978782dbc178defcc831593c4289,5,6
SCIELO_f39848af8e24a5748768ed4340506d46,5,6
SCIELO_f3ab2ca20ed3d020f89c24657bbf671a,5,6
SCIELO_f41a89359dbcb05b94558800e0a0ec56,4,6
SCIELO_f45873b1b6594cf7065210a818287e45,3,6
SCIELO_f4c127efa8f666f84e702b7b24f660e6,3,6
SCIELO_f522019071f93453a162ead7d3ec0f32,5,6
SCIELO_f6e0a3899d8a89dc6158302bed7987e2,4,6
SCIELO_f6e2059d6344b023572601092da84f47,3,6
SCIELO_f8ab95a8878c5c11265560cd9d4c5972,5,6
SCIELO_f956fd3c71ac09d2254daf3b1c9e18eb,5,6
SCIELO_fa336ef1254369b137fec8f31f4e2c51,5,6
SCIELO_fa55084621bd563b7a0d5a1b6059a664,5,6
SCIELO_fabe537a9d4f634143ae3bfa10aa0a45,4,6
SCIELO_fb40a6c51659f7bcfef89d3c95ebfd04,4,6
SCIELO_fc2ddc7918e863f4dc1290adc501272b,4,6
SCIELO_fc488104570f053a2da8a971fd05600a,5,6
SCIELO_fde2af8135c9319710f1e6dd62e937f0,3,6
SCIELO_fe0dbab231dc8d5103fd8c2adeb66f88,5,6
SCIELO_fe2b2f417619b470769d4858e5a509ca,5,6
SCIELO_ff4fc1e666a3595283d21d71f34e19ea,5,6
UCHILE_03b92508d3961aaab65f4cfa09e39c61,3,6
UCHILE_048448a8939c96d67b0e2c7627a2d695,4,6
UCHILE_0575e7b2585cc999ca53f1a69ed8f9ea,3,6
UCHILE_068467a2bb812f478b747f8e23badb99,3,6
UCHILE_06998d88100a805ae5fd01ce9cee958d,3,6
UCHILE_088d703cc9fff16587500d7fda0fd690,3,6
UCHILE_09a4ebe0d114c5bcd0b8f695d9a98b0d,3,6
UCHILE_0b7b07a89e7f9725b28f6700534f6965,3,6
UCHILE_0bb8aee1106db1e3466171e9217977a4,3,6
UCHILE_0c3c89235884ff46c80ac01312600c39,6,6
UCHILE_0e2339d46418ee769ce38240eea376eb,4,6
UCHILE_0f00f5d5add3ebcd5548666a0d1433f0,3,6
UCHILE_0f4f6718f395e6c3aa015332ce255431,4,6
UCHILE_11b6ea9ac8dd1ed19c1216d17e46c2b5,3,6
UCHILE_12a0ecb837226af49e67a609a4bed165,4,6
UCHILE_12fe20ae51e005f453f3c71b0a228bf0,3,6
UCHILE_142ae00f3b388e5d5bb42dcea5f6e55a,4,6
UCHILE_1436f488711ac86898fb25658542df31,4,6
UCHILE_1479a39ce6339ed25398aae6b16f26a7,4,6
UCHILE_14f7d3880d615ee21f02172782e34978,4,6
UCHILE_166bf55bf445cde26e3a428233009ac1,4,6
UCHILE_16af998750b85c1f4b659aed4f9e1b1f,3,6
UCHILE_17e47d1bb3dd87c876e51ff87b8a6f3d,4,6
UCHILE_1a2b777b9856434fe8e1d0d9a1b434e7,3,6
UCHILE_1b9cdfaf196775e749e09c1a8cb8990a,3,6
UCHILE_1c1dbe4202b1f92da5c6500d0a2f01eb,3,6
UCHILE_1cabe60699196b131027ec3e4153c66a,3,6
UCHILE_1cb4ac3c0122065f88a8abb57a140895,3,6
UCHILE_1edba4cdce85dbe201f97660c5a32eeb,3,6
UCHILE_1f4aa7b59f5d53e09778317dbebb2105,3,6
UCHILE_20881e9edbae252f925741cff2691846,3,6
UCHILE_20be0a37deaa7ce8ad63171b94ab15c7,3,6
UCHILE_247b5b186cc1e5200684551e321e72e5,3,6
UCHILE_254b443b60f68ef2df601297ffe0d18f,3,6
UCHILE_254d0110df9a69194ce49a4e937b100c,3,6
UCHILE_25857c9a8d8be58da49fa2bd44fdf850,3,6
UCHILE_267e97f2f070a7cf003e7ac585def25d,4,6
UCHILE_26c87f751cb12a346ed0e7abc1a13fc5,3,6
UCHILE_2867238e7ce77f6c0ad9e49e9c005589,3,6
UCHILE_29c0fa0f999e67952316164f97c03719,3,6
UCHILE_2b8605bfe2c1ad4f6d57a3d90a92febe,3,6
UCHILE_2b9e8acd6ec49dd465aabd8c8ddc383c,3,6
UCHILE_2e52806dc28b9be2bbf96e51ac031271,3,6
UCHILE_2f348569e9191176fc79631d746750ff,4,6
UCHILE_301f8c88283e1da5b24323a4bd71fe1e,3,6
UCHILE_31943ac145da15404c93a53f99b59d81,3,6
UCHILE_31a85648d982ecbbe36fd71391068a75,3,6
UCHILE_31f2275e8093395f42048f843aa380ea,4,6
UCHILE_323be97e802de9db111f6088756c3aff,3,6
UCHILE_3445f3afa36a0b83915af4e54d5e4942,3,6
UCHILE_3448a0edfc41d7be3004cf0061b76e36,3,6
UCHILE_35902f0a7603d0b04d4e31a46762e443,3,6
UCHILE_35add3479b1ee168e85e195ac7090fff,3,6
UCHILE_364caa92056c1517c305af6e9c506556,3,6
UCHILE_370161694cfd00449d4a957d4c85744d,4,6
UCHILE_379ce6cf6c2f7eb3d919a1ed8eca9219,3,6
UCHILE_380db26e9ef85e6ae764c252e052aed4,3,6
UCHILE_3adb0fdb07e76a69e46f848b0979a042,6,6
UCHILE_3bc1a7679363486642e359f8cd5c181b,4,6
UCHILE_3bc4f55761920c5c64b3d21a336fd9fc,3,6
UCHILE_3c39519ac55eba22a823e1c989f2ba20,4,6
UCHILE_3e8ef89938143dc72262a95eecb94fbd,3,6
UCHILE_3ecc87a842656e792a4466d3bd15c42a,5,6
UCHILE_404f0e28d91ea9d21ee9428047bc3e94,4,6
UCHILE_40bf14151d6d88a32bb4d246402479a7,3,6
UCHILE_41f02aa8bd81c84518f2acd594c091f5,3,6
UCHILE_427d5c3d86196d530c1139d6fe3f938d,3,6
UCHILE_4331cbc4a5aa949ac33113ea367d3ab7,3,6
UCHILE_4556623b98a5ebc6f2660c350e1b40dd,3,6
UCHILE_47c9e432709ac72c25d83fa3dabb3766,3,6
UCHILE_47eb14dcffcd126325846c88a4903f40,3,6
UCHILE_4921641ccb9f1304747b12b502420524,3,6
UCHILE_4c35b2f1952f927fc2d202b2fa329d39,3,6
UCHILE_4d10a76c26c4d160f5c0a60e2eb7d892,4,6
UCHILE_4dcee47548ef3e59013c1c06953e2915,3,6
UCHILE_4e46271861444d39eda3709d7a16abcf,3,6
UCHILE_51b93a89500bf174329ce8810b69104b,3,6
UCHILE_51ef0188c81aceeb152ef368396b4842,3,6
UCHILE_5436b47efde87e2bd0c15aef0b6acbc0,3,6
UCHILE_560c905c044e88471d7c70a8152ea7ed,4,6
UCHILE_577a83c3ba09c0ad22199f0cb71b60e9,4,6
UCHILE_57814f6ac00d2ea6941f15fa3cbd3c3e,6,6
UCHILE_5861dd3f6aae34e0970163c8737bd7d0,3,6
UCHILE_5a3799191b7c8647d49134b97c166c80,3,6
UCHILE_5a86a76427c82c637be2fe875e38400c,3,6
UCHILE_5b18f505e2a6844be649b40539310cad,4,6
UCHILE_5b3bd31b6792ab93b06cba7a5d930e3f,3,6
UCHILE_5cef2f38e014d44416aee1a2c5de1c21,3,6
UCHILE_5d046ba91ac32342e8558a9c46c6ad7b,3,6
UCHILE_5d670decaba5705f28b81d10d96af76b,3,6
UCHILE_5e38d0f75989a24f21a3c37b48595374,3,6
UCHILE_5ea934020de5c10b18be5008b69911ba,4,6
UCHILE_5edef533391dd518fcad63d47e560da2,3,6
UCHILE_600ac9ada5c94c371cb8efa723b6e07b,3,6
UCHILE_6216c4152fd4a7aa78de827551af1791,3,6
UCHILE_63548b8058e73ffcb95ddecd6ac323bd,3,6
UCHILE_63754874e59644dd56005e38d4ea2319,3,6
UCHILE_6441203da4e58fb8ea53a1c188699392,3,6
UCHILE_64b6c5da78b9dc8c89328a07cf9f74d0,3,6
UCHILE_6713388fbb886e94ac5a71bdeeaea340,3,6
UCHILE_6765416c16bf1cb696d098a2209254bc,4,6
UCHILE_687c5bbf8a4d94e2eee580fdf6f953b2,4,6
UCHILE_6a06dc4ec44430ea96aaf27fbb227fe5,3,6
UCHILE_6c37dd2f068e973e5a8eefbf143aa667,3,6
UCHILE_6c86985b9d00ebce7c3e48c296a4ac7c,3,6
UCHILE_6d40468e14d153b0683295140d985bf1,3,6
UCHILE_6d5e638742b8e527cc68c00454da7684,3,6
UCHILE_6eb72070b48d25c2a0a3e31d960fb3cc,3,6
UCHILE_6f712fa29f913d14b5b355622c25b959,4,6
UCHILE_6f7640cbb58a31717768f9dacf6097de,3,6
UCHILE_6fa271ad3677d4f62058f307d7f65309,3,6
UCHILE_6fdfe455a3ef9e99a6dbfafe602942ca,3,6
UCHILE_70cd7b57708493a667928b12df88c714,3,6
UCHILE_73293f5c46e210abb8d2d44fbeca5906,3,6
UCHILE_7341a0e817bfa6bc7c2682d75a8bf23d,4,6
UCHILE_7432df821e0ab174a78d93a3c5100837,4,6
UCHILE_746a273c9dbde60449cf69277eb9b42b,3,6
UCHILE_7517a84f738414e7388b436a1f2d50de,3,6
UCHILE_75f44784b8fae16028dccbd0cc85c5f3,3,6
UCHILE_75fc8b5b28fc239eb81550aea0b1b6de,3,6
UCHILE_7739ed319c40463f003ea7244a72b279,4,6
UCHILE_7849a9cc88f7e0c90c06efbb7429ab4c,3,6
UCHILE_78912f80cb0dc2f4d1c6a4562b86d1c2,4,6
UCHILE_78a69bd18a7ba2d19e22db38fae48fd7,3,6
UCHILE_793c126e6d742e08640ef1a38b25077f,3,6
UCHILE_79f5b917efb28ec35047e98b129d74e2,4,6
UCHILE_7ad1d11aaef55c8f5492f1e3e53f7fef,4,6
UCHILE_7b9ee87dcdb2d2a77334075b8da1f726,3,6
UCHILE_7c684a3da42ea296d4772aa35ac33e76,3,6
UCHILE_7e2234679476692f2e27f5becc0711d1,6,6
UCHILE_8090c77ae9292aa3ada748656f69a961,3,6
UCHILE_81793325788c139f694cc4632d0bcc34,3,6
UCHILE_8234419c41ef679c7fc37d2bb4f5cd19,4,6
UCHILE_82847ca94d2e6339e4bf0a4a29d28f3d,3,6
UCHILE_840d692f5469a8fff95049edfceee35c,3,6
UCHILE_85efe47ef56f3b837ed971e6e326f5a0,3,6
UCHILE_8697e0838a725f8b2637cd1d55816952,3,6
UCHILE_87c7dd0438fd4ec73f85618f0ea9d67a,3,6
UCHILE_8a6b6092fd7fd7dfc871c8ba62b3a0ad,3,6
UCHILE_8b6a9f6bfe60d0f37fcd6b3b7e8ecf0d,3,6
UCHILE_8b70c3691a45a9e3e8765d035a53e815,3,6
UCHILE_9217a36c8783d69554779e863a373911,3,6
UCHILE_922021f26a5958caf9d06edaf92867fb,3,6
UCHILE_9390c53503eecf4a629f46a63aa7ab23,3,6
UCHILE_9413eb8d19dae469d90fa5b1cc7de24d,4,6
UCHILE_944979dd26972b852045848cef4b7643,3,6
UCHILE_94c1d5ea3ae6778ee32848260f2c2173,3,6
UCHILE_96893b03471adcbddddfbd72073f2841,3,6
UCHILE_98e4c61bdf1d1eece640ea2d37fde9ed,4,6
UCHILE_992cc85d40509a93945684a9e84d64d5,3,6
UCHILE_99d21b4bdd4f2f51af80870b1be84ae2,3,6
UCHILE_9b3dcd8705045aaf59fb7dfbf5f9d45f,4,6
UCHILE_9bdbcc90346b020fd9169d1e671be24f,3,6
UCHILE_9c3e7c1df4b0f4afb55650375a5e1d66,3,6
UCHILE_9ca8ac9cc3aa10ee39df4da29ac81058,3,6
UCHILE_9d392f6b1558e38ae4a0f28c5de6d313,3,6
UCHILE_a1fb74f64420feb94e4b1971604966b1,3,6
UCHILE_a225432133ab315f3aa54132a12eb698,3,6
UCHILE_a332d1eab75c594e3ffd1f27210e171d,4,6
UCHILE_a335a2f794c9e5b38ec29b37be616682,3,6
UCHILE_a4b72b2f80874c0f30fa8be511d530a8,3,6
UCHILE_a53e199abe43f36350714d005243ff92,6,6
UCHILE_a5582aa3f31f511f344e1dcacf23e596,4,6
UCHILE_a55916a212b73df5c8582038482adf41,3,6
UCHILE_a679962099f68a9611099bf6c3bc5fa7,3,6
UCHILE_a6b4156862f5be2e8bcd4d871cfbd7b2,4,6
UCHILE_a7ed0569a95b0f6e334314ce5d3e2b6d,4,6
UCHILE_a862ca87be348ce5f7714309fdd22e97,3,6
UCHILE_a8d1892f2fc87881e62f0e1322a81cf3,4,6
UCHILE_a9be1065c7c268d1b17d81f079d4d497,3,6
UCHILE_aa8fe92838874543508cef755e9287e7,3,6
UCHILE_aa99d3b47dfa8aec9320204d158ba7fe,3,6
UCHILE_ab37ed5383a3690983962c582f60a137,4,6
UCHILE_ab53c2fa5711fefef613cf9c1215842e,4,6
UCHILE_ad5c653bd5523067c577bcc11125d104,3,6
UCHILE_adb7901d01994430c56f666884f88091,3,6
UCHILE_ae892a57dc2af1fecf1094236479f7ff,3,6
UCHILE_afe7d7380fc0c2f6983ce65232573c8b,3,6
UCHILE_b0933e6a159a3d2184404a33591e0de8,3,6
UCHILE_b0f0b71ff978e63f182eb13f505d2a78,3,6
UCHILE_b1cdfd7aa9764165754dade01e30346d,3,6
UCHILE_b23207a1680c570f4945e0ed21477fcb,3,6
UCHILE_b2676a33064660976b31c768547415dd,4,6
UCHILE_b2eff4975900837e2f578c0a82242dd6,3,6
UCHILE_b4f4d4c730a94b325c42e3a3ef020012,3,6
UCHILE_b5a2bb7e8165baf55abb36578b125ddd,4,6
UCHILE_b5b7e157a3b50ee8a9d60d5ad9a73808,4,6
UCHILE_b68822718d5a57ff782f5d5f5ff21cca,3,6
UCHILE_b70bf5e3cb2123c7cb4c5d8e67da696a,4,6
UCHILE_b769ff586bafe5eda2b9ec1930c7d857,3,6
UCHILE_b7d899679a4b3272e0242683d928e058,4,6
UCHILE_b8b5a15471a96d7ec209bec8531f35b6,3,6
UCHILE_b8b910f9e1cee9a29df067a4f0b7d38b,3,6
UCHILE_bbe14441d447871b88bcb6b5c16ef98a,3,6
UCHILE_bc27574e5629f5f016c1b64426381006,3,6
UCHILE_be28d820afb323a96dfe1c0231e918ee,3,6
UCHILE_bfe04f33c47cdc55c053a2d5de592ce0,3,6
UCHILE_c0b7a2c7af914db3322a58729f330919,3,6
UCHILE_c397409ba868c892257ef46170353f76,3,6
UCHILE_c3de819e400782082af1a8f1f01bcaef,4,6
UCHILE_c4306038b9654f93babbf05bd96d3c77,3,6
UCHILE_c4ed132e6dfb175dd4bc751900db75bf,4,6
UCHILE_c567a04c3bdf8e48175c045683a57a5c,3,6
UCHILE_c831bc26b0c6c7ca69485854c6911c7f,3,6
UCHILE_c8fecfaaa206d82f0ba0c530be9264c6,4,6
UCHILE_c913f8656c71704b17d92dbacde81514,4,6
UCHILE_cab5b910168882897df51dad92aed20a,3,6
UCHILE_cb59b2eb8686cd5d3464e926c56a6a50,4,6
UCHILE_ccf4f3b2b4a052b38eee783e815acd65,4,6
UCHILE_cfe3c08e812edc0f54f36f210998f693,3,6
UCHILE_d00ba29a9080d0daff371825f3cb8c01,3,6
UCHILE_d0de3eede6751a2db668b9a0fe282095,4,6
UCHILE_d12cea1e7aaa9ccb48d8b889a7967bc6,3,6
UCHILE_d207d33b9b7608300255a81c6eee2f2f,3,6
UCHILE_d30d6264b05493a4ea8da3d687177e5d,4,6
UCHILE_d3713f83b92f3af629bfe1f65cbb0b54,4,6
UCHILE_d4daa73d278866b8ea33bdc49bc6802f,3,6
UCHILE_d5699adda8de9e50ebd676dad1e95860,4,6
UCHILE_d5a17c32ce59f7dd503191ef58c48d30,4,6
UCHILE_d61b70b1c0ff0098d4e6e03baa611106,3,6
UCHILE_d6ef4d93c786aebb0b426ce3f469db07,3,6
UCHILE_d74aeaa821d67a2a0c43e9f9726b2de3,4,6
UCHILE_d77157f990c2dffbd4e771d6472070c9,4,6
UCHILE_d7b26a0884e9a70ccecf86acb1a80330,3,6
UCHILE_d881abfad6a4c429ac91960b08fb2cc8,3,6
UCHILE_d9e079e165f2d125d20058ad44af180d,3,6
UCHILE_dab7ba46b9957966e81ec516f634374f,3,6
UCHILE_db5d28fd72b4f5ca46d908ee3782d4e0,3,6
UCHILE_dbefcfbc28f615cdb7f086e4b3990740,3,6
UCHILE_dc30ac78e10d11766260f0e6f2d26988,4,6
UCHILE_dc819185a601d65b96e8b1f1f79f0b05,3,6
UCHILE_dd9c11859eac5750e60a3811fd416eaa,4,6
UCHILE_ddba25166e8bd06e9ce553967f17fb62,4,6
UCHILE_de1a6ca9ce51b5229dc73b998c908226,3,6
UCHILE_e2247c258864a8181dba70adafd54062,3,6
UCHILE_e2c0304d803df1751f2494878b712222,3,6
UCHILE_e2c4078bd9b00b483683c7c86fff0766,3,6
UCHILE_e40084fd2807aba64fe9b1a20c9530a8,4,6
UCHILE_e563ee56e136ca50f8449586e0897851,3,6
UCHILE_e6df816dce424bf3db57315e5a448de4,3,6
UCHILE_e801b185e0464f2e4529aaf4b34a6e23,3,6
UCHILE_e8a040d1c28fe37967c7c0abe30477fb,3,6
UCHILE_e8ba0cafdc0335eff2f5dd221c245bcb,4,6
UCHILE_e97dcfd746ab69820a98fa8c16505c54,3,6
UCHILE_eff186576af257b5c84c10f48b75aeb1,3,6
UCHILE_f05ad3a29e17be2c5aa67ca31572daf2,3,6
UCHILE_f0ab6bba509e276101991b95a620de46,3,6
UCHILE_f0f7367667cfa53518c65d6626aabdb5,4,6
UCHILE_f154b17caebfddcea7a21124ffc6a405,4,6
UCHILE_f1e7eb84b64745b08c702f1bad114849,4,6
UCHILE_f3baf956fa35b98446fb74d05dcbae00,3,6
UCHILE_f4a2c932ed048a52b7544d076d8a904d,3,6
UCHILE_f7c1e2e1625d032159800ca5cb6adabf,3,6
UCHILE_f8ab3cd3bcd1227f2d8af084506fe05b,3,6
UCHILE_fc0c37c9cac2f5dacfa0d8bae8b02b63,3,6
UCHILE_fc154ea85ec3870e2bdfc3a1c83bb660,3,6
UCHILE_fdf2929b94303ed1ca8a386538afbca1,4,6
UCHILE_fdf6825922fec1e6b4b6a7ed3c296ccc,3,6
UCHILE_ffbf0ae67a122429e4d77b8d8e42128a,3,6
UCM_022d0b178a5770060f09d380d3578a9d,5,6
UCM_05ddb22493a8af1abd20b42490e42600,5,6
UCM_07a1084bb7a2d46836da25024974d210,4,6
UCM_0b43e945d1f399642437641598275578,5,6
UCM_0c7c80766311579828cacf41b89b6fe8,5,6
UCM_126f3db5b2463c698712e18c69c6ced0,5,6
UCM_1347ec87da3b6b2ac2fe190c5b8db71f,5,6
UCM_1741fa7cc2d8f579e4f5350c0a817ae0,5,6
UCM_1cf103fed8fa25a251c6b7466ec1860d,5,6
UCM_2c2398983fbade59984d71a128ed48c1,5,6
UCM_3049d4d0f2c0195750b639ce8c5a3bfb,5,6
UCM_3bcf11da5189f04d53890eddaf5bdef3,5,6
UCM_3cb093642bddc4371de42e1f2f1c13a4,5,6
UCM_3dd3e0b5aa105d169aa82d40c8f395cb,5,6
UCM_3fcbfeebf7ed38da24346f8709399d8a,5,6
UCM_41a77c6b021207613552e8b09ff95872,5,6
UCM_441d3badf71b30d0be367b7d4d281475,5,6
UCM_558e451984230820f73d843f1431bfcd,5,6
UCM_5e03c9c5184c66e3f98c23641af8f226,5,6
UCM_60c33c1bb28d0c981a2be1cd2bce31b2,5,6
UCM_660a8088d7b004db89db586d26aa3632,5,6
UCM_66580d838872824ea25cb2cebc52d05c,5,6
UCM_760e6fcde8aa40f5318b271b73d9242a,5,6
UCM_776df2ebca045748ce441dcc5b9c39c2,5,6
UCM_7a1675e16fe55a9b9aa880fc62574390,5,6
UCM_7d1d60ef7b8674ee74e0ea5a2f134332,5,6
UCM_7e3090b5f90450285ed1ed827008f5e9,5,6
UCM_808d82f0b6afb2cb39952965f02ce9f1,5,6
UCM_83ab06adea55fc6de7e05299aa35b37f,5,6
UCM_87cd053cc661219c556b83ee65c57e29,5,6
UCM_8d57e1d502eeeca1cca1c6adc41c519a,5,6
UCM_8ddd113058e1b76925ac2933ef335904,5,6
UCM_953c89994db757ba041a0f37f5c2f71a,5,6
UCM_9829569117c236fd5835213d615c6e38,5,6
UCM_b49479e47a553b567104bf5373953d47,5,6
UCM_ba0aff0fcb29702649d32bd3f01a2dd9,5,6
UCM_bbb8f1d99405663904a82c73a50cc86d,5,6
UCM_bde0f78eaa530408350de4ce298900dc,5,6
UCM_c6e5ab96e7318b2a33c1e189409384a7,5,6
UCM_cc90bff8668e089aa5023ff01f92f378,5,6
UCM_cf21a299289924094cb6d604e5586759,5,6
UCM_cf2fae3c27b1c09a76db4b20173502b8,5,6
UCM_df63ddbbe18bd1383ae55b6eb8da9097,5,6
UCM_e140c248e7d931b77c5c758656fb5b21,5,6
UCM_e159ef8a11797b4e726448f3139eae35,5,6
UCM_e2fdcf4a2ee6eb437e4b044587e832e5,5,6
UCM_e4a1b3275a3d5e069a64f491c714647d,5,6
UCM_ed7d04ed11b7966620de1e79e81d9279,5,6
UCM_ed87e9dc3adff4bc745f20f4756402cd,5,6
UCM_ee34e578c7331d249fe959bebd1be94d,5,6
UCM_f256cc47ed53b7f0905b945edd11c3a3,5,6
UCM_f3e01da107ccffcd9e3a7ba87f2662ff,5,6
UCM_f444d54b758d6d4c6afbd4229ce86b4b,5,6
UCM_f5f67c1dd4ed92f121e58a2d6babf7ef,5,6
UCM_fb43013e8e9ff594204d9e9cd4798b7a,5,6
UCSC_00964acace2bcaa84eb92ad430c9598f,5,6
UCSC_0237aa3f9cb167da8b90defb3a5155cc,5,6
UCSC_041a5c43fcb3478896ba3b3738fc81ac,5,6
UCSC_05048af59eb3b1fba4f5ca19678431a6,5,6
UCSC_0666c09fc29b800d61ad1ede8fe632ec,5,6
UCSC_07309065900f65f5ca0652410258aa7f,5,6
UCSC_084e79e9a1b0a62ffd0adfd3e9668865,5,6
UCSC_09235b0da9c2ee19118b7d9947b1e90a,5,6
UCSC_0a1b472f2a610346d01e76ff6854b64b,5,6
UCSC_0af4ad0f68afbb749517eedb615d8244,5,6
UCSC_0bb92cf69c4332317befb20d3f4fbd29,5,6
UCSC_0f6261d287ef82cbe9167fcdf494b287,5,6
UCSC_0fbfac21074f46e06367673fd662ef96,5,6
UCSC_112d4ab53aba708db0c6e46d6b42e8a9,3,6
UCSC_11912db331e9818984e790516f395a7e,5,6
UCSC_1408d76177a2e24af298ad7a52120262,5,6
UCSC_1528a660497d59c5c334e8c3c1989269,5,6
UCSC_15cc0255d75d3e3f7755fa519e7cf493,5,6
UCSC_198adee90d7f20d86ff8d88d1fd1bd90,5,6
UCSC_1cb33ceb88c001adab07713266e07f46,5,6
UCSC_1dd19b44513013c91fac0f00a71046a3,3,6
UCSC_23d0bfa40702a6d7e10b3b44331b88e0,3,6
UCSC_2635b6108e1912b6edfc088a902ec829,5,6
UCSC_26525f56da9f6ce34bde1ad98a451366,5,6
UCSC_2b2ef37df727f2295375b86d2437bf64,5,6
UCSC_30d993aa35eed3df7e731bd50097db31,5,6
UCSC_31ba492478ac41a13a88051228083608,5,6
UCSC_329db98b9756d94e52149aeee218c54a,5,6
UCSC_35ae025d23f6da8c92702106a2646c0b,5,6
UCSC_35d4b6b9e1cc9f55ced6df33ed7296f8,4,6
UCSC_36f1f67405f7d4d65ca53292d0964117,5,6
UCSC_39c0df96aca1eafa197f9c06fb81c105,5,6
UCSC_3a74ea329e68b7517e23e9f73c62d41c,5,6
UCSC_3b0b629b7da2b9132771633aa1b0aa7a,5,6
UCSC_3dd3f1e57bd3dcc3b8e365b986a76948,3,6
UCSC_40679f836d7dda45ed0fe974a4ec3e49,5,6
UCSC_47a7e3f9ff5989d82a2728696aac1187,5,6
UCSC_4a4419314a9b2e2efb057226dc67ba3e,5,6
UCSC_4f830b790bf715e7f27d487ee4dc99fd,5,6
UCSC_5166761cf72307a7e078ba14b1234227,5,6
UCSC_51c45c837341f676ad27f2c5727092bd,5,6
UCSC_53df8cc696b1c6e42852a51ed1314208,5,6
UCSC_54e3c7472885739a9d549a375a6691e6,5,6
UCSC_5cf8c3ec83a1f779779d0573243d2ca8,5,6
UCSC_5dafcdda0e0f0e8af0ac867fd6e83e98,5,6
UCSC_5e21a8d1309099ee4cf16f3870aee19f,5,6
UCSC_5ed35d7f6df4f8c7c673efbdb22bb437,5,6
UCSC_621f75042e8c896a758070e09eb43e66,5,6
UCSC_6396dbdabf0a17c0002fa3268f62b932,5,6
UCSC_63c9ad1f6b2ecd011620af488738e9e6,5,6
UCSC_64bac4c43b0d2897a6111f8a59c3972f,5,6
UCSC_6754cfdb86907b2a363ae70ff6fa84ae,5,6
UCSC_6e55eb6f0a4df39be3798199126e1f5f,5,6
UCSC_741e813aaf302bd5ef86a7704ea4e899,5,6
UCSC_74e5d951d12778e7967e0136924d6abf,5,6
UCSC_75886d47304dbff90722a2ec878c6d9c,5,6
UCSC_79c695efc0e54ae39b61c6ddf19f76d6,5,6
UCSC_7d9cf3b218f29a5862e0b1c5439c2214,5,6
UCSC_80865783313e1eac0ba26eeda30b82cd,5,6
UCSC_819e696537de89bbe182c25619d9f6d6,5,6
UCSC_84aca7ffbe80c8e702a37d6c9633243e,5,6
UCSC_87ab5a1df3fea05d00ae4769850ad444,5,6
UCSC_8a0713e5ed1290cfbb6f894028d4ce7c,5,6
UCSC_8a3c601ac401a57888e2e760f1dc2ff5,5,6
UCSC_8cb48b6edd36dd3ac041c220efe81858,3,6
UCSC_8e569c2f536b2916e70be163f3cb5a58,5,6
UCSC_9241a12f6ed35e436f38c150c1cc5d9a,5,6
UCSC_924f2cc069080042a7e042e6f360874a,5,6
UCSC_950e4261c55fc7de295b8816900b4aea,5,6
UCSC_97458659dce729c0297326746a4b7360,5,6
UCSC_9a8173b1f73dbe99ca9a5535e48fe54b,5,6
UCSC_9beb7d8e57387d8d4922de4fc7655b77,5,6
UCSC_9c3597a7b68a859981dd708237ec2bf7,5,6
UCSC_9dd9313af26246573becae5418e3e097,5,6
UCSC_9f7e399fa50430f111c5eb5ee2a87389,5,6
UCSC_a02588d3b3d8b0660994ce00dc91ceee,5,6
UCSC_a04f4364908acfd1c843e286c0fc265e,5,6
UCSC_a1a8ab2b6e193702c07c6653a05cb98a,5,6
UCSC_a2f0d7b587fdc4b7324a1ceb96a60d23,5,6
UCSC_a3d4512b2270fbf5893fbd0695122300,5,6
UCSC_a4ef3b63eb3a29820be6dd432a673c4a,5,6
UCSC_a67728ba6f61a8c6f7b987d793a25211,5,6
UCSC_a6ba1ab4a03878ac89848b9e4fa6f8d3,5,6
UCSC_ad162edf351a33efd86ce9aa5692fd04,5,6
UCSC_ae434f98f0e7c04e60cae3e94b8b2551,5,6
UCSC_aea8599670edf5f5586b7492a7ccb170,5,6
UCSC_af6939115f019b19866970b1efa055c8,5,6
UCSC_b133604c2f45192eafa9abf935682125,4,6
UCSC_b1b32ab1b0e57ae3b828636112e835cc,5,6
UCSC_b65ee5dec11f21861d3a3daf3b586717,5,6
UCSC_b68fe44a73f2fd89cc8da962591270bf,5,6
UCSC_b8750f57da2a82eb053e5e590bd5c2fe,3,6
UCSC_ba31ad516be8210111ea3be3d2dfdfcf,5,6
UCSC_bb1d6e5b6242a8e154f9524b41880e5e,5,6
UCSC_c42260d144c5c36800d1b0df93c4248a,5,6
UCSC_c658fc652d923296a12327fcc142766c,5,6
UCSC_c74ceffafe22935d31155c2b37efac4f,5,6
UCSC_c866fea58296d848ae7889703f26b88b,5,6
UCSC_c9d1adde7bd1d1bc582df59553a43122,5,6
UCSC_ca97e807115aac2e8403e7286a2165be,5,6
UCSC_cabce1cf8c8f34f52dd99b5b85a15336,5,6
UCSC_cb061a75a9a3f68f65911462c099b90c,5,6
UCSC_cea97c04a9a76d34b50a2efe5f8ff295,3,6
UCSC_cf50c34d5b2e0f2664444a1ef6d2a2b1,5,6
UCSC_d319269d40b4f942c4ff5936d228ab4b,5,6
UCSC_d5897fdcc25e53b32cf3f2dc797768fa,5,6
UCSC_d793f7841beaff8cb1904d9ac96b2170,5,6
UCSC_d82ba5cec7b176491271437667635f52,5,6
UCSC_d87cf9caa421b9f1506b3bada0a4d3b4,5,6
UCSC_d96e63b5bcb744f160c2a6faf6b98e7a,5,6
UCSC_dad940ec1ed8c08f7a2364c381bcd228,5,6
UCSC_db1c442a5096d252d30017339635d7b9,5,6
UCSC_dbc1ae89f0f4b7788dd201de2597d72f,5,6
UCSC_dc934429598bd230f1d517097fc65f44,5,6
UCSC_df60e3b92aab0fd86548d5e253437f93,5,6
UCSC_e1a7b9e5338afb100cea632161b0358c,5,6
UCSC_e1ab8c9d1b1d6a7765e015b4785ff079,5,6
UCSC_e3291ae6b6313b98dae9c63a7e2f3a4a,5,6
UCSC_e416a2bdeac9e5a2b3d83a8cf6638b3b,5,6
UCSC_e755050bcf5731a2eba8357f342113f8,5,6
UCSC_eb5e57371343b0db313dd8b78ca58527,5,6
UCSC_ecac7a1fd53bb17d9fd1b8b3c1b52048,5,6
UCSC_ecc9e986e536a62aae9d3feb99ee13ed,5,6
UCSC_ecfd1c9b752e1ab86c626b4cdafbe2f1,5,6
UCSC_f0e0cae46e78a50decb6a7d5251e7b75,5,6
UCSC_f24aaec427154a1dc0adba946d889eaa,5,6
UCSC_f4faeec0bba15e6b4e65d3b0fd2e9f1d,5,6
UCSC_f638f8b85d4ab050a8d4aa17aaf345f6,5,6
UCSC_f7dd49e8c4b9f4677bfb6570cfd8c33e,5,6
UCSC_fd873a5f630d857cd1e7ef0f6923fb25,5,6
UDD_25cccec3c1085ffb3c785f673b01c8b5,5,6
UDD_29ff79e3216ce992e221dd8f3ffb5a6e,5,6
UDD_7c219465100d3dd7eafe5045054c35d9,5,6
UDD_b6b71f4f064fb53dda654141ad15db22,5,6
UDD_ea5e547ea0168fc4b313d465642e04e4,5,6
UDEC_0b1fa3b37e64c3fdffc08ff8b244d8f9,2,6
UDEC_0b8807e0acdbc3194e27624a9a6d77e5,1,6
UDEC_10da7336d47f09eef0eae3424b603eca,1,6
UDEC_1b1c8ea999910d1c26e4a9f9bb40cddb,2,6
UDEC_27848758d4c19d3c35106643c6f47b0e,1,6
UDEC_2dfd7ef931b2c0d2f1f72a7b4b6877b2,1,6
UDEC_3e5eee21a8e59968894ccf5bcf1caf93,3,6
UDEC_4185177e78d595c94910aa3ffb96f53e,1,6
UDEC_46ec2fd597e8358a0748a839cd541052,1,6
UDEC_4d343759aa0f4973b778e1695d0a380b,1,6
UDEC_4eed2109ce1467b035f4e718555295a9,1,6
UDEC_56bdeff827790508b4f2a7d026cda125,1,6
UDEC_64201e32a4eddc4c7bf3a8ae3259eaf8,1,6
UDEC_65a57fd1ca10ea49b340c6d53268b37e,1,6
UDEC_69f7859aefd2e9e96e28d55ebc504f1a,1,6
UDEC_7061b76fe9ea161b7eb18fd2e93cc8b7,1,6
UDEC_7498ef99e1057048ac40900aab4c332a,1,6
UDEC_7fe0c046bf8b2c88ec83db75242106dc,6,6
UDEC_85ed9a043f58891efc6e663092aa24cb,1,6
UDEC_8af6ed66aad682e1769a3f26e7103096,1,6
UDEC_8f755ee5e4a40673652812a27e3531c6,1,6
UDEC_91194368216a0dfed66cfaeb34a7c55b,3,6
UDEC_941419dd0b7d9c41bdc6f58ba8372a82,1,6
UDEC_9478a5c51d420c7abd392509f8357ffc,2,6
UDEC_a42aa21a7106a3d4df94d22c4337c8fd,3,6
UDEC_a8ddf5e1679d1aa6ecc2be6fc41121d0,1,6
UDEC_bce52b4c2a481df79406225194bdb56f,1,6
UDEC_cab33ba488563dfe98d07e92c22df0cd,4,6
UDEC_d027f1f859e22894f8c9f38e494a34f5,1,6
UDEC_dac3db1883ce8cba57b6f93e0e20cb27,1,6
UDEC_e21ff798c43abffb8730bd03c96d009f,1,6
UDEC_f240fc86f4671ee694417cf37557fac8,1,6
UDEC_f72f3aba9feea55af86345cb492a96da,1,6
UDEC_f9e32bcf23464578fd6bc2b9c6fe604e,2,6
UDEC_fab7794d62fb5256fa59b1e0e309006a,1,6
UFRO_e40c08e4e320afaa1ee4246e78a41392,5,6
UMAG_00aeec0b655d260a079cffff405abe00,5,6
UMAG_043871f42d2fb25f7b4737444624b19c,5,6
UMAG_0706911dc7add63b946ce782ebce59a8,5,6
UMAG_08cb109875f9036c2f89ea58b52c7ce1,5,6
UMAG_09c5df25161876f29990f7539575800c,5,6
UMAG_0a48c4b720cddd10788b2d2c273f4166,5,6
UMAG_0c9724c7c9a097950697d5b7397c6032,5,6
UMAG_0d38912ba4830fa3fac5395fc22a7c29,5,6
UMAG_0e8d39889c598fc191d7d18e0d72d127,5,6
UMAG_0f16fdc69eae0bf5a083c623c4964ae9,5,6
UMAG_0f2deadcbf23b4efa11e2ab9d7318e6e,5,6
UMAG_1036989861f9576d2e3be7830941d454,5,6
UMAG_123692a527bcf0a35171e8e74498c070,5,6
UMAG_14dea77148e6edf9757eba14460cde78,5,6
UMAG_1527397cec0d0f2b48914624dd2c6b3a,5,6
UMAG_152e5d3be869f4d59e0ace7e5ee9f0a6,5,6
UMAG_167ad7e2863bdd7b7b773ec7614e2edf,5,6
UMAG_188baa109da49094f2e973ab7a280e3a,5,6
UMAG_19a1bdf1468334efb85ef0f885f4a785,5,6
UMAG_1a208fa283fdf81051bc4f41f6bc94ad,5,6
UMAG_1a57c5de8f71adfed2d825bdcc08326f,5,6
UMAG_1bb461988097baa6d085e8365c9f4063,5,6
UMAG_269bcc246f25ea5402b7619d91130059,3,6
UMAG_2aed1ac64e08f9399f0fd89fc24f2670,5,6
UMAG_2c9f39d47c7cac00f13b338e2933f759,5,6
UMAG_2f0897c323ba32320274030adbb56e48,5,6
UMAG_315d38c265ceae9c69a5dcf0e6881855,5,6
UMAG_337c3a89b5b1145af9bc85c2cd9b6cba,3,6
UMAG_33f636d18b6741a48a478a846264a230,5,6
UMAG_3693b6a6ee74ad28286b3588d41a69db,5,6
UMAG_383ed1346bb13c4eb15670f0f34cc996,5,6
UMAG_3a54bde2f948b9bc0381e3afa6055226,5,6
UMAG_3b764aed14dc280e123c02cda1dc53b5,5,6
UMAG_3bb248f277ac82abd58f1768d1e0329c,5,6
UMAG_3c67fe817a5d9571f8120425f6a46bc0,5,6
UMAG_3cbdeb246541efaa004d8119c515e8bf,4,6
UMAG_3cc3c1aa037f7763ff9c84ea0a7ac98e,5,6
UMAG_3d6dd5a440881fb22589c069f051ec90,5,6
UMAG_42cfd442d8f186c1e09dea5fb9a53c3a,5,6
UMAG_42ed15d171fe87a965eeb8bc3f86b772,5,6
UMAG_46fde817c987a1ae3b4af944276b94af,4,6
UMAG_498c60091e886c61ea77ffd7ed9f96fe,3,6
UMAG_4cfeb3890c81515985d0f7d2a77b58cd,4,6
UMAG_4e65e65fed1f567910d7725d40021397,5,6
UMAG_4e7afd65e306f7f0d225d20c18fc4362,5,6
UMAG_4f7b13d7d9ab184a54c8188d2cc47363,4,6
UMAG_53d72f8f39bbd144b6342e547fa96b7e,5,6
UMAG_54170683279bf2eb6fc95d6f0031d82b,5,6
UMAG_5446bafd01460838be2ca85b8df8fb8a,3,6
UMAG_56be8a0adc359aa9ecf6fc01f98cc052,5,6
UMAG_58b08912aa8eb3c204bf13caaac78ff9,5,6
UMAG_5a2220c23ba36be54be7c665f536b1b8,5,6
UMAG_5baaaec345a5f9d49470eeed9219ed34,5,6
UMAG_5c47c6e37ae977781cb0c115d70af7fd,5,6
UMAG_62d88123b732b62272969e9f3f35d1aa,5,6
UMAG_655589be3c4c64e82aaa56a38e51b97d,5,6
UMAG_662e402e98c92b2bd4e4856cceb44b26,5,6
UMAG_685eb75ebdf993dbb8ad83f9d2b73bc8,5,6
UMAG_6adf196a0b260d94bb2ea3d6cd8040d8,5,6
UMAG_6b7b89103fc9a63dde8a35110cb08efb,5,6
UMAG_6e75ec8d54ec3d4f26f83549e05e54d0,5,6
UMAG_7000538d55371f7e8595a68ec2593dab,5,6
UMAG_71044e1b0aeb6d0a73af363b4b619aeb,5,6
UMAG_726b13ed6964678b9acb22dc0e9f9cec,5,6
UMAG_7305f38b988dd0b8f018cae288c5bb96,5,6
UMAG_73c850f3e9a6e24c109cf1b512ab5cf0,5,6
UMAG_74452e8c2f260a8ce6d40cbf033f4cfe,5,6
UMAG_76a857550b2fbef22466468f5314fd5e,5,6
UMAG_77a28d99ebb890e21787bf35a3fa4e74,5,6
UMAG_797d7c4cd64211fb9f5707fc207c98c0,5,6
UMAG_797e3bf2ced7bee91ca1e3e7256ec24d,5,6
UMAG_7aceb9babb021adc5a6ad22290575c4b,3,6
UMAG_7cef8ec5e6d7771514ba41086b88c574,5,6
UMAG_7e1e89b2fab98adc3196e50c7b19008f,5,6
UMAG_7e232cd2f61761b158bb6d6791b88862,5,6
UMAG_80185a78679737c276a11534a4a134ff,4,6
UMAG_841502bf692d8d108a80195e5d501d71,5,6
UMAG_84750fce30fb28ecadf552e8e97c2687,5,6
UMAG_85169ba143db32e391b8f4c9a998a638,5,6
UMAG_8535c3137844e606193089986d30c384,4,6
UMAG_8550b6f3f92cb5e558fb7e36e101d6dd,5,6
UMAG_85a7296d7e2cffac496e0a4a58450868,5,6
UMAG_889eea03bd0b91f26285a70587373b25,5,6
UMAG_8bed039ff5711bd09ab89795fd985c26,5,6
UMAG_92ef6583bd56df1b9ae9d2108d67e252,5,6
UMAG_930852ecbf9d1581f3291ee78aa40578,5,6
UMAG_96acbfae9b8146ea8957a693838458d8,5,6
UMAG_9bc58014d0c52a880174f68557314b7d,5,6
UMAG_a50862ae465d16cdd54f3ad4e1edcb1a,5,6
UMAG_a6d6146fca9727a05c8ff97782d7269f,5,6
UMAG_a993fa0b146d8e20691e0f1c1aa115a6,4,6
UMAG_adf903f70a7999d4ea1133b130e97c41,4,6
UMAG_ae2b6a778f6ef2749c77ce2d35e9fa26,5,6
UMAG_b04601efb774d5c9d3e1605906522bf5,5,6
UMAG_b2ca67685928db2390e07563dfa724c7,5,6
UMAG_b32a1ad671131a9632d313ad1a1ad0df,4,6
UMAG_b6c40a74b9f880d539460c00f548afb1,4,6
UMAG_b81ac2b5685c17fe440a36a2e2c18855,4,6
UMAG_b8bf60f91e1cdbc334f4e8a36c7cf2d8,5,6
UMAG_b9daeabfac48c034bafff1d4890b6023,5,6
UMAG_ba40fe04f6f4a16832e2fca5051962cc,5,6
UMAG_be387cf2e5fcd59565c18174e362ef97,5,6
UMAG_be9ffe0bf65589bd91545e07bd72d591,5,6
UMAG_c595694805852cb2ebbf1ca8135d1aa4,5,6
UMAG_c7763c2349c367a10385f0a9ab0e7df2,5,6
UMAG_cb387c4924d6a273dce717857e2b26b9,4,6
UMAG_cc77a9a235d2362b3dd751f0a8af0586,5,6
UMAG_ccbb6227f51ae5f95a2f142a1ce232cb,5,6
UMAG_d04764eee86a04289dc41567c3187d02,4,6
UMAG_d1b3ed241597dfd2d9afca9080feaac9,5,6
UMAG_d29deca9aa77a39167520d61510cdb07,5,6
UMAG_d3bf60e988a4a5975efb9bbd37e43dba,5,6
UMAG_d47cc1a3350a3165cc40e086ce9f7016,5,6
UMAG_d5667e2b117c922a56d21f50d7210fb3,5,6
UMAG_d5957fad52a52ad70bbfe19af1b48b08,5,6
UMAG_da572556e60db8f46647f541fe8c0316,5,6
UMAG_dd2b6c034b8026feaeed3862e042c202,5,6
UMAG_deb6fde0fd6c1e438a01378bfa4e490b,5,6
UMAG_e67f6951fb50a3c7b20bf1a712be6f88,5,6
UMAG_e71a3e1bfa712565517cffba7451e4dc,5,6
UMAG_e7273bfa8f63390488ecc48b0cf17072,3,6
UMAG_e769703eb69b70887b0b280e87293137,5,6
UMAG_e7b3df8a3d0f24b39b0598856d798a97,4,6
UMAG_ebf47b69217effd5f305b6af24193665,4,6
UMAG_eec48e3a2cc78d14a9a51d877af4e6cb,5,6
UMAG_ef319a373b66fa3563b5f4dbb3eca672,5,6
UMAG_efa5ab4031be0a6986511134a3a8b9fe,5,6
UMAG_efcf201d2369beb8307ded4c3922e19f,5,6
UMAG_f1d52f8021277430ca0e724637d2f75f,5,6
UMAG_f1dddaddca8bfd5640790a45f19c3530,5,6
UMAG_f389f9f0e29070d443a1f4ef36333e6d,5,6
UMAG_f6ab74d0779fd05186924e3f2323dfd4,5,6
UMAG_f88b74f7eaf61068fada0a856b8c3948,5,6
UMAG_fa640b4624011a0cb65c1e7b76e37445,5,6
UMAG_fc3da86633fe82d0b3936070b3337652,5,6
UMAG_fde8c97e3e8e8af2a301faa450c90701,5,6
UMAG_fdf292b62ede760aa85f675320311228,5,6
USACH_08d6f433be1067352155246c4d79bd95,5,6
USACH_11e279148fa37ebc7db18d59bdce7202,5,6
USACH_2a3ae2070f0446afcd0bf8b629ef4961,5,6
USACH_369cc495333827d4559dc49b7c7a22db,5,6
USACH_4fc7a16571868e2cfeb630dbee6d393e,5,6
USACH_73018ee28c4c9b66195d74653de9fa51,5,6
USACH_73c605bc836f07107bc863e226f2b3b3,5,6
USACH_90e608b96e454eb38b942f4293a2fb08,5,6
USACH_ad87979760c819d26a98200ff70ec2f8,5,6
USACH_b2d48c19bddf3128131965a0d9d9ff36,5,6
USACH_eaa3cebef00d091698a0f0e453c31d03,5,6
ANID_00dfe2a624ecab3b5aa03903befbd07b,3,7
ANID_025fa5620c54bec91d3e08fd5d2c9f94,3,7
ANID_0346e6609a02fdfa0e948e23544b9903,3,7
ANID_0462f398d00a99fcbd9aee6c71747ce3,1,7
ANID_066278afea715a58288f9ea5c2a842c7,3,7
ANID_0ac244a9086605f8fea26df3637ac282,1,7
ANID_0c1511af7460108ee7504aa18727851a,1,7
ANID_0d13a1f0489f4e862d75766126cf0398,1,7
ANID_10b06b1c7a060671ccb460c1b3c8c132,3,7
ANID_1257849af4e085c61536fd386d731ef7,3,7
ANID_152d6e55ca15e5e96a694eb8c4199c03,3,7
ANID_16e0dd6be1bee971178062d54ec194b4,6,7
ANID_18b9dd3b4ec63d7d3adddaea4920ee1d,3,7
ANID_1a196d1ba979f99afc44e911bcfc03d7,1,7
ANID_1cdcc27baed90770ad315df5b37ad661,3,7
ANID_22bc1107ce372215b968f91edb49dd73,1,7
ANID_2533f07cebb826b4f105a298f41d2dc3,6,7
ANID_2563bbec0ecb396e936179fe31b0c1a1,3,7
ANID_25fa4e87d736c3bc42e040e6e837d45b,3,7
ANID_2693009ea148f52d2b7794ef4f45bd8d,6,7
ANID_269e9d28962aea9115360bccde27c115,3,7
ANID_2805b7797b3e7ba2266a0a1905879b4d,1,7
ANID_2f0f4bc143206c79207f3519a6e8eefe,6,7
ANID_300cdb8e34706fb420f95963efe6b30d,6,7
ANID_30899a0ade6206208de16ddea10e2e67,3,7
ANID_344be1546f5544669e9d1907a9552d84,1,7
ANID_373c797ee3a4bee8a58bb1dfc8b25428,3,7
ANID_38f3295ef2c0f05f988fe4278ae55def,3,7
ANID_3974e4fd27f7b1f1c0e6c589edd4dc8e,3,7
ANID_3ad6367b4bce0fce2f1db742d7082d0b,6,7
ANID_3b15aadbe175d336f35c7610faac55e4,3,7
ANID_3cbf0c00e4de45fc4dba94e7de69068d,1,7
ANID_3e822ff69a222a32a36a27c07ba79259,6,7
ANID_3fdf6184f216f40a5e75b7ebd7b94ee2,3,7
ANID_442b5167e09103c6ac497ce76161c461,3,7
ANID_47af5e129af870955479ed650495b295,3,7
ANID_4ce72586fca31df42a305357deb99930,3,7
ANID_4e41b557a150510c6277fb6938b1562e,6,7
ANID_4e45f422abe2f913393b39d1cf7f043b,3,7
ANID_523df9f34a0fbd46ffdb36568617a0a7,3,7
ANID_53efa9f0a8eb3a60b5e3bb3aaf709998,3,7
ANID_57a9ac73d87e36acde27c6ff31f410af,1,7
ANID_5b1bcade7def555c48e38c6144602b04,1,7
ANID_5ce90e3632fdc557d6740b9e1bb83549,1,7
ANID_5e534e118b3059d3dfa3e0c64c5ca401,3,7
ANID_6325e888a74d672f1de31be6dbe25f36,3,7
ANID_64e616a285246dd5e24ae1c6705d3050,3,7
ANID_6986ac6c5df118d9dd7ad8d536c7c552,6,7
ANID_6992bee504ef1f8b21174d56e637c70a,3,7
ANID_6ac0f0bc76ee9b4d503e5b7ae41e5069,3,7
ANID_6fa5a5eeaf6bde4830ddca5115e3f210,1,7
ANID_7159f536bd3ef9611f4491ca35814633,6,7
ANID_71e437ca759197f1be751e58ab4569f2,6,7
ANID_7468e4552764582c830b64d927eb374a,3,7
ANID_7568305651f499c3f37ac3de1f01d4c9,1,7
ANID_7bec25c3ccba579e2cfe7b0ac164fd1b,3,7
ANID_7d08f96b0221ac2e3103f4192a4f2cf5,1,7
ANID_7d0f0061cb59e23a4551c2d8b7a13c25,3,7
ANID_7f8cfdecae5bf1fd802fb5c7ba07b34f,3,7
ANID_80a3cb486cd101cf8caef4836405d1ed,3,7
ANID_84b02f419764badab1fdb83683b19bb5,6,7
ANID_86dcb6faf3a2b2d383f33caa01882ce4,1,7
ANID_8c3b1a71749478c4bdf16e66be1a2356,1,7
ANID_8dffd1965e1f4fc7f3805db351677794,6,7
ANID_9006b50ab8b8426a88aa00ee70d82fc3,1,7
ANID_912d0fb4b99dd6be7956100723dd4106,6,7
ANID_92aba56059333431c26c4e0fc277b3f2,3,7
ANID_9635e8962cff5f66f305f39a571d890b,6,7
ANID_98f1db7576bac4f06c124f8f1e6acaea,3,7
ANID_9ed2e2b0062aad59e8de2118578c09ff,6,7
ANID_Infor_0e4dc18eb9c8d5b80cdc21ab77cbb491,6,7
ANID_Infor_12b7c1632b2e42b60e3aaa7a1c1d75e5,3,7
ANID_Infor_1642567f23ffc8add575f86606891dd4,3,7
ANID_Infor_18524c00319ae17c43d103a83f576462,3,7
ANID_Infor_306b472bfa31f549e2b5a480507b085b,3,7
ANID_Infor_3a2d0a93544a0e64c19f1daeb4abad5c,6,7
ANID_Infor_4107284e2c9becb4e3b84b02445fc0d8,1,7
ANID_Infor_4191714c707b14cb8aabd3d9a00a717d,3,7
ANID_Infor_4ca3f26abe4f9a21b3cb428c1eedd148,3,7
ANID_Infor_5cb3995c0ad8304748ca7e66e1134dfa,6,7
ANID_Infor_670be884d10edf27f9a708611f59eae1,1,7
ANID_Infor_688458dcd23cf091cc065083c0716be7,3,7
ANID_Infor_71e705214d4a67e31358373e920af3d6,6,7
ANID_Infor_7449b64b5de076a73e7438da8fae748c,1,7
ANID_Infor_77c4cb35f133582c7c060e609072b23e,3,7
ANID_Infor_85729c0f4b4851b4f861a4270b4c24a7,6,7
ANID_Infor_858c29326e827ce92eb03eda66120f33,3,7
ANID_Infor_899c535bc799383ef03331bed4c4ea7d,3,7
ANID_Infor_8f497265a79c67ea49a68c5b47c1c969,3,7
ANID_Infor_91ec8ebff3c7dfbb4fa85ded892c6fc9,3,7
ANID_Infor_9bcb34af2869e93b977bad19a879309e,3,7
ANID_Infor_a4e072b5fc3c8dc745253e844330f2d4,3,7
ANID_Infor_a4e3040984b0a47f30258c494ed302d0,3,7
ANID_Infor_a77f02560ba322fba5deb93991af7e27,3,7
ANID_Infor_acd8c7be3c53f27424e03ce60ff0daa8,1,7
ANID_Infor_b3ab3bead2b05ed037cf39591de2dacd,3,7
ANID_Infor_bc11a89554e9c6bc1025522777f0b73e,6,7
ANID_Infor_c841c7777d923d7abfb2bcad3a168bfb,1,7
ANID_Infor_c95470af927f69fb6f35c82af104f77f,6,7
ANID_Infor_d1743f4c1f6db5bbd8d7da0d4e27ff69,3,7
ANID_Infor_da964d12801999d36006d8e543db9601,3,7
ANID_Infor_f8f518c988c0832cb1aef984b82ef748,1,7
ANID_a3dca77714b757527e81a3c59e7cf14f,3,7
ANID_a4c6a0642e9ddef6471585da99ceff5b,3,7
ANID_b2b83c83b2ba5ffc7ed4737bc7f426d8,6,7
ANID_b4db55af3ae3ceb25b7332ca56228e50,3,7
ANID_b7e18cd05742fc0cb54b190612db770f,3,7
ANID_bccb2d66df901203b4246ccc8f118c95,3,7
ANID_c0925d1edfc5bcece55ee4104ae98af9,1,7
ANID_c34a0efa36bb918310999750ba773a79,3,7
ANID_c7a94e75a7156a994c5e2dc82f1dbf56,3,7
ANID_c7c0b80221d05968190764e831bebe67,1,7
ANID_c941dbec3a655fe22132db8919d45b17,1,7
ANID_cb87fb19f93773e6b9eef61f90be742c,1,7
ANID_d6ad8ec76a565696785e21c03792cc8b,3,7
ANID_d7d45b77fd926c55de777ef4ef7555cc,1,7
ANID_dab01b132f58ad5e7a9f4abc9b00fde1,3,7
ANID_db7ecafdc35a7ed0e2792137ad97128a,1,7
ANID_dbb0ceb67fe7c0cda47970c7963341b6,1,7
ANID_dbd6920689ef4012f944635058c29d23,3,7
ANID_de7ed6e2238249ef0ddd66cb227ab032,3,7
ANID_dff7c6b7f97f5231ae10adfe0edd7203,1,7
ANID_e0c0f82b2311038dfebf54002ec06dc8,6,7
ANID_e261b377bb742dbd86a9d8b77dfb162b,1,7
ANID_e55c7c7e26a814d871429ddcc8af1ebf,1,7
ANID_e6411a030c5904ea99ce1bda5b3800bd,3,7
ANID_e8bff29680ab169c7efa911460fde389,3,7
ANID_ed669e84fd0fcdc9343b4453b7d9178c,3,7
ANID_ed7d56de0ae729fdaeb6a09e9582da53,3,7
ANID_ed9b6f1dfc76f56f94f99c6cf9756cb2,6,7
ANID_ef413a30a988e222f2e512e025b75cf2,6,7
ANID_f54cc29aec6fded06506d2cf3be315a0,3,7
ANID_f5522d3a8981e93245725c8374525226,1,7
ANID_f77a922f22b3f88276e58dbb89ef9a6a,6,7
ANID_fb3172ee2117fd2cc47f7f1bb055436a,6,7
ANID_ff2c32142b129a447c0cbf37575eebc9,6,7
PUC_009f87c6c37fa4e1b8611ab3f0a45fd2,1,7
PUC_01276afa8e4e67071d27b55924ab5f60,6,7
PUC_01bd969bcdaa44563646fd5465010e90,6,7
PUC_02193ddf98c3ab350ef422450ec1c9e5,1,7
PUC_0265012e3b433cd72dccd985908b6303,6,7
PUC_03ad6aa20b42235f02398c586f7209f8,1,7
PUC_03c04db8e06d14c605b5fda431f11a02,6,7
PUC_047879722b8e4234ca4e5f2ebc9ed358,1,7
PUC_05ad9c385ec566c61e2efa60e1980a1b,6,7
PUC_05b475c1cc99e6b1f1f6ebf00866757a,1,7
PUC_05b884bfee8dca56b6031cecbdd056ff,6,7
PUC_05ee0758da507f7e23d289ea4b3f42a1,1,7
PUC_062f7196789b42017568cae8c169692d,3,7
PUC_065358c681fc311bfda51d15112ca65c,2,7
PUC_06fc7f01b043684ee5a1c575ab63a5ef,1,7
PUC_074ff5e7df7a68fe5e235931485d42c9,6,7
PUC_09105729e4deaf3da365a3378376fb32,6,7
PUC_0949749ab358f0e509c0fe86d704139b,6,7
PUC_09869b10abdcdd0e9a2696ef7fb19453,1,7
PUC_0a21d0e01efda348cd415107ef97494b,2,7
PUC_0a32bfcfac40a780e0171ae0476609f3,6,7
PUC_0b9d70528419b05c80c124d1cf604ad2,6,7
PUC_0c66ac78084699dac3194c6c5497d9b3,1,7
PUC_0cd6a0ea80e13f0780974482abae8d32,6,7
PUC_0db92961fb86f3f515dde20bb65884ec,6,7
PUC_0de2ea7a1b90da8409b9b79ce3dc5d3e,6,7
PUC_0e7c457f4880b0c46ebc3affeca6915f,1,7
PUC_0eea7251085cb1f64c9587988d1520b1,1,7
PUC_0fde92dcab52476c1da26edfc149a50b,6,7
PUC_0fdf94096bcf8657bfa2702f911a483f,6,7
PUC_11bcc00fa19bc69e064f58c17198bca4,6,7
PUC_12a6be75c8b6f4b1777ff967d13fcc3e,1,7
PUC_12f468766db4f381bc852516f6e4697e,1,7
PUC_1386d4febd971011e621feedf863af73,6,7
PUC_13ad4d28f5cbc5ffdd465ef6bbc5cd2d,6,7
PUC_142bc73c24e43381cfe07771cdbe28a6,6,7
PUC_14ce5f803ebf9d6d2d9c8ff329f825b0,1,7
PUC_167a75a64af733a577df9a07ad00e426,1,7
PUC_19cd89d5dac2074165504adae456810b,6,7
PUC_1aa2816f73bd28c6f84a8c41fbe89341,6,7
PUC_1b62d4ea7e8946490a5cd9fc509b234b,6,7
PUC_1bd560d1e5a61f6ccc08296a63892e63,1,7
PUC_1c74eebcd1d740bf6b42e043b15201c9,3,7
PUC_1d01c6c0cf1815a8d3ac56f7d03ef890,6,7
PUC_1d9e385cc80f57b1dabb5228593a9548,6,7
PUC_1df04718492d1412f572e09bab512f69,1,7
PUC_1e1f6b8e9bb674ae61b31e72a7807df7,6,7
PUC_1e315af5beabd11b2ccabb423a11a0a0,1,7
PUC_1e841cda9c15b47e2b4f50163ebbe5b8,6,7
PUC_1eb3820f3d9c38bb10c690a6c92e6c3c,6,7
PUC_1ed77b1e31e3546a069827aab37089e7,3,7
PUC_2008dc342d3245f36f18cd2e2bf47cab,6,7
PUC_2042d28da2f6ab9b7c578d60f34d8976,6,7
PUC_20aec2aaa2385b1cea9daac8791b0131,1,7
PUC_211b8278c54fb80cb87c9847a97ce5df,6,7
PUC_22041600cdb623f663bd379caf58e722,1,7
PUC_2248450465673f4a343ba1928c488178,6,7
PUC_2275b9769ab99f7d26509690d3a36472,6,7
PUC_22b31a32e1e8fa54d8e66f6c475e35a9,6,7
PUC_22e0352b0a3bb0873f0719ff59aa18a2,1,7
PUC_23625eb2c8bec980a5559ed097d5dd2e,6,7
PUC_236ba762e2705248ce098be172d60353,1,7
PUC_239c1c609aa8ee6767f53613ff50a5cc,6,7
PUC_23b83d53b3c28a5448b2ccc21fa9edd5,6,7
PUC_2405309fd29181a0b3ab5028a9865428,3,7
PUC_2644b7d83cb6981ba71330acb62780f2,6,7
PUC_26d0b58b04eaec48f7ce87fdc21b9a81,1,7
PUC_27c6e66eca012f611d0b9c6730c42e87,6,7
PUC_2855db7893f2c492f1bcf296e62f3345,6,7
PUC_286184a6111e68e096ebcf641454f124,6,7
PUC_286f36d9d9b958b6a430e2d3db08dd3f,1,7
PUC_2885485f21a346b5d48d03e741b00559,1,7
PUC_28b2e8e1be5cc2c2ffde733e926d7b3d,6,7
PUC_296ae46b9b5bdf5e5a609430471b16aa,6,7
PUC_298f2d0b0b5fa8154bc006daabb2ceb1,1,7
PUC_2a3492fae3495f3ba7094f2973f52fdc,6,7
PUC_2b0d72dfde132b3ed8e08cadd6325ce2,6,7
PUC_2b3cbdecf23a8967090529d9beaccfaf,6,7
PUC_2c37e20fe0f520b73836d2ae7c3bca54,6,7
PUC_2cf19007c2cc47619acec75bf6a3ce09,2,7
PUC_2cffbd3c5a34d8a583026e0b188567fb,1,7
PUC_2dbbc613d1d5ada87d0d59d37ebfc2d6,1,7
PUC_2e9ccc17ea0912ade3b6f8d31f34a33d,6,7
PUC_2ee7426712a6e2b30e7333ae4466c8d8,6,7
PUC_2f22f51a77d186b879cc3d81da468fac,6,7
PUC_2f87b11e1bbc6053b01b004bc9a12b1c,6,7
PUC_300f1284909190c3aef3765716f4b29d,6,7
PUC_303a10946d064c9ac804271cd9b7106a,6,7
PUC_31b5fb150006a2f94b3da04bd3952172,6,7
PUC_32bd6cd9b61a5bf48eec15acd0eaaa1a,6,7
PUC_337765fc5942c6cf3fc7a8d1a7fa27bd,6,7
PUC_340811275bd996cd295eacc362eff5ab,6,7
PUC_345e5abcaa9f8d375eac42344d5f3ac1,1,7
PUC_34689fc58c5ed3d123f5da2702b284be,6,7
PUC_347a7b2b33e97d4a90db5d234f5ca5b5,6,7
PUC_34caf3dd62071a032e2346f918b4c557,1,7
PUC_3547eff2784a0a1143cdc4a1f3ce3a28,6,7
PUC_366b4b613d75400e7386b3ddfe23aa4d,1,7
PUC_376f8931cd955c285f1de61d777fc2da,6,7
PUC_386d02fb65abd8bf9a1878ea072acc47,6,7
PUC_3907b8ffeb2e6348132e273edf3838dc,6,7
PUC_392d16984280124b206a09d4489273f6,6,7
PUC_3932f57b6de1fb58392fee0e6208c1f8,1,7
PUC_3940051a89da57f9d137fd00d8165119,6,7
PUC_396bf7494d4e8f8d8e52a434e0235032,6,7
PUC_3ac4c32a5fa78efbfedb49eca0e8d9d9,6,7
PUC_3ad1bdd8343de7447e3a60def348bf4e,1,7
PUC_3c2a4fe4471faa5a8eb3c808b48f932b,6,7
PUC_3c498b0e30b6b03b147f78360e8264f3,1,7
PUC_3c76d8df0f83784bf6911f3e1a1c286d,3,7
PUC_3cccfddd2ba4f3d5b1292d361ddaa92c,1,7
PUC_3d7ed903c4eaa9936384473f91dbdaa4,6,7
PUC_3e11fc1ff48e21b9fcb0bcc0c3e18d12,2,7
PUC_3e2560d6b64ca3973a7ad8dc0a4d275a,6,7
PUC_3ed8a429dd8afba4496c4ca767a565d9,6,7
PUC_3f1691615a5b833c7da3d9af8470c1ae,6,7
PUC_3f2f8039a75079615480bad3747dcd9d,2,7
PUC_3ffea4c65bcebfac5d52d61f8255a47b,2,7
PUC_4004e86e7e04b565b8f8c0e3890c8ca6,1,7
PUC_405d54969c6b9a40a708793b1f5c8c7e,6,7
PUC_40640db7d784f481cbf7d6af1a2ddece,3,7
PUC_4139f8a10d6e7b3babadec320f84e1cf,1,7
PUC_421e326f1a86d4f6853ce77ed63f2402,6,7
PUC_423ca7a61b810c54f1b179805a5ce3f8,1,7
PUC_431968766c9b27335948de33dc5bd048,1,7
PUC_437a55e22a5fbedb760f0c87439f0a68,6,7
PUC_4390dd4eb323747a15a8ff7c2fed50c7,6,7
PUC_43b49ec956a5a0b1107bba4a84a5a73a,1,7
PUC_43c1f33b0ce3b233fe593c52f96919fa,3,7
PUC_4474fa324ce14ae5cf5b742af70238f0,1,7
PUC_44a834054e00aa07dcc619306405cca1,1,7
PUC_45341151eb4d0fa5bfa4ac21cf9e492c,6,7
PUC_455615cb02e6da1f09c251667cfb6cf9,3,7
PUC_45df9f9f990d161898581f50efbd018b,6,7
PUC_460dad84b53c38db2d75e5ce16d9fcf5,6,7
PUC_46b109a32a8dae1479eab45dd06267db,6,7
PUC_47da654759fb0b870dd2551218e77ca3,2,7
PUC_47f2fb0937197b8298f1e099e9a36a2f,1,7
PUC_47f381eace28f354795de360acd4a055,3,7
PUC_4978da6d93c2f33fd5432a887d6f6d11,6,7
PUC_49b720281db14eafe64538c09c569c62,6,7
PUC_49fd405534ca74dadfa6359c2ae64d53,1,7
PUC_4ada0f1d0b05d294eeb69e045a546448,6,7
PUC_4b1871268529df9c9ae0f179b0af7208,6,7
PUC_4b70c0aeb5e6e7ce19ec1775faf938ba,6,7
PUC_4bbd72e30b7444d5bce6682d3d5dbdf6,6,7
PUC_4c5b26df8413b662b8caba916db99b89,6,7
PUC_4c8a64912886a4775c2b9054ab6639a5,2,7
PUC_4d60df4ca4f86b5bc2618dd86dabad93,6,7
PUC_4d7a88a69cb6034c14182f8b79d4a237,6,7
PUC_4d9312b5037589b33545d2de1214269c,1,7
PUC_4e9f878a93fe582f95b97c875a3330f0,6,7
PUC_4eba189f7b2c1f7e5bf4a523b6d66ca6,1,7
PUC_4fbc8946f83f1bd3a515e02cc9499892,1,7
PUC_4fbe58820bfcb545ee13427fdb2d0e9e,3,7
PUC_4fe40dd9a2ad8bd91e397c94c184ce66,6,7
PUC_501f342d3a469a2e5312c417704dd807,1,7
PUC_50219f22f2e635426aca223567341b1b,3,7
PUC_50261b0684ebc43e718acd5bef27460d,1,7
PUC_517910a35ad84d493297eee2416072df,6,7
PUC_51b607ec0f92465df19ddf230fefa079,6,7
PUC_51c9bed2e1dd665e403699c5ce0d9fc7,1,7
PUC_51ffb2d962bc0765bcbd5e60eefe2b16,1,7
PUC_5281bdb6bb38d5a7d9d31f3064252b3d,1,7
PUC_52ffa381cd2b3ac3fd73243bd9bfcce7,1,7
PUC_5343e2a8ebcde4c4c3c60fbb9db5a2f3,1,7
PUC_53ca42986c05f7f9a7ae56ca910f6643,1,7
PUC_5431a273f1c40985f31b0b1722402082,6,7
PUC_5434ce09b64e1a48452d4269b6e047ae,6,7
PUC_544da090bd5cba05d0fff7aeb629e156,1,7
PUC_54ad7ef53d2e7af2fc600ec41c76e24e,2,7
PUC_5502ce1493ec0de143619085572267b7,1,7
PUC_56677c3cebc789d814cb468cd31d31de,1,7
PUC_5701db56b3320a128d29f4690c4c90fd,2,7
PUC_57e9e27eef17bbb23fde9f310c8d02bb,6,7
PUC_5857474561901b07ab9fe7105c9abc27,2,7
PUC_5864c0ba8146b5fda228d0c0942188d8,6,7
PUC_58a16bc22e5a7a6cfdca6275d7f8d369,2,7
PUC_58b687940b2cc7eb8c285a07508836a7,6,7
PUC_58c7821e49566f3ce32a7d53a005103a,6,7
PUC_59447429442f2ac8280fbc33ce11c469,1,7
PUC_5ac744d91b106205577f60aa5ed8ef4f,1,7
PUC_5bcbcebdee5727e3923c974220a5a5d9,1,7
PUC_5c5edeeae373c8c1cf5002d3142f8530,6,7
PUC_5c729fa4f24ce247aa75e2d6d7806580,1,7
PUC_5ca184f9e74070cd9ce05091d37e45a9,6,7
PUC_5db1805aa00eaf27baed4cddcccd0abb,1,7
PUC_5e8689d021e908ff48232ec942f9e2f8,3,7
PUC_5fdcb368617a8e535f37f326f4c3ffde,1,7
PUC_60ee8a72274e272453b22b090f1fe48c,6,7
PUC_61eafe8ef5f81840dae6faaef29e55e7,1,7
PUC_62ada13edd2d41f5a46f824a4f4c649f,6,7
PUC_63122ff25f78f2179a8e21cc9a2dc1d5,3,7
PUC_63985e534f0ededf8b8a25f008051de6,6,7
PUC_6451f984d2bae8b1b63c0bd52ad4ad9f,6,7
PUC_648807c02300491d5bd4e48404aa5519,6,7
PUC_64ae8c33090eb6011566e2f006b5a6e1,2,7
PUC_653b54ea46b2235a1fdce3c88c1cc34b,6,7
PUC_67046c0198f2beef7104b3fd518da9ca,6,7
PUC_6780ef4b79a6f7d7ca9a5f56ca3f1b74,1,7
PUC_685cb565c3d5d557e4a1ea8c11ab61d2,1,7
PUC_6956ba7289f4afdc3dfe65186894774b,2,7
PUC_69ab53b07b57045a011570a8dd774c02,1,7
PUC_6a5c3b9121a6d0b9c31213e66979560a,6,7
PUC_6b172a079aa8874cc45f15293a9e5fe5,6,7
PUC_6c5392258815877d24f40a82535d7b86,1,7
PUC_6d7f37ef05e6bcd61b43006c64cbf5c6,1,7
PUC_6e92c323c634f3d67f09bc1adb48fb05,6,7
PUC_6e94e6ac12fd761cf40242800ebab24b,1,7
PUC_6ecf7d5c5294f3df6fdac5b00f260921,2,7
PUC_6ff14049fa6d6897ca884453809f6edd,6,7
PUC_70237fed41d23164c4e116398d8559bf,1,7
PUC_713af6bfb088e8e587aeae2bd5690ad6,6,7
PUC_716078d50010f80c7400a92a974f6670,4,7
PUC_718e3c9f96b090a0298233f36bd974ca,6,7
PUC_71d14bc5b4d7167c35d4d2f41d981827,6,7
PUC_72c6384f705e173fd297fc87c7e92f73,1,7
PUC_72f9da0fb2d31708672904b4f7f08557,2,7
PUC_736e9fa2df66cf460ea9b6e286fcd4e2,3,7
PUC_744c1eabd316170081bce75806ddfbb8,1,7
PUC_754d8b899e1702d98779a79f78f05e87,6,7
PUC_755944e6973bcbb310c853a85e1bc91a,6,7
PUC_766213407b7255274503873d3f9a1208,6,7
PUC_76657bd4c51a2695be28b22c1e69c953,1,7
PUC_773230003e847acf8e153b071194eaef,6,7
PUC_7780c2efad200d36f7219b5095352e00,1,7
PUC_77c15e0703da2a8171f077ae224e6a8d,1,7
PUC_78424d722b1403d6add2d9ec5b9fa8e8,2,7
PUC_785784d772db82277fddc705ea0bdf79,2,7
PUC_785de2f14153b1c5912d3b7141bfe555,1,7
PUC_7865c8e8957e2248daca66a742e41140,1,7
PUC_790ef4dca3d2a78b913a5498869f1323,1,7
PUC_79121ea27fadbc5c64a0ed366adcf094,1,7
PUC_7b5052cd59f48a8f2a7a2d7468d1c00a,6,7
PUC_7ca9177c5d2041b27fc29933f4bab308,6,7
PUC_7d77c92fbac4739c1cbb66a5c3aa825f,1,7
PUC_7dddd3d6b7548f46bf9033067148c486,6,7
PUC_7f2033b4151897d85d0304e3c0606f0c,1,7
PUC_801834eddad1de0583a974979ed3d2c0,1,7
PUC_809d42698f0c98432adfb3b04997fcef,3,7
PUC_80a56807b03df4a17e736a6c9a6b1c8c,6,7
PUC_8129c09a44d1101232e1497fb8e015e7,1,7
PUC_813bd21f5d4ae3dcba598c42ebf5e1b1,6,7
PUC_8153e78178bc93aba4668e76fb1679fd,6,7
PUC_817731b81910a766278b1cfa76cd90f8,6,7
PUC_81b8ec15fe1ae4b007b71321ba0d5862,1,7
PUC_84894a81444fd6d9f8f9b0d11c8fa069,2,7
PUC_84957a1fedec61b435f2522cf8eadf53,3,7
PUC_84a773d664fcf148093d10fb6939774c,6,7
PUC_853c2bd63c480a9bef96538e9369df4f,3,7
PUC_858536edb0ade9bbd336a44fbad7475c,1,7
PUC_863b77b86ec2c1a6aa19f23f0c34850f,1,7
PUC_8680eb4e6f192251dc3461308ea8b214,6,7
PUC_868b6f3d2df1274e7860174756a6e228,6,7
PUC_86d2528fbab6a35e62748c93769c2401,1,7
PUC_8770f5003d8a29102c406a889a2b5a10,6,7
PUC_880f7fe853f4ae484eca89a6d6eb6930,6,7
PUC_882624f103d7a44b47d11e78ec2a2439,6,7
PUC_8a12698e5580d001c94fe8cbe6a0c489,3,7
PUC_8b68a902a94727bb861fcc94bfb3d0d2,1,7
PUC_8c00b00d6399d433c385b534b78ec325,1,7
PUC_8c03053092d45c3ff5125c5385c12bca,6,7
PUC_8c25bcfb88a18e7c02c2e0f4386cfc34,6,7
PUC_8c84b04e7b6eb2b72b4d40e2a9a1b25c,6,7
PUC_8caa6129c8c92ebe8573e9be042e5b40,1,7
PUC_8d81b90dab7c6917d821240d2740c901,6,7
PUC_8d9aeda49779d88c928d7660eed27135,6,7
PUC_8da0690dbaf08e9296abeb609316e220,1,7
PUC_8da4c412d6ed0350e5e6ab4c90e9a1bc,6,7
PUC_8dcd4f1c402ddae3184d74763d1abc23,6,7
PUC_8e31a58c30315c8f18329e485e23f383,2,7
PUC_8e8d38524c4c1276bf469eb05c54f020,6,7
PUC_8e9a208af2428ef7df0dee48ad0af043,3,7
PUC_8f12b494cccb0664002663e992f4c8de,1,7
PUC_8f7da273e992ad28400f27ab1476c7dc,6,7
PUC_90061f366ddaa2eb2a690d9f05fe7ef1,6,7
PUC_90564401a516c73eb2dccb9a93d0235b,1,7
PUC_90f2898eeb03c1c76093d63063895bfd,6,7
PUC_90f3ccfcba278871c257d031089062a1,3,7
PUC_91a9b75664ad97616c979b081dc855b7,6,7
PUC_924d81991cf05709b265259ee3873c4e,6,7
PUC_92dc17a5702b3216a24752d99c86265f,6,7
PUC_94455c5e7eddd14f7cc587f6a794daa5,6,7
PUC_948214d8f26f82530a7a719364d2f497,6,7
PUC_94da9502d09543566582447b74edfe97,6,7
PUC_950152b7d2e0c012ab650c8fcf786fab,6,7
PUC_954d7c67482515ae1151558788bacf53,6,7
PUC_954f9bb8124814beb0c288ff42c51633,6,7
PUC_958688c4a88f7d006ce8985ede359a45,6,7
PUC_964faf7ca53514feb34f39ae49f991c9,6,7
PUC_96d5fb9746251450956a65f7d46e43d0,3,7
PUC_978906be892e575867771e86690e3148,6,7
PUC_98b938876d2af2c1219f482523c639ae,1,7
PUC_98e3fcf38aa3d3ad071e0721e6a27010,3,7
PUC_99a1a79a2dd9db592888c71fcfdbd243,6,7
PUC_9c622e17c1aa67616b953f07c1eef3cf,6,7
PUC_9c817ce29ddc043e4c538eae0d6ffbd0,6,7
PUC_9de244b4534f28f05231283e80e5bd5f,1,7
PUC_9e156b0f9f470acf36c2f53f6b1ba287,6,7
PUC_9eb253210beaec135df9ad8346c84576,1,7
PUC_9f2bf6848cad32bf2645752288b520bd,1,7
PUC_a05d73983f07038425ca8513d3206e5a,1,7
PUC_a0eb26c8df00ccdc690787a8c512392a,6,7
PUC_a11ec0a4bed6d47e0913ea938f55a703,6,7
PUC_a12e2211a8476a68b704a6092c2a632e,1,7
PUC_a2d79c962f98cdc30f58953e18f6c852,1,7
PUC_a35e08033ccd629e6246fa2e42f2b573,1,7
PUC_a374be8f6516ed859c7e20e2e7d4b26a,6,7
PUC_a38ce9a16fc80d11bfe04e9d2cd62386,1,7
PUC_a52dc053e9a9f01be4f9275cb911e889,1,7
PUC_a6642e39ec0ef2b8bced59ed718cb91f,6,7
PUC_a66492fd44efeea310cef443320262b3,6,7
PUC_a6a71d4528ceaa02442e0c99d4de98b2,1,7
PUC_a7d111262337bf07a5a61fa54be0dc6a,2,7
PUC_a890904e81be20d7c5041e057031206d,1,7
PUC_a899de1b952ad4561996a5adc6232e58,6,7
PUC_a8c3ed8cca5382614ecefc025dc7c9a0,3,7
PUC_a8fc27d52c0a81e82a5bbedd2e869ab9,3,7
PUC_a9f5d64668c82f9fb981eb12251089d2,1,7
PUC_ab66fe69c65e4605248052333a09a2a1,6,7
PUC_ab72eeb9d53fdfb77aa7633ccffb21cd,1,7
PUC_abe1249eb623dd67157e524064d9a2b2,6,7
PUC_acad1a9ce8c8be27937fb8836420e77e,6,7
PUC_ae6d16e7ffb6a16f80375c880445c9b3,6,7
PUC_aecc7a198a99bf11cfa6dba5e0ef7811,1,7
PUC_b021ea4d8d6c5512f2b7db2398a0e312,6,7
PUC_b026a1f202008d9dcf1854559a0f925a,1,7
PUC_b03a5e3933804254e8b366e10c8bff02,1,7
PUC_b1003f0e92f983ce571a923838039a01,6,7
PUC_b146deeb6759ae4e95257cb6ce1c4432,1,7
PUC_b2e71a4e7f861d0af62eb8502b177815,6,7
PUC_b2ecde2b3b95cc0d6e6e404bff1d9d94,6,7
PUC_b4b3d19731a3276a237cfdd7eda7b553,6,7
PUC_b4c8cf9cdf157d45bb32de9abbae603a,1,7
PUC_b585fee29be68eb7857d3d82df8cd6ed,6,7
PUC_b5cb760ac1cf51cbab97dd83da1693c5,1,7
PUC_b844c05c03fe8c7e38cfc40f0b1c7040,1,7
PUC_b8bb59562e1448d16ca0d2b18848edcf,1,7
PUC_b8fed311ea1d2724cd7d8741f1a22db8,6,7
PUC_b918be2d590a72c69e478038a777e903,6,7
PUC_b9641bb362659ee8ddcde88a4a5f5a16,6,7
PUC_b9a1155e863f9f904e954cc5c32430fd,6,7
PUC_b9f610e5315882b8a3dec6a7bf15166f,6,7
PUC_bad3c38bd9a960faf3fec1aaeb0477a7,1,7
PUC_baf77a5ad7733dcac1ea36b92941a132,6,7
PUC_bb59898dcf59a3e524ef93f9f1e16832,1,7
PUC_bc9ffc85fa0c055272a36a01f8480dde,6,7
PUC_be18a985695ea84753002c2b63883652,6,7
PUC_bf32349b69f0f9cfba4db80916bda255,3,7
PUC_c09968b5d7be001388fd670e49bd5f2c,1,7
PUC_c12a2739328108878bfb6ef2e28c66b2,6,7
PUC_c1a7289532925f94bc6e7b223779114a,6,7
PUC_c1ec41b37e27a8e7a0f14977ace08e55,6,7
PUC_c2796c705b5d77b0b4f6df15087c496d,1,7
PUC_c2c87a9136b5f495a1885d2077d2abf5,6,7
PUC_c31f390faa1b0332a0b7e82e1ae4975c,6,7
PUC_c33a74e7a24d1f3782751b102546f63c,6,7
PUC_c4c434f08d4d89c672a270e6bd70f994,1,7
PUC_c5d503df5e3a281f75f70199772850e6,2,7
PUC_c7d7cb5bfa3a04d54f58075a7cf23183,1,7
PUC_c85ef5f071212923943ddfd83289e19f,6,7
PUC_ca516d497eb99be2eb29b50a7bb90cbf,6,7
PUC_caa5b91e207a0f48b56c1be22e78b208,2,7
PUC_cb58e78dd910dd74cc5016a25acbf2ce,2,7
PUC_cbaa75f3ccfb82fdc44b4d6524592d46,6,7
PUC_cd453099739d140445b9853279e03c76,6,7
PUC_ce3fed7be3c3b723359f42bdf3805e17,3,7
PUC_ce9dd2a8a96130aeacd04155c1b73fb5,2,7
PUC_cec9aaa566e613cfbfa1d7218001cf2d,6,7
PUC_cef8b029d5840b8e2c50f229c552408c,1,7
PUC_cf7f96d84f0f9eef24d390bf8adb55d3,6,7
PUC_d10db925066c16df3caea5ac1fb0ca05,6,7
PUC_d1f50448753d1b0e8d56c725d5c37baf,6,7
PUC_d22c9d6ac6933bafb02fc247b73b73f3,1,7
PUC_d33813f41b5eab3da41dab31f5b3cfe1,1,7
PUC_d4437f927b7331d1b94391999cbf1896,6,7
PUC_d4b057996e4852c78bb15f5755b52e23,6,7
PUC_d4d9ba48910cf9cec3960a5dd93b91ba,1,7
PUC_d533100c0761bca5c38a33467f7e1199,1,7
PUC_d55fd803c54f5022558b2407769b2a6f,2,7
PUC_d6492008a8923e9aa467866cc95af073,1,7
PUC_d72d18ced4091b742631e28ff9266e67,1,7
PUC_d756f8af6f0ad122782691027c526ef7,2,7
PUC_d8307f4c613f6ab49547fd3d8d331ec7,6,7
PUC_d8a890e2b7e3668068c02c3e46e4e116,6,7
PUC_d8d332e2f7511fe02992cb245df0e698,6,7
PUC_d956a7e4ebab2de5793d997edcfcb700,2,7
PUC_d999307dc587ce2fcbd2222d43c13e6c,6,7
PUC_d9e27ffbdb0e84ae27b86048ac11b1b0,1,7
PUC_d9f89f01d740ff4b556b35deb5713dcd,6,7
PUC_da9b53550bacc547d9d0cf12e322fdab,3,7
PUC_db8e3b99e9d7405316bbe91b2a8e5a36,1,7
PUC_dc1f762decbbf62c568e4f72c960768b,1,7
PUC_dcbaf1a5e4cc03c004324b9c16a1c28d,1,7
PUC_dcfaf4a002be40902c62f3358b9c3823,1,7
PUC_dd33392bae7a1625277b50a5bc34d55a,6,7
PUC_dd579d3e709bf0afe298f4472ddd890f,3,7
PUC_de78df1eb819d41da2c4ce969cb2a188,1,7
PUC_de9b66a10b39ee15667324a22e644a5c,1,7
PUC_ded559eb4725cb5e6807e789efe9a972,6,7
PUC_e09a3d72cfd709e24aab8515d26c3bdd,6,7
PUC_e120526b9c0e7d5f239ffea39760367d,6,7
PUC_e1e0057240e80ec5fc35faead3c759e4,1,7
PUC_e2c4cb5dc95ed1a9676bf6d757911eff,6,7
PUC_e3ded6c4d0ceee12e6df4ff89ea3b097,6,7
PUC_e40a99362da8976f682c954f18ff197a,1,7
PUC_e489ac590c1afd8b9f920cf909717bf4,1,7
PUC_e5414b7a173650d8a1d9731807a10189,1,7
PUC_e545cdc86b35baf462ad04e5afe45651,1,7
PUC_e57b23531ee0943b71639d5f3ec400b7,6,7
PUC_e676c31dfc56a2697050a1646f5eb2e2,6,7
PUC_e76758cd4c08927535aa2f076bf3f4fa,6,7
PUC_e77aefb587d23c8a8de093a610a8c390,1,7
PUC_e78def53ae3bad1d05772042ea7dc928,1,7
PUC_e796e8092e64dff5b72d4ab82aa10747,6,7
PUC_e7beac9af2d4735b456c4f01ebadbe05,6,7
PUC_e80b90dcce2150ef645955f098b31976,6,7
PUC_e9896592d2d18d3490c4a151f4cb84c8,1,7
PUC_e9d66f7b47283f4a9c5d3dcf40996dfb,1,7
PUC_ea3232736d304d3905762a079cb7cefd,1,7
PUC_ea67cc1d9faa1dcc19f94c65a728e703,6,7
PUC_eadaed9e5b289a84b3b7f5427aeca809,1,7
PUC_eb28da9227e7f583b8a795bb3e420328,1,7
PUC_ebc8c5f59dd8c62ef3b3c36750cde4cb,6,7
PUC_edfada2b9a2fb05e96f13d541e8635d9,6,7
PUC_efcfe7215d1d9698952fe964193f3c46,6,7
PUC_f0e1ca3f2303a70335d4bdea615024f4,1,7
PUC_f1476ecc7d537eb32b53ab24ee19b685,1,7
PUC_f1dd89de7e29976bf3a14bd5366b2531,3,7
PUC_f219d0375cb03559e6f88e42f958baa3,6,7
PUC_f50a3a03c4a3881569ed234e25d62089,1,7
PUC_f621ff8165890f94317084ebfcc4a7fd,6,7
PUC_f66351ed88d19fc070b348829fd1268d,6,7
PUC_f6f618de6edc0a37e1c179c03485643d,6,7
PUC_f72243e05de917156322f2457bdb5d69,6,7
PUC_f811372e859770ea6bccf08ae9f5660a,1,7
PUC_f903e4b2d2f12949c9b674a033773e88,6,7
PUC_fa776b4900e3e0b36102f72b8ac543dc,6,7
PUC_fae5527ba747b1235aa90599bb7a67af,3,7
PUC_fb535fa01a3224c2aa8a8e51a06f14c9,1,7
PUC_fbb6a6850910eeb105f6679fd31adfe4,3,7
PUC_fc59773236d887a5b20d3018342e2d31,6,7
PUC_fd1470491c4508f3bff075934d0a50e3,6,7
PUC_fd2636b3f97552841822e4627dade565,1,7
PUC_fdd6f3d569fa16fe8df50db2ed7c0813,1,7
PUC_fe1d249c265b77c9075a75d1f10ffe80,1,7
PUC_fe364ef374e506f66d3d516569161bdc,1,7
PUC_fe56dc365bbea05cd4ea356c22a5af21,1,7
PUC_fed4866c9f73861cb11370f6fed01994,1,7
PUC_ff1ab392d24896e8f62a5140e8101c4f,1,7
Repo_ANID_0221f747b882c6695365f644ef648780,3,7
Repo_ANID_04a0aeeb0af268adef0602ea26657b9b,1,7
Repo_ANID_057a759165a94ef2122b730ac79c9d3c,3,7
Repo_ANID_067e84057a07336b41111851fa6fed9b,1,7
Repo_ANID_07fbe72a130ec9ddc2a42a3ebfe7de2a,6,7
Repo_ANID_0816276d8ab255a4082f39a1e7a62b37,1,7
Repo_ANID_0a16ec759f090c0a2427b61384fd1525,1,7
Repo_ANID_0ab6e875974cf5d74e8aa948e8966e30,1,7
Repo_ANID_0b74f3540ca99a2712b18f930b06ee40,1,7
Repo_ANID_0cc4422636930f34a431478d2ae2888d,6,7
Repo_ANID_0d49e6f2edd5be3fb8c2b448970f5a7b,6,7
Repo_ANID_0fb6b2a093c85ae29922c1a0da46f321,6,7
Repo_ANID_154eb8f8e0cb156a9cde9eea57417542,6,7
Repo_ANID_15ac63522915576cce90edf9f4f66ad2,1,7
Repo_ANID_16bd44c4b0aa044ec0b1f3f9131c7dfa,6,7
Repo_ANID_16d997d559b69e57852a15398248f391,1,7
Repo_ANID_173bfb2b35d1f53eb93aaabb3d4d951d,6,7
Repo_ANID_17efc5d056f058b6854ee83f656815f1,1,7
Repo_ANID_18eb23d7bb304a1be0ff67dbf83e32ce,1,7
Repo_ANID_1a4e664b36d6f7fe6589ab79fa71693c,1,7
Repo_ANID_1b5f1cc4b2c363e0ba4ca63e6d5458f3,1,7
Repo_ANID_1c58afe426b77be4ace37af62549ab87,1,7
Repo_ANID_1caa89829afb7837f150b8271edd0810,1,7
Repo_ANID_1e8b856b0a79336abdffa8df3e3cfecf,6,7
Repo_ANID_20b08fe99d5e2494df02340b8c99f9b7,6,7
Repo_ANID_2112cfc02bad959eb6b7ead82f693e88,6,7
Repo_ANID_22642329e7cf02ce7018f61bf05b2d14,1,7
Repo_ANID_24521ec851255956e17b237187171e0a,1,7
Repo_ANID_2a2c4c04148473d110a2a26be0f6a5a0,1,7
Repo_ANID_2e7d83473e220906344ab14c5a7b987d,1,7
Repo_ANID_2f773a3c862c3b9726deef73c58bf21a,6,7
Repo_ANID_3321088d04fbcaf9753bca539723cc5b,6,7
Repo_ANID_3321e34c10c5c6c0de38b44d5b21c395,6,7
Repo_ANID_3473e7811f86387260d620dfe6d40278,6,7
Repo_ANID_35c8d7612b8eb141a46bd16f1c27583f,1,7
Repo_ANID_35d186289bbc5e2c7c1a436780f39aae,1,7
Repo_ANID_364d35a35df68c248dc8b79e8dfe9434,6,7
Repo_ANID_371243fcfd5de56936b856367fb921c2,1,7
Repo_ANID_3897c95ec47ae1d59273d271e43bc9d8,1,7
Repo_ANID_3b12d1813d9c2b004074a126f0e1b6e1,1,7
Repo_ANID_3b5f4624fca928a5ada7f2eaa2fe508a,6,7
Repo_ANID_3db2eaeae6b085572cdbbc8237bf4c54,6,7
Repo_ANID_3e81aa7702935cb5fc27b601aa7a1efd,6,7
Repo_ANID_3e913bec028b7f9da478e71a3cef99f1,6,7
Repo_ANID_3eece70479076d855d69aeb3852bb4f2,6,7
Repo_ANID_3f47a2c3708ec2c4abc1263e280a3655,6,7
Repo_ANID_3f86b6a09d591cfa45e92ad2a68f5edf,6,7
Repo_ANID_41076f6dc6c673c65790e84e9c7eb8e5,6,7
Repo_ANID_4585f133c4851cf92ba475036259599e,1,7
Repo_ANID_45ca4e17e1f8b44617040868809d2394,6,7
Repo_ANID_48c5aa4e9e4c845b9f983b77146234c0,1,7
Repo_ANID_49249a1d975e1aeb38d8e7397ea3207e,6,7
Repo_ANID_4997ef98e623050ea8f67c5cb835b67a,6,7
Repo_ANID_49b63a64ad4d873eeaee16665f804090,6,7
Repo_ANID_4b908f4636db9b48b6d3fa0d8525eb96,6,7
Repo_ANID_50ac9138fdd378a4bf8bb1c117da3aa0,1,7
Repo_ANID_535846a8d4e38e294deb04ca40c19738,6,7
Repo_ANID_53c398deb76e86a79bc7b0ab82bf86ae,6,7
Repo_ANID_55dce46d87d43f831737e9a648549eb2,1,7
Repo_ANID_56a8fc54703a00f026793f2a1bd6a345,1,7
Repo_ANID_5833097a3c7c962c936faaef36cf0227,3,7
Repo_ANID_58e29a03f66904030a8fe05fcd054510,1,7
Repo_ANID_598cf0ff6b04995ae66a7e18fe8714f7,1,7
Repo_ANID_5a10542a56e8ed272ac48cacec805077,1,7
Repo_ANID_5bb185f24fe79be6dc25693d63fdbf74,6,7
Repo_ANID_5bf078ee62ccb4323674ab653dd9de0b,1,7
Repo_ANID_618ece0b103090750470713c2b13544d,6,7
Repo_ANID_63d0b0a8930ef947b2723a2780847e1b,6,7
Repo_ANID_64273d30102e1761e6a5592294831eca,6,7
Repo_ANID_64d0ae0120f9629565338a3407587100,6,7
Repo_ANID_67d181538a75575194db2c8f961a5593,1,7
Repo_ANID_6a522bacd905e4a6e29ced6cd93626bd,6,7
Repo_ANID_6cd9814a6d985f6d34b6287e064fbfef,1,7
Repo_ANID_6d8cc8ae2a6414e699b5d9f1ad0372c9,1,7
Repo_ANID_6ebc5a29c0b014f4414f6a8e87490aa1,6,7
Repo_ANID_6fe6e52c5e1cadd209ea373d31f654d8,6,7
Repo_ANID_707e132ac2afb9dfe1a0927ab713703c,6,7
Repo_ANID_71374736ba0bcb857869ef951b3c2af1,1,7
Repo_ANID_71f53bd049325549318ee34b7c517049,1,7
Repo_ANID_7288f6ddbcb48894d508550d514aeaf4,1,7
Repo_ANID_74a5c0491afd28d03c030dda35c18f41,6,7
Repo_ANID_74ff2db01a5bfa5095bbaf48480e2f78,6,7
Repo_ANID_773a1ae20c35328fdf20c36fd60ed9dd,6,7
Repo_ANID_7754cff5b201844317d056d526053ff4,1,7
Repo_ANID_7896f43a0e6026bba0a6b6f395597616,1,7
Repo_ANID_7d56354e88c43aad21ddaee656fd0e82,6,7
Repo_ANID_7e82871fe855673f2473fc06fd967c8f,1,7
Repo_ANID_7f95f6217963777324e27029a1c2b5be,6,7
Repo_ANID_8111060efa0bd22136c8e4d339626cd5,6,7
Repo_ANID_88b85d0752f619b2a80ae9c0b2a7e842,3,7
Repo_ANID_8a120ba66a5f3bfe075b4c60b5e8b385,6,7
Repo_ANID_8e0ab3166881a7068bb086fe9d072b54,6,7
Repo_ANID_8edc95ed32eb16e168737af585e043da,1,7
Repo_ANID_903e3499ec80e9740a9ea4a75c099bd7,6,7
Repo_ANID_91f75e73a0b0df5ef17e0f799eddde12,6,7
Repo_ANID_9357f4e447b769ff695eb0cb68b1b530,6,7
Repo_ANID_93afde0a6446660c132426a8b542816d,6,7
Repo_ANID_96362598df073994cae67697daac85a8,6,7
Repo_ANID_9865b65cd0677429eac551a35a21b444,6,7
Repo_ANID_99b7a2d5cac89f75458d6430889f7ee8,1,7
Repo_ANID_9ad227fb69067a6943425ac6a1ed6a20,6,7
Repo_ANID_9b283ce9fc87e2971bae71c9d8f30b9b,3,7
Repo_ANID_9b992296c1065dd62a00e991a1712647,6,7
Repo_ANID_9bae63a5cea9c86e87ffe4ff0b1457c8,6,7
Repo_ANID_9c4bff5207a80ec92449ef1ec888c566,6,7
Repo_ANID_9cb24b6424d9055e1aa5d64f4e10204a,6,7
Repo_ANID_9db995c855327ee528bdf0895aa96a90,1,7
Repo_ANID_a56e9f16a08e57cdd8a1d64d6d16ed15,6,7
Repo_ANID_a827edff62e572c481456eb94c0d3dc2,6,7
Repo_ANID_ac57676812348ef9256fc6e4065941c0,1,7
Repo_ANID_ad5a1d765c43e5001d1e264210b0abd5,6,7
Repo_ANID_ae34b68104b45eb4e257b248d6fbfaf9,6,7
Repo_ANID_ae7224ef273090542c14f1cdc795a5ca,1,7
Repo_ANID_af107df213fd506db8175a9748e50b42,6,7
Repo_ANID_af4d729b2321e66649fe7b969a8d8689,1,7
Repo_ANID_b0ad3dd86bf5bfa4642fbedec6a11cec,6,7
Repo_ANID_b16d382a7ee230a95336a30651d4f11d,6,7
Repo_ANID_b23243e0bd90b2643760e3be60fa13bd,6,7
Repo_ANID_b33b5600fdecbaa697bf9125a5546dc0,6,7
Repo_ANID_b4b1dc2678c25ccb0741d0ec5187aad1,1,7
Repo_ANID_b57cc923028287f3aa1eeb451388625b,6,7
Repo_ANID_b7686188cd090fb24c6614ec6743a6c0,6,7
Repo_ANID_b7aabe024018d836292bb4876bfc8d24,3,7
Repo_ANID_b7b16642f9b3fb6096d0cf9e03483dcf,1,7
Repo_ANID_c0fabad653f281b5e34049fbdd985e17,1,7
Repo_ANID_c2e1bc1b466f8445811b0b9424c5f540,1,7
Repo_ANID_c313745d647faa3630fe22f8081944f2,6,7
Repo_ANID_c49186239c18ccc08d81353958bffd98,6,7
Repo_ANID_c5d519f841a26bcf02019e473fe325e5,1,7
Repo_ANID_c671e08fb96cd9280af55e9f3308e071,6,7
Repo_ANID_c7460d70bd731e65c469b3fda07043e8,1,7
Repo_ANID_c8ed21db34568a39d71ff543d8dead34,6,7
Repo_ANID_c931ba2caa02c68488a3c3738ecd21ed,6,7
Repo_ANID_ca97c3f411ff84645614825c078d99ed,6,7
Repo_ANID_cb284f7a3fb6889a979c0ff2b00a0144,1,7
Repo_ANID_cdc8235dcf637dee4efaa361c481d1b8,1,7
Repo_ANID_cef53cf0c0490e7b5c9bb272b1498dbb,1,7
Repo_ANID_d033793bc6471542a13058d2c133413d,1,7
Repo_ANID_d0cd20eb33e2e000c7d08ceb0e96edde,1,7
Repo_ANID_d1667ba245f36e4f37b28f65aa5c90eb,3,7
Repo_ANID_d268d71ac33cabae02b27dc0d45e9448,6,7
Repo_ANID_d3d1838f5c0498746c4787cfcb820eda,6,7
Repo_ANID_d86fb5dcea4fc87952e16d0ae3407afc,1,7
Repo_ANID_d87c52e3d506ee4ad401b5734522ee94,1,7
Repo_ANID_dbb5556b379b0c52ff903f35f6a6d74f,1,7
Repo_ANID_dc19f87d667f68e7a1fb065c4ceda91a,1,7
Repo_ANID_dca92318de6bfc472f4b924c686d78d6,6,7
Repo_ANID_dd331c2e2f6970adc6a19583a054bd9f,6,7
Repo_ANID_deea3fa7931fabb3a79e8d482f6ab8f9,1,7
Repo_ANID_e122ad33b04aad8fb10c574a79a75f0e,1,7
Repo_ANID_e35042fc7e7c69d53bb7b681c5d4d9aa,1,7
Repo_ANID_e555ad9718adedb46f3256ebf08c7659,1,7
Repo_ANID_e5673dce4302456416892fd65337a1ea,6,7
Repo_ANID_eb32c42e3aed6796fed8d968c401f199,6,7
Repo_ANID_ef31a1fbbf8c4b38e9c414dbd9d49ec5,6,7
Repo_ANID_f01bae441036e77e072ff05eea3dfbc2,6,7
Repo_ANID_f0b90c964935c573e9f9ec88b2faa988,1,7
Repo_ANID_f0e15d953229a6dfd465ca8940297988,6,7
Repo_ANID_f147829df58624d7112dc0f3cd247dea,6,7
Repo_ANID_f369c16518fc43c040be2820e5957fd3,1,7
Repo_ANID_f49b89a8a04a1636d1fdd6c994f8ea86,1,7
Repo_ANID_f6a6e538d8e01db26771aef04d44ee83,6,7
Repo_ANID_f6a978d7507344dae8f3022a2e4ebb27,6,7
Repo_ANID_fddf9de774d17a1155b79bfde3b0cae5,6,7
Repo_ANID_fee92aba9bcdf33758e61009ce1164fd,6,7
Repo_ANID_fff46822ebe9346a3f0b7c17c2dadb33,6,7
SCIELO_003a2d777be44a2dd374aec6faa6a8c5,1,7
SCIELO_0070d3bbd1597aef0414fae0960ca92a,3,7
SCIELO_014b9f0fe025d72fd3ca503db7fd03fa,3,7
SCIELO_0308cbb85df63183ec7cb911ace2056e,3,7
SCIELO_04b96c6a32abe8873d5ab7b46a2b8416,3,7
SCIELO_055577a3eacc6d1ea7ba9a4ee9e5c9f6,3,7
SCIELO_0698641eab702ceae5ae35b325b9198d,1,7
SCIELO_06f8a79d18932c1c6fbc7468944ac8f4,6,7
SCIELO_0706cc65c4a0365a18e1dce89666bb06,3,7
SCIELO_070a002c5259e1b289b27762321afdc8,6,7
SCIELO_072426afed62245c6fac9e4850ae17ea,3,7
SCIELO_07b8c8927b704aa4c101c35eb23440a4,3,7
SCIELO_08184425bb29d1e9b38c72dc43c3b4c8,1,7
SCIELO_08f1ab6d6da9eb3ba57ad2a2c7256d1a,6,7
SCIELO_0a0f2299333ed57227b5d57412b2cd1b,3,7
SCIELO_0a4d81d0560e5289ee2d1b7d279e337d,6,7
SCIELO_0a8d232aaa249d7566d977290ab23cbf,3,7
SCIELO_0ac82ccec15ed794adaa84a4639481b8,3,7
SCIELO_0c120da4214f525b34fd63ada13f944c,6,7
SCIELO_0dd5ef9977e90a57299ecfc5a1e11512,3,7
SCIELO_0e57c28d7025bdd77eca34c3d407832c,6,7
SCIELO_0e5cd2b81303cfcb5e77b171bb8de3ee,6,7
SCIELO_0f1541072098bb0ecd46c865daa8c200,1,7
SCIELO_0f3ca612dfbc1a77eda988e48c361930,3,7
SCIELO_101156d55b0c946d5dac3aa488dabbbf,3,7
SCIELO_1099c67a8e7bfae8e09e860c508ef556,6,7
SCIELO_10fe83a7a257cfee5942e635e7a24ce9,1,7
SCIELO_12a8f3810a643f497e62f05b2cfd0117,3,7
SCIELO_12be0be397e89ee1d868926cb3108271,3,7
SCIELO_13f6f90b6d517357bc94220fa5633ffb,6,7
SCIELO_148abcc1679bef9347a596a96db1b5b9,3,7
SCIELO_168e58caf3c8b049810b4a53381eb89e,3,7
SCIELO_193296c8de032edf642bf84bb662f5d5,6,7
SCIELO_197b02aaa2705e6486c2720ec8e7c130,3,7
SCIELO_198b35e3c878d4be1e4db5bd10faa9d0,6,7
SCIELO_19c764abda5b69b90ee3727b77c3850d,3,7
SCIELO_1a4d6892bc35166d3aefb91019c41813,6,7
SCIELO_1a651e0eda30aadfd879d98dedc8043f,3,7
SCIELO_1abf18af5c55d964a62183af180d49b9,6,7
SCIELO_1b1f8b9fa6f732984c14a21c1c4b0f25,3,7
SCIELO_1c57d3f11131fdf701cfb6cdd977e974,3,7
SCIELO_1da6eeb3f4cefd1984ebe3dc9aef6b2b,1,7
SCIELO_1dc53a906939e65310064cc317285af0,6,7
SCIELO_1f150e0d31de66e665b9f5951d00d34f,3,7
SCIELO_1f7298052a30e26d2afb015201e8797f,6,7
SCIELO_2024a543cfd189cde0b45bf4829b9986,3,7
SCIELO_20697fdcde09b906ae4fbd02eb5a4d99,1,7
SCIELO_20d46f3e9db52c7397d5374d2ec861a8,6,7
SCIELO_2131bbcf62f36a15bd961ae4a1b28ee3,3,7
SCIELO_215f673831fa89f6ee3a395b789bf3b2,3,7
SCIELO_217220edbc23094271f08af53c947d42,6,7
SCIELO_21856f8bdbbbea93fe14e17562931a53,3,7
SCIELO_2234581497605931e2c2e569ce76e650,6,7
SCIELO_23d0ab9e6d5e42f2030c4e4bcd731576,6,7
SCIELO_2470cb9816fb85c98b56bcd5791c0b8b,1,7
SCIELO_2493b94fc98965e7a62dd1d44afbb47c,3,7
SCIELO_2494f3b0e27f8b41279f8c2592b52f12,1,7
SCIELO_255a58f267d738dc0991b265ce49bf02,1,7
SCIELO_255c93e9b2214015211d05c2da180291,6,7
SCIELO_257003d3a392e1514fca2d4ced6794ad,3,7
SCIELO_26afd46cd9aa8c1dbdd31e78e4360518,1,7
SCIELO_27b1fc92a5fb97921982603079a56eb7,3,7
SCIELO_286ceb011cce7a934863d9194d816ace,6,7
SCIELO_2985b4101c43cadae3938a59182963c6,3,7
SCIELO_29df499046a3477b128fe44c94a3cb52,3,7
SCIELO_29eaf327d48ac884331e2045a8e619b7,6,7
SCIELO_2b02512ef56a877a570305a7124cb8d7,3,7
SCIELO_2b27009464cf25891ba60d22badd57c8,3,7
SCIELO_2b36e31cc0aff95dc03234b9b2d7b7dc,1,7
SCIELO_2c09d2914a3ad97ca3b87aa7efe93ae4,6,7
SCIELO_2c5e2f979ea319748cdc7d340cd54b2f,3,7
SCIELO_2dfd5b8c829a16dfc3ef04086b7d3615,6,7
SCIELO_2e0f6f8fe305e17c48d1f1ba206cc699,3,7
SCIELO_2ea784b98d8458e119c2d1b34837ceed,3,7
SCIELO_2ec2d7afdbee45b3849e172a81ed07d3,6,7
SCIELO_2f1229b15364ec88a6161762403b7446,3,7
SCIELO_2f6c283ea6ef60578a4466ad05c42838,3,7
SCIELO_2fc65d3ee5f8a68c31ca46bb6fc718c8,6,7
SCIELO_303bfeb1e412e13cf66100c9129dd3d6,6,7
SCIELO_313b21bd550b631f85d3686a9111a871,1,7
SCIELO_31c4464bcf2f509371d65c4188f622ab,6,7
SCIELO_324f45d012c611fbdbad415640d6c9e1,3,7
SCIELO_328de006fdf2eeb778b10e3b6cf9ac1d,1,7
SCIELO_32c4342f92d0741d9355a77810a3b7ac,3,7
SCIELO_3519291c8342c0b150f8dfef43610b4f,6,7
SCIELO_35dbad6256a9fa01efb927fa698ed4ba,3,7
SCIELO_36005bf9c934b18cbff709e103eaf236,3,7
SCIELO_366b75c540423836800fa3ff5f5a2c75,3,7
SCIELO_3764774b20f82485a00919169c10ed1c,6,7
SCIELO_37aaf7b91d1e8ff4022f9c467fa0371f,3,7
SCIELO_3902f7838c85a292740695ba10aa534e,3,7
SCIELO_3933a89060ff36715375f0cf540f476f,6,7
SCIELO_394c95cb0f130231da8a6450b5ccfb1a,6,7
SCIELO_39725c85c5b2914f10b080588219f37c,3,7
SCIELO_3a136a832d8b6bd7b4e22afe942e564a,3,7
SCIELO_3a377dd3a20ee6b6922cdfae52132204,3,7
SCIELO_3a934fd52244e92427482d9e1224f648,3,7
SCIELO_3a97576e6b51903c921cfcc03c9de10d,3,7
SCIELO_3c12e2ab3fe2c3a84a5d5162dd0c0939,3,7
SCIELO_3c32b5e815039a9710ece331cc76e5b0,3,7
SCIELO_3c61b2e419a8423e67e76ba3d4c25a97,6,7
SCIELO_3c8b4476421a808f4249e47003b97469,6,7
SCIELO_3d158288d531433c38fa375ef36cd68d,3,7
SCIELO_3d94c630d2707173ba53f727038392a0,3,7
SCIELO_3df8b193fd2203061f62a920af0cb279,6,7
SCIELO_3e16d9c183670a2b220eb640401b5b4d,3,7
SCIELO_3e56366e1e1f5cf6b542f9174048b1ce,3,7
SCIELO_3eeac1e2afbd782b86f328dec7bf8388,6,7
SCIELO_3f4ddf67a4168eec7ac37724ec2a3817,3,7
SCIELO_3fa679c9f52c6c588a5c409fae296331,3,7
SCIELO_404b9b26d95127c6b113fe386d356d86,1,7
SCIELO_4078cb9eb469e46bf1814b16025c3345,3,7
SCIELO_4159843d665f3912f7627fb474a290f1,6,7
SCIELO_42e6b9af896cb92694bdded1ab778eee,3,7
SCIELO_42fb4d3deb6cf1d48aa4305f7be9945e,6,7
SCIELO_43f600f1aa2a8729550e2eca973bf679,3,7
SCIELO_447a2ff8785f906fc8a1aa90729d2a9a,6,7
SCIELO_464e00b2539c8be4cd9c72df63ef274b,3,7
SCIELO_478f9672e4d8fabf072c84095bf1a4c0,3,7
SCIELO_47aa40d10896e3b2e6b3c9778bc98d42,3,7
SCIELO_47ba4b43e9720283286c291b343670bd,3,7
SCIELO_48476a21aabf309823b0d8e45f9dfffc,6,7
SCIELO_48e527dc77dd878c8e948bce0b611a97,6,7
SCIELO_49385eaf14b277cc7eaab21f56a3143c,1,7
SCIELO_49563d30775f2af8e6c80636254e05e6,6,7
SCIELO_49874042082ba6b5b3a1d7b608367c08,6,7
SCIELO_4a7fb8f9a1a7b3e1fe0e4df937b0f76b,1,7
SCIELO_4afb7ac81235027f8b1b5991d628c26a,1,7
SCIELO_4b5e123669f85e7636fb8590dad455dc,6,7
SCIELO_4bad92b31a4235a54f840aa9d8fca8c2,6,7
SCIELO_4bbe0e9b90562bbf0c1c074d046ca838,3,7
SCIELO_4c904d42d43b0760fc57a374a6a94e6a,3,7
SCIELO_4ca4c8e246448d2e6bd4bbf162da500c,3,7
SCIELO_4e3cc7b8ef458901e0c49d1126d799a1,3,7
SCIELO_4fa014c1c6b024605aab7a3bb2ecf326,1,7
SCIELO_502152337506d8f96d89d5d789a0b519,6,7
SCIELO_52ddc4002c1bc34465bb0a3d98b21a54,6,7
SCIELO_532231dddb6744e17afa60f65299e110,6,7
SCIELO_54a901c2464125c633e0e9f0f8ea3b20,3,7
SCIELO_55983b1eed3f0ec415b229ac6a97fc7e,3,7
SCIELO_55b6a76c9a4e8e9d4c254a95395a86c2,3,7
SCIELO_55c098f4a54be5d9c20046da3a11064b,6,7
SCIELO_5615f05f6eb4f58f15b61f7a1b69a44b,3,7
SCIELO_56c0a88985d624e3d6a37f9b92f58196,6,7
SCIELO_56f0aa1cc96e63ec97ba79c35108b2cf,6,7
SCIELO_57cb135614b2c20da42a808cc1692a09,3,7
SCIELO_584edf192be84e3e3f40b1fecfe2ae6d,3,7
SCIELO_59048438a85031fca041316d270e4675,3,7
SCIELO_59ae21da057a582eb47d5a801bcc561a,6,7
SCIELO_5b03868b22a5415fef18edfe825f8b0a,3,7
SCIELO_5b856a728e9cd828e5f9f20743ff841f,3,7
SCIELO_5beb0f3cebbb6318d688c8852d64c039,3,7
SCIELO_5d8082e4c77eedfc60172852b7c91527,3,7
SCIELO_5e4c53a35d8aff48e8024d9dd7d17169,3,7
SCIELO_5e94ab03aef1efadb317b880159c1cc3,3,7
SCIELO_5eb10c8dfb65957c06280fe9fa8ee6be,3,7
SCIELO_5ed900902dd1f25747e65dc7ace93d21,6,7
SCIELO_6128fde49965b72a32e1f01f515f6080,3,7
SCIELO_614133e5a36d1dc0b8e2d48afaf6ee0c,3,7
SCIELO_61b348ac975aaf5eda19416b3c327699,3,7
SCIELO_61fb15cca778edb17ea29baf89beccee,3,7
SCIELO_6350d214581c9feeb6ee919c3aa640b6,3,7
SCIELO_63a5699058ef8896e3c38f15643864bf,6,7
SCIELO_63e438f98cd5395453eaffa004fa47ea,6,7
SCIELO_63e638cab98ecb7c96e9432d3a7b9cbe,6,7
SCIELO_6422975651b18bfc49b32416f19170f5,6,7
SCIELO_64d5b78aa1441bbd0619899e7ce5e6f1,1,7
SCIELO_655e4acbc5518206f86c4615ed006009,6,7
SCIELO_65c59cbb2fbe446011901a94ddf61c45,1,7
SCIELO_6793c454150b17d86271a651c63a373a,3,7
SCIELO_689f69ea18cb3f1fec18ec5fd9e02a51,6,7
SCIELO_692f7f795615d0c66a805166d431efc3,1,7
SCIELO_6974648fc4a3da0bdf33007a9c6bf375,3,7
SCIELO_69c5e2e12ce00387bde18dcede19fb08,3,7
SCIELO_6a8ced9e3100917297efe9c49148bfff,3,7
SCIELO_6a9a5ded5800d03a4efde456980c3e73,6,7
SCIELO_6acde1ffc0caf1b754e8605423f5dbca,3,7
SCIELO_6b78a5a946bd50386f5aac57bf779d03,3,7
SCIELO_6ba589876a999e7fc1bb8af1a0200047,3,7
SCIELO_6bd85bd352ab558e8523c7311f4366c1,1,7
SCIELO_6cbb860c50e8b2cf2d67ec71a8df8ecd,6,7
SCIELO_6d6890594c2a6df53c16c46347796e59,3,7
SCIELO_6dafeb74877721faccb92ccb69e8dc26,6,7
SCIELO_6dc178a7574627af70c58c69faa81d5b,1,7
SCIELO_6dceaa714b049af7b8c18b0b4a456025,3,7
SCIELO_6e2570ca762e96a02916df6131728f3d,3,7
SCIELO_6ee06b9f696a29d31d59a02c53eb96d5,3,7
SCIELO_6f197fa019bf93d01b992aec26154a11,3,7
SCIELO_6f242196278f91a56f1dfefad9fac362,3,7
SCIELO_6f7c3559054f739f105c930305963401,6,7
SCIELO_6faed646743fe7f2409012e947212fb9,3,7
SCIELO_6fbda2e47be40c56790d516940b28a3b,3,7
SCIELO_6ffa3d6c873088711659da4f1e9aed25,3,7
SCIELO_700946e7bb878f797873967c417dc962,3,7
SCIELO_7267c34aa5a5998844ae8eb4566c0053,6,7
SCIELO_72cebf844be6bfe16dd6fd4fbf44045e,6,7
SCIELO_736a60e5cb64211bc444b8692f75f5eb,6,7
SCIELO_749f8e12516755d43d7dc1c4534e1100,3,7
SCIELO_74fdfce9396c5f202963e76e00ddfabf,3,7
SCIELO_7564331bb942a7ccebbd3d8fb182f2cd,3,7
SCIELO_779b933b8c4fd44084d255eed2696e3e,3,7
SCIELO_7828d09880800d29691ddaf9513ef5d5,1,7
SCIELO_7891b4263cc0636aa8f40c16fe1f3b20,1,7
SCIELO_78b12f0bb3e9f6135fac2770531f62a0,3,7
SCIELO_78f8f4c5099810006a71d9b26e3748fd,6,7
SCIELO_794e37b2255ec1a09fec52c8dbc5d87a,3,7
SCIELO_79aa12b911468d473a9335a0c466c3c9,3,7
SCIELO_7a3840ad095b3b79490ca0a1fc896e02,3,7
SCIELO_7af9e88644c97cc53fef022dfb803a7d,3,7
SCIELO_7b1a007d68d7cfcbb32303f424c2578d,3,7
SCIELO_7b71befb12f0ef56cceb59838ba2cd7d,1,7
SCIELO_7c23628b6f5cafada080dfbf05d1b369,6,7
SCIELO_7c875285440e967495a686cb6c72cf2e,6,7
SCIELO_7c9d7dc9542468c48d7d132fa0992a11,6,7
SCIELO_7ce24ce90cac77be0ccd8b046651f594,3,7
SCIELO_7d6e0859a75d0edfc267ded0f2c61166,3,7
SCIELO_7d9104caccccf3df44f5fa0af5c0bfcc,3,7
SCIELO_7e5978279f47510b4459c32b5bb99fbe,6,7
SCIELO_7e650d838712c64f3e82c3f87088d8f1,6,7
SCIELO_7e9ea8b067c870c504bb424849bc23c9,1,7
SCIELO_7ee6133fb8342d12c8a94b213980efd8,6,7
SCIELO_8069e0db8a53bfbf556f0769d8ac933a,3,7
SCIELO_819fe8f023abed6ec9239df776318616,3,7
SCIELO_8245ee28bb8f7bc4b211e560e95472d3,6,7
SCIELO_84e2900d8efddd1256dd745d6a176b41,3,7
SCIELO_85bc59f9b096aef32f85bed821d2dbd8,6,7
SCIELO_85d9842589b14621ee1f60d434dc234b,3,7
SCIELO_85f87468e477b84fc639aaa97e9bafea,3,7
SCIELO_86b90d75f889ddeb675e13105648b829,1,7
SCIELO_8713f936940406bfc51fb8e294bc6112,3,7
SCIELO_876f91c4c46c05c5c3effbcef19969db,6,7
SCIELO_87725b226f3d3d8300c7d83678a6b738,1,7
SCIELO_89681aa7995c5d903a2894dd6770f8ca,3,7
SCIELO_89f70dbe70c537e12f66d132c4071660,3,7
SCIELO_8ace1c133b239754a9aef1369ec0caf0,1,7
SCIELO_8bf0666636a0053021e8e3f1097d32e5,3,7
SCIELO_8d5c09009cb7d5d32b498df5e11d375b,6,7
SCIELO_8e35ce9bfe3c2834b70527e1d1f01f2a,3,7
SCIELO_8e646f8795e44ca9f59fea20942e7e75,3,7
SCIELO_8ecffb4b3f0ffa85b0bf11220d340cf9,3,7
SCIELO_8f5e432bb467989c0b6ccd4d09f9acde,3,7
SCIELO_8fb221fb899a2a846819f81f3c612034,3,7
SCIELO_8fb2a5e68a2861b0349e3295441908b2,3,7
SCIELO_90f8171f67f764368cf2f7db6c905865,3,7
SCIELO_9100ae143aa84ba71cd2822d8c9f601d,3,7
SCIELO_91c31432ee9c64dbfdf9175148ef59ec,3,7
SCIELO_92d0eed5d446797fde1d878e0e61776e,3,7
SCIELO_932937d6faf741b93fbc0060f34fbd98,6,7
SCIELO_9373f53bfbaa4b88cf67c10487240b13,3,7
SCIELO_93900c77ca74258593a88e558862a794,3,7
SCIELO_939f894ed216f5f716cee11900499b91,3,7
SCIELO_95387896a10641a7097c4ddd1719cbeb,6,7
SCIELO_95737e479466c909804e522c77210228,3,7
SCIELO_962a2b5c9c15463300dea8ad9242f328,3,7
SCIELO_969c4168f29f41c6ca16769ef662736a,6,7
SCIELO_97494f8a9ee5c2cd680faeb22803c5a7,3,7
SCIELO_9750e2638f75e2f1f57d0e6162ea1e5f,6,7
SCIELO_978caa46ba6c983be50c3d3b6515d31a,3,7
SCIELO_97c1c54287781212065a6cc690113316,6,7
SCIELO_9896c0b917d0bdfeb11ec2c134d45d6c,6,7
SCIELO_994d96062811c703ef5f88cac8ea9ea9,6,7
SCIELO_9a153ccc780b02863b5209b0de260929,6,7
SCIELO_9a4a3ec5bdce5391143a3b9d8cafb07b,1,7
SCIELO_9a725207e5779cd760bc4d2a442ee3bb,1,7
SCIELO_9ab25a724809cdb858fabcbf9668867d,3,7
SCIELO_9b755d558fc2ddd6eabe6483fc7cec30,6,7
SCIELO_9e305f76cfe4e61f08e36f8019e0fa85,3,7
SCIELO_9e47730dceba34b801517a37f60d43a8,1,7
SCIELO_9e569f73f032348be124f02568cf0485,6,7
SCIELO_9f5edca274cff6123331b23e5dc5d502,6,7
SCIELO_9fdbbabf1efd37ef5690df9789f1dd03,1,7
SCIELO_a04a302dcd8a86fb015e4bdde19f557c,6,7
SCIELO_a1349e25c4274e55878a38bf35b7cf37,3,7
SCIELO_a1a36f0fe7dc4fe171dda809c87b1a3e,6,7
SCIELO_a1e0a3ff9657a240a83afda1dbd843a7,3,7
SCIELO_a2b24f86616c539c4c2948c6a84db5d2,3,7
SCIELO_a416c57c8ae1394864ab0ca3d04298ce,3,7
SCIELO_a42f43e3111036dc7a99d39f7ac539d3,3,7
SCIELO_a487b389a4b696ef42623d06179d5150,6,7
SCIELO_a596fd59f8af64bbd708dd17fa9e1ac1,1,7
SCIELO_a5ad64804f1538a266dada5a93c265a7,1,7
SCIELO_a614e0d775af38e338f37ea8b8dd6442,6,7
SCIELO_a63bce2d2c3e132fee8cc2173b30ceae,6,7
SCIELO_a64552f794519c989a101ed25a15ec83,6,7
SCIELO_a670f6b1ac31c78be0d0dfffbb2d6adc,1,7
SCIELO_a6b87cc4d9d632d0a1daa4b19e734d70,3,7
SCIELO_a80df90d4a0e7be6a502e109c7f7b7e1,6,7
SCIELO_a8cafc17336ea4f27d5fb5a0f60898cd,3,7
SCIELO_a957007a9fb17b3fa37cb2db0e43e7e4,6,7
SCIELO_aa5831fdc568113c00f018432bad3501,6,7
SCIELO_ab3fbc6c9a9e38295006db18cdf84bcf,1,7
SCIELO_ab5cad09134489c8c340211074594d78,6,7
SCIELO_ac4484c6424b9bb3528af19d0aac1920,3,7
SCIELO_ad189716196d30369f1787bcfece1424,3,7
SCIELO_aeb78f13f5bad68c4d910069abd2d490,3,7
SCIELO_aee1a163b085f40c96df17cb52639ff2,6,7
SCIELO_aef8b4327cf0820405a5e670e725663f,1,7
SCIELO_af53487ce8469fd95909f701652d4282,6,7
SCIELO_af6b64d082dfe3878d71008ffaadac12,3,7
SCIELO_b09611c6a1715d13db667154aafdaae5,3,7
SCIELO_b19ec19efeffd7c7f6323d5747ab3e2e,6,7
SCIELO_b1a076d5b910de4bbbed60b147fce453,3,7
SCIELO_b20a9dc34c59a129876edea799236ec6,3,7
SCIELO_b2eab3b714d2366b9cbc7a5c8749965f,3,7
SCIELO_b2f9724f9ec8961505872c5bebbf668b,3,7
SCIELO_b348313e5c013d80cccaa75bffdba727,3,7
SCIELO_b38cd07093b17a50ab804d503cc79b32,3,7
SCIELO_b41f24e8cfa9d977a26691fa3a2c211a,1,7
SCIELO_b459fb3c60b59569295bcb91af477988,1,7
SCIELO_b488a5769f1c6dcd8e014ec9e16aac51,3,7
SCIELO_b50de82405d0bb332c8a248503eaec7b,3,7
SCIELO_b51ae0c6e43a3b1e80a7b08331f4f2d9,1,7
SCIELO_b59c76ef4a6d18112be5fb5d324a04a8,3,7
SCIELO_b73d1594ea30c389394f571c734172a3,3,7
SCIELO_b9455384702c0c829180bbe488477c90,1,7
SCIELO_b9a638620611e4c375d6af7a464d6ea1,3,7
SCIELO_ba8657bb4b74f702459c7bd21816f4c1,3,7
SCIELO_ba8f4785a64f5a56cba7b06eee6d1860,1,7
SCIELO_bb385e892a95e0a8f0bcc68f351aff74,3,7
SCIELO_bb8506ffc647b7cc4dd053ac1d3b3093,3,7
SCIELO_bd1c6deaeb4660e89164f0611e96f4ff,3,7
SCIELO_bd751afa665032352386f2a0e61cec1e,3,7
SCIELO_bd8f1dc2481e61496c51c5358725e1b9,6,7
SCIELO_bda1f55adc487d74324a40f0d60c539d,6,7
SCIELO_beb0dcaf2d9eb4f8364e799ba48b8da3,6,7
SCIELO_bf1f3594bdc3cdadb8d1730f40fa160f,6,7
SCIELO_bf91eb11e0b65918e3edf7014d14f7b9,3,7
SCIELO_c01942b25edbfd55a4602bd128a291a1,3,7
SCIELO_c039d79c262846b3eb2f1677a99accb2,6,7
SCIELO_c0c1eb0a674ad058a258bde861daadfa,3,7
SCIELO_c3e29da8cff12ec5bf897ee945040931,3,7
SCIELO_c3f09f2938c11256ddee6aea5f2a84cf,6,7
SCIELO_c47e2c0fb04386c8e00597f3cf49af6b,6,7
SCIELO_c5ab5c4b707aa6e8c61c6db2f33392d6,6,7
SCIELO_c63f077fc26e38e4faa7797299f11b04,6,7
SCIELO_c686eb6d039a905bc74e0fd1ba4d97ca,6,7
SCIELO_c69920c634cb21e43af28d617ba20e0e,3,7
SCIELO_c750d44757a0ca46624b65d0e92edb1f,3,7
SCIELO_c80bf9ef12db522b9867ad73de5c2734,3,7
SCIELO_c88c272e5f1f070ffb1003e18fad97cd,3,7
SCIELO_c9158b880ae4d27b8c0d10d32f8af128,6,7
SCIELO_ca4f8ede3457027097beff132f5132d4,6,7
SCIELO_ca577f928fd5935840c78be775f87d35,6,7
SCIELO_ca92705ba4be3d2c9eefb2fb8252a9e2,3,7
SCIELO_caffbc6c4835c64d7339fc4fc1f37d66,6,7
SCIELO_cb3c34be5cfafe72f9bfa40383530c40,6,7
SCIELO_cd0fd9bdbc452293d66b96e4ecbef296,3,7
SCIELO_cd61536187a2a6c4035966df93d371a3,3,7
SCIELO_cd7ac78b15e6923ba6e332b6d43e9d88,3,7
SCIELO_ce6b565986742be83d97a10c8c5dff04,6,7
SCIELO_d01aa46c6c29abf0667459350d78ab62,6,7
SCIELO_d02452c132af4bedb10d7be6811d4a4b,3,7
SCIELO_d02f7678281c6b87e5e69e1ce2c9304d,3,7
SCIELO_d1260a98209fd622923b355a2cfaf365,6,7
SCIELO_d14948c7d59cd70ca70c7df4255f536f,3,7
SCIELO_d1ded4d7a8bee409bea5bc32d6334045,6,7
SCIELO_d2125c2eb3d7c3f1f6e4b9ff84c9d5f4,3,7
SCIELO_d28652521b6db6ce5f973e7d53ff7d8b,3,7
SCIELO_d2887c8cbbe2f4b154cb7bb79e49d716,3,7
SCIELO_d36d7d76f5932ad4f8f2762137072c05,1,7
SCIELO_d37f4a594d6ed0e303bc242ab53420d6,1,7
SCIELO_d61a673eb6c160b9cd0c8e821c0176b4,6,7
SCIELO_d66f0cd409f892a6b423af8c5bffea8b,6,7
SCIELO_d6efed715c1c891b313aa4f368fe5baa,3,7
SCIELO_d74e5e4e19110e20e2882894341033b6,3,7
SCIELO_d989a9a59196cd1e596d73dd7b50101c,6,7
SCIELO_d9ca5709aa9bdd86a2d1d744ab2c2b1e,3,7
SCIELO_da5016a052c81f1f9313a72ca2ef0574,3,7
SCIELO_dad97b3a73b51cb60f8a60f7a914cdd8,1,7
SCIELO_dc67c1de14b4177e56bbeec5b51d2445,3,7
SCIELO_dc7889ad8c67ef059eb206d76784035a,6,7
SCIELO_dcf6ec422da56b68ca001d190b6e2919,3,7
SCIELO_dd29315f7c4a28ffe552bc224c136f0c,3,7
SCIELO_dd84602bf0f764b9eb214505822dbba2,3,7
SCIELO_de1e008416d4ce283ce806424035200c,3,7
SCIELO_de6a93be9f3f69bee3231afd7f4cd31e,6,7
SCIELO_deff9a82fd2cfe301211d8fef9344a5d,3,7
SCIELO_df8051923ea7a290783188ffb507cd74,6,7
SCIELO_dff553e6cefe79fd8766e54461953171,3,7
SCIELO_e03346690230c2112dcc088635dc555f,6,7
SCIELO_e0ec4a7f2cbcdbe09739c36cd863481b,3,7
SCIELO_e15475eac72ae061123fae4a434a3513,3,7
SCIELO_e1a05867b84f5b24485886df644d966f,6,7
SCIELO_e1ecf6e3f4bdb0629cb60f44e95ba253,1,7
SCIELO_e26f29781f3c1779eed62c9ac49d422a,6,7
SCIELO_e2727f4959cabeb4c5fa59f0bb07a366,3,7
SCIELO_e2a9efeaeaf18e82dd55d55fa43341c8,3,7
SCIELO_e337a3cdcd3f2c8b985a8e564f4f07c5,1,7
SCIELO_e4a30ab2d017f43e20fa2af8ea8e8545,6,7
SCIELO_e4bd923703192a0e6de894136345c923,3,7
SCIELO_e4e95cd31337610f22cbb5787419103f,6,7
SCIELO_e514f599a6871919bfdee8a3585f99dc,3,7
SCIELO_e5b23bacccd1ad2a896f7eaefa70d077,3,7
SCIELO_e7a65e883b76913933d56d4cf6021940,6,7
SCIELO_e7be0bdf8ea8ad9a77cb218535a0d6f8,3,7
SCIELO_e7c2a4fb7b861ba8d64a339aa31c02ce,3,7
SCIELO_e831a8bb3fe9d4d5f7279fcdd9b10ad7,3,7
SCIELO_e8fecd2c7dbaf6ad146cfa5d6dc9a75f,6,7
SCIELO_ea13ce891389a05e45c3011b00c37f29,6,7
SCIELO_eabb18537dbabc8b9b35127cf20b7e89,1,7
SCIELO_ebd3579554f828640522e053675b0204,3,7
SCIELO_edec7db5fdfe619be24c3076addbca7f,6,7
SCIELO_eeb6d23aac18c928f1e9b28426ea10ec,6,7
SCIELO_efb281adefb61bec75f2556a98e4069f,6,7
SCIELO_f00beea3020fa69623d4ae36191e25ab,6,7
SCIELO_f152da6747344a81205af9e4fbd29ec8,3,7
SCIELO_f31cbe92bf0850af89ba654336d230d2,3,7
SCIELO_f37b978782dbc178defcc831593c4289,6,7
SCIELO_f39848af8e24a5748768ed4340506d46,6,7
SCIELO_f3ab2ca20ed3d020f89c24657bbf671a,6,7
SCIELO_f41a89359dbcb05b94558800e0a0ec56,3,7
SCIELO_f45873b1b6594cf7065210a818287e45,3,7
SCIELO_f4c127efa8f666f84e702b7b24f660e6,3,7
SCIELO_f522019071f93453a162ead7d3ec0f32,1,7
SCIELO_f6e0a3899d8a89dc6158302bed7987e2,3,7
SCIELO_f6e2059d6344b023572601092da84f47,3,7
SCIELO_f8ab95a8878c5c11265560cd9d4c5972,6,7
SCIELO_f956fd3c71ac09d2254daf3b1c9e18eb,6,7
SCIELO_fa336ef1254369b137fec8f31f4e2c51,6,7
SCIELO_fa55084621bd563b7a0d5a1b6059a664,6,7
SCIELO_fabe537a9d4f634143ae3bfa10aa0a45,3,7
SCIELO_fb40a6c51659f7bcfef89d3c95ebfd04,3,7
SCIELO_fc2ddc7918e863f4dc1290adc501272b,3,7
SCIELO_fc488104570f053a2da8a971fd05600a,1,7
SCIELO_fde2af8135c9319710f1e6dd62e937f0,3,7
SCIELO_fe0dbab231dc8d5103fd8c2adeb66f88,1,7
SCIELO_fe2b2f417619b470769d4858e5a509ca,6,7
SCIELO_ff4fc1e666a3595283d21d71f34e19ea,6,7
UCHILE_03b92508d3961aaab65f4cfa09e39c61,3,7
UCHILE_048448a8939c96d67b0e2c7627a2d695,3,7
UCHILE_0575e7b2585cc999ca53f1a69ed8f9ea,3,7
UCHILE_068467a2bb812f478b747f8e23badb99,3,7
UCHILE_06998d88100a805ae5fd01ce9cee958d,3,7
UCHILE_088d703cc9fff16587500d7fda0fd690,3,7
UCHILE_09a4ebe0d114c5bcd0b8f695d9a98b0d,3,7
UCHILE_0b7b07a89e7f9725b28f6700534f6965,3,7
UCHILE_0bb8aee1106db1e3466171e9217977a4,3,7
UCHILE_0c3c89235884ff46c80ac01312600c39,5,7
UCHILE_0e2339d46418ee769ce38240eea376eb,3,7
UCHILE_0f00f5d5add3ebcd5548666a0d1433f0,3,7
UCHILE_0f4f6718f395e6c3aa015332ce255431,3,7
UCHILE_11b6ea9ac8dd1ed19c1216d17e46c2b5,3,7
UCHILE_12a0ecb837226af49e67a609a4bed165,3,7
UCHILE_12fe20ae51e005f453f3c71b0a228bf0,3,7
UCHILE_142ae00f3b388e5d5bb42dcea5f6e55a,3,7
UCHILE_1436f488711ac86898fb25658542df31,3,7
UCHILE_1479a39ce6339ed25398aae6b16f26a7,3,7
UCHILE_14f7d3880d615ee21f02172782e34978,3,7
UCHILE_166bf55bf445cde26e3a428233009ac1,3,7
UCHILE_16af998750b85c1f4b659aed4f9e1b1f,3,7
UCHILE_17e47d1bb3dd87c876e51ff87b8a6f3d,3,7
UCHILE_1a2b777b9856434fe8e1d0d9a1b434e7,3,7
UCHILE_1b9cdfaf196775e749e09c1a8cb8990a,3,7
UCHILE_1c1dbe4202b1f92da5c6500d0a2f01eb,3,7
UCHILE_1cabe60699196b131027ec3e4153c66a,3,7
UCHILE_1cb4ac3c0122065f88a8abb57a140895,3,7
UCHILE_1edba4cdce85dbe201f97660c5a32eeb,3,7
UCHILE_1f4aa7b59f5d53e09778317dbebb2105,3,7
UCHILE_20881e9edbae252f925741cff2691846,3,7
UCHILE_20be0a37deaa7ce8ad63171b94ab15c7,3,7
UCHILE_247b5b186cc1e5200684551e321e72e5,3,7
UCHILE_254b443b60f68ef2df601297ffe0d18f,3,7
UCHILE_254d0110df9a69194ce49a4e937b100c,3,7
UCHILE_25857c9a8d8be58da49fa2bd44fdf850,3,7
UCHILE_267e97f2f070a7cf003e7ac585def25d,3,7
UCHILE_26c87f751cb12a346ed0e7abc1a13fc5,3,7
UCHILE_2867238e7ce77f6c0ad9e49e9c005589,3,7
UCHILE_29c0fa0f999e67952316164f97c03719,3,7
UCHILE_2b8605bfe2c1ad4f6d57a3d90a92febe,3,7
UCHILE_2b9e8acd6ec49dd465aabd8c8ddc383c,3,7
UCHILE_2e52806dc28b9be2bbf96e51ac031271,3,7
UCHILE_2f348569e9191176fc79631d746750ff,3,7
UCHILE_301f8c88283e1da5b24323a4bd71fe1e,3,7
UCHILE_31943ac145da15404c93a53f99b59d81,3,7
UCHILE_31a85648d982ecbbe36fd71391068a75,3,7
UCHILE_31f2275e8093395f42048f843aa380ea,3,7
UCHILE_323be97e802de9db111f6088756c3aff,3,7
UCHILE_3445f3afa36a0b83915af4e54d5e4942,3,7
UCHILE_3448a0edfc41d7be3004cf0061b76e36,3,7
UCHILE_35902f0a7603d0b04d4e31a46762e443,3,7
UCHILE_35add3479b1ee168e85e195ac7090fff,3,7
UCHILE_364caa92056c1517c305af6e9c506556,3,7
UCHILE_370161694cfd00449d4a957d4c85744d,3,7
UCHILE_379ce6cf6c2f7eb3d919a1ed8eca9219,3,7
UCHILE_380db26e9ef85e6ae764c252e052aed4,3,7
UCHILE_3adb0fdb07e76a69e46f848b0979a042,5,7
UCHILE_3bc1a7679363486642e359f8cd5c181b,3,7
UCHILE_3bc4f55761920c5c64b3d21a336fd9fc,3,7
UCHILE_3c39519ac55eba22a823e1c989f2ba20,3,7
UCHILE_3e8ef89938143dc72262a95eecb94fbd,3,7
UCHILE_3ecc87a842656e792a4466d3bd15c42a,6,7
UCHILE_404f0e28d91ea9d21ee9428047bc3e94,3,7
UCHILE_40bf14151d6d88a32bb4d246402479a7,3,7
UCHILE_41f02aa8bd81c84518f2acd594c091f5,3,7
UCHILE_427d5c3d86196d530c1139d6fe3f938d,3,7
UCHILE_4331cbc4a5aa949ac33113ea367d3ab7,3,7
UCHILE_4556623b98a5ebc6f2660c350e1b40dd,3,7
UCHILE_47c9e432709ac72c25d83fa3dabb3766,3,7
UCHILE_47eb14dcffcd126325846c88a4903f40,3,7
UCHILE_4921641ccb9f1304747b12b502420524,3,7
UCHILE_4c35b2f1952f927fc2d202b2fa329d39,3,7
UCHILE_4d10a76c26c4d160f5c0a60e2eb7d892,3,7
UCHILE_4dcee47548ef3e59013c1c06953e2915,3,7
UCHILE_4e46271861444d39eda3709d7a16abcf,3,7
UCHILE_51b93a89500bf174329ce8810b69104b,3,7
UCHILE_51ef0188c81aceeb152ef368396b4842,3,7
UCHILE_5436b47efde87e2bd0c15aef0b6acbc0,3,7
UCHILE_560c905c044e88471d7c70a8152ea7ed,3,7
UCHILE_577a83c3ba09c0ad22199f0cb71b60e9,3,7
UCHILE_57814f6ac00d2ea6941f15fa3cbd3c3e,5,7
UCHILE_5861dd3f6aae34e0970163c8737bd7d0,3,7
UCHILE_5a3799191b7c8647d49134b97c166c80,3,7
UCHILE_5a86a76427c82c637be2fe875e38400c,3,7
UCHILE_5b18f505e2a6844be649b40539310cad,3,7
UCHILE_5b3bd31b6792ab93b06cba7a5d930e3f,3,7
UCHILE_5cef2f38e014d44416aee1a2c5de1c21,3,7
UCHILE_5d046ba91ac32342e8558a9c46c6ad7b,3,7
UCHILE_5d670decaba5705f28b81d10d96af76b,3,7
UCHILE_5e38d0f75989a24f21a3c37b48595374,3,7
UCHILE_5ea934020de5c10b18be5008b69911ba,3,7
UCHILE_5edef533391dd518fcad63d47e560da2,3,7
UCHILE_600ac9ada5c94c371cb8efa723b6e07b,3,7
UCHILE_6216c4152fd4a7aa78de827551af1791,3,7
UCHILE_63548b8058e73ffcb95ddecd6ac323bd,3,7
UCHILE_63754874e59644dd56005e38d4ea2319,3,7
UCHILE_6441203da4e58fb8ea53a1c188699392,3,7
UCHILE_64b6c5da78b9dc8c89328a07cf9f74d0,3,7
UCHILE_6713388fbb886e94ac5a71bdeeaea340,3,7
UCHILE_6765416c16bf1cb696d098a2209254bc,3,7
UCHILE_687c5bbf8a4d94e2eee580fdf6f953b2,3,7
UCHILE_6a06dc4ec44430ea96aaf27fbb227fe5,3,7
UCHILE_6c37dd2f068e973e5a8eefbf143aa667,3,7
UCHILE_6c86985b9d00ebce7c3e48c296a4ac7c,3,7
UCHILE_6d40468e14d153b0683295140d985bf1,3,7
UCHILE_6d5e638742b8e527cc68c00454da7684,3,7
UCHILE_6eb72070b48d25c2a0a3e31d960fb3cc,3,7
UCHILE_6f712fa29f913d14b5b355622c25b959,3,7
UCHILE_6f7640cbb58a31717768f9dacf6097de,3,7
UCHILE_6fa271ad3677d4f62058f307d7f65309,3,7
UCHILE_6fdfe455a3ef9e99a6dbfafe602942ca,3,7
UCHILE_70cd7b57708493a667928b12df88c714,3,7
UCHILE_73293f5c46e210abb8d2d44fbeca5906,3,7
UCHILE_7341a0e817bfa6bc7c2682d75a8bf23d,3,7
UCHILE_7432df821e0ab174a78d93a3c5100837,3,7
UCHILE_746a273c9dbde60449cf69277eb9b42b,3,7
UCHILE_7517a84f738414e7388b436a1f2d50de,3,7
UCHILE_75f44784b8fae16028dccbd0cc85c5f3,3,7
UCHILE_75fc8b5b28fc239eb81550aea0b1b6de,3,7
UCHILE_7739ed319c40463f003ea7244a72b279,3,7
UCHILE_7849a9cc88f7e0c90c06efbb7429ab4c,3,7
UCHILE_78912f80cb0dc2f4d1c6a4562b86d1c2,3,7
UCHILE_78a69bd18a7ba2d19e22db38fae48fd7,3,7
UCHILE_793c126e6d742e08640ef1a38b25077f,3,7
UCHILE_79f5b917efb28ec35047e98b129d74e2,3,7
UCHILE_7ad1d11aaef55c8f5492f1e3e53f7fef,3,7
UCHILE_7b9ee87dcdb2d2a77334075b8da1f726,3,7
UCHILE_7c684a3da42ea296d4772aa35ac33e76,3,7
UCHILE_7e2234679476692f2e27f5becc0711d1,5,7
UCHILE_8090c77ae9292aa3ada748656f69a961,3,7
UCHILE_81793325788c139f694cc4632d0bcc34,3,7
UCHILE_8234419c41ef679c7fc37d2bb4f5cd19,3,7
UCHILE_82847ca94d2e6339e4bf0a4a29d28f3d,3,7
UCHILE_840d692f5469a8fff95049edfceee35c,3,7
UCHILE_85efe47ef56f3b837ed971e6e326f5a0,3,7
UCHILE_8697e0838a725f8b2637cd1d55816952,3,7
UCHILE_87c7dd0438fd4ec73f85618f0ea9d67a,3,7
UCHILE_8a6b6092fd7fd7dfc871c8ba62b3a0ad,3,7
UCHILE_8b6a9f6bfe60d0f37fcd6b3b7e8ecf0d,3,7
UCHILE_8b70c3691a45a9e3e8765d035a53e815,3,7
UCHILE_9217a36c8783d69554779e863a373911,3,7
UCHILE_922021f26a5958caf9d06edaf92867fb,3,7
UCHILE_9390c53503eecf4a629f46a63aa7ab23,3,7
UCHILE_9413eb8d19dae469d90fa5b1cc7de24d,3,7
UCHILE_944979dd26972b852045848cef4b7643,3,7
UCHILE_94c1d5ea3ae6778ee32848260f2c2173,3,7
UCHILE_96893b03471adcbddddfbd72073f2841,3,7
UCHILE_98e4c61bdf1d1eece640ea2d37fde9ed,3,7
UCHILE_992cc85d40509a93945684a9e84d64d5,3,7
UCHILE_99d21b4bdd4f2f51af80870b1be84ae2,3,7
UCHILE_9b3dcd8705045aaf59fb7dfbf5f9d45f,3,7
UCHILE_9bdbcc90346b020fd9169d1e671be24f,3,7
UCHILE_9c3e7c1df4b0f4afb55650375a5e1d66,3,7
UCHILE_9ca8ac9cc3aa10ee39df4da29ac81058,3,7
UCHILE_9d392f6b1558e38ae4a0f28c5de6d313,3,7
UCHILE_a1fb74f64420feb94e4b1971604966b1,3,7
UCHILE_a225432133ab315f3aa54132a12eb698,3,7
UCHILE_a332d1eab75c594e3ffd1f27210e171d,3,7
UCHILE_a335a2f794c9e5b38ec29b37be616682,3,7
UCHILE_a4b72b2f80874c0f30fa8be511d530a8,3,7
UCHILE_a53e199abe43f36350714d005243ff92,5,7
UCHILE_a5582aa3f31f511f344e1dcacf23e596,3,7
UCHILE_a55916a212b73df5c8582038482adf41,3,7
UCHILE_a679962099f68a9611099bf6c3bc5fa7,3,7
UCHILE_a6b4156862f5be2e8bcd4d871cfbd7b2,3,7
UCHILE_a7ed0569a95b0f6e334314ce5d3e2b6d,3,7
UCHILE_a862ca87be348ce5f7714309fdd22e97,3,7
UCHILE_a8d1892f2fc87881e62f0e1322a81cf3,3,7
UCHILE_a9be1065c7c268d1b17d81f079d4d497,3,7
UCHILE_aa8fe92838874543508cef755e9287e7,3,7
UCHILE_aa99d3b47dfa8aec9320204d158ba7fe,3,7
UCHILE_ab37ed5383a3690983962c582f60a137,3,7
UCHILE_ab53c2fa5711fefef613cf9c1215842e,3,7
UCHILE_ad5c653bd5523067c577bcc11125d104,3,7
UCHILE_adb7901d01994430c56f666884f88091,3,7
UCHILE_ae892a57dc2af1fecf1094236479f7ff,3,7
UCHILE_afe7d7380fc0c2f6983ce65232573c8b,3,7
UCHILE_b0933e6a159a3d2184404a33591e0de8,3,7
UCHILE_b0f0b71ff978e63f182eb13f505d2a78,3,7
UCHILE_b1cdfd7aa9764165754dade01e30346d,3,7
UCHILE_b23207a1680c570f4945e0ed21477fcb,3,7
UCHILE_b2676a33064660976b31c768547415dd,3,7
UCHILE_b2eff4975900837e2f578c0a82242dd6,3,7
UCHILE_b4f4d4c730a94b325c42e3a3ef020012,3,7
UCHILE_b5a2bb7e8165baf55abb36578b125ddd,3,7
UCHILE_b5b7e157a3b50ee8a9d60d5ad9a73808,3,7
UCHILE_b68822718d5a57ff782f5d5f5ff21cca,3,7
UCHILE_b70bf5e3cb2123c7cb4c5d8e67da696a,3,7
UCHILE_b769ff586bafe5eda2b9ec1930c7d857,3,7
UCHILE_b7d899679a4b3272e0242683d928e058,3,7
UCHILE_b8b5a15471a96d7ec209bec8531f35b6,3,7
UCHILE_b8b910f9e1cee9a29df067a4f0b7d38b,3,7
UCHILE_bbe14441d447871b88bcb6b5c16ef98a,3,7
UCHILE_bc27574e5629f5f016c1b64426381006,3,7
UCHILE_be28d820afb323a96dfe1c0231e918ee,3,7
UCHILE_bfe04f33c47cdc55c053a2d5de592ce0,3,7
UCHILE_c0b7a2c7af914db3322a58729f330919,3,7
UCHILE_c397409ba868c892257ef46170353f76,3,7
UCHILE_c3de819e400782082af1a8f1f01bcaef,3,7
UCHILE_c4306038b9654f93babbf05bd96d3c77,3,7
UCHILE_c4ed132e6dfb175dd4bc751900db75bf,3,7
UCHILE_c567a04c3bdf8e48175c045683a57a5c,3,7
UCHILE_c831bc26b0c6c7ca69485854c6911c7f,3,7
UCHILE_c8fecfaaa206d82f0ba0c530be9264c6,3,7
UCHILE_c913f8656c71704b17d92dbacde81514,3,7
UCHILE_cab5b910168882897df51dad92aed20a,3,7
UCHILE_cb59b2eb8686cd5d3464e926c56a6a50,3,7
UCHILE_ccf4f3b2b4a052b38eee783e815acd65,3,7
UCHILE_cfe3c08e812edc0f54f36f210998f693,3,7
UCHILE_d00ba29a9080d0daff371825f3cb8c01,3,7
UCHILE_d0de3eede6751a2db668b9a0fe282095,3,7
UCHILE_d12cea1e7aaa9ccb48d8b889a7967bc6,3,7
UCHILE_d207d33b9b7608300255a81c6eee2f2f,3,7
UCHILE_d30d6264b05493a4ea8da3d687177e5d,3,7
UCHILE_d3713f83b92f3af629bfe1f65cbb0b54,3,7
UCHILE_d4daa73d278866b8ea33bdc49bc6802f,3,7
UCHILE_d5699adda8de9e50ebd676dad1e95860,3,7
UCHILE_d5a17c32ce59f7dd503191ef58c48d30,3,7
UCHILE_d61b70b1c0ff0098d4e6e03baa611106,3,7
UCHILE_d6ef4d93c786aebb0b426ce3f469db07,3,7
UCHILE_d74aeaa821d67a2a0c43e9f9726b2de3,3,7
UCHILE_d77157f990c2dffbd4e771d6472070c9,3,7
UCHILE_d7b26a0884e9a70ccecf86acb1a80330,3,7
UCHILE_d881abfad6a4c429ac91960b08fb2cc8,3,7
UCHILE_d9e079e165f2d125d20058ad44af180d,3,7
UCHILE_dab7ba46b9957966e81ec516f634374f,3,7
UCHILE_db5d28fd72b4f5ca46d908ee3782d4e0,3,7
UCHILE_dbefcfbc28f615cdb7f086e4b3990740,3,7
UCHILE_dc30ac78e10d11766260f0e6f2d26988,3,7
UCHILE_dc819185a601d65b96e8b1f1f79f0b05,3,7
UCHILE_dd9c11859eac5750e60a3811fd416eaa,3,7
UCHILE_ddba25166e8bd06e9ce553967f17fb62,3,7
UCHILE_de1a6ca9ce51b5229dc73b998c908226,3,7
UCHILE_e2247c258864a8181dba70adafd54062,3,7
UCHILE_e2c0304d803df1751f2494878b712222,3,7
UCHILE_e2c4078bd9b00b483683c7c86fff0766,3,7
UCHILE_e40084fd2807aba64fe9b1a20c9530a8,3,7
UCHILE_e563ee56e136ca50f8449586e0897851,3,7
UCHILE_e6df816dce424bf3db57315e5a448de4,3,7
UCHILE_e801b185e0464f2e4529aaf4b34a6e23,3,7
UCHILE_e8a040d1c28fe37967c7c0abe30477fb,3,7
UCHILE_e8ba0cafdc0335eff2f5dd221c245bcb,3,7
UCHILE_e97dcfd746ab69820a98fa8c16505c54,3,7
UCHILE_eff186576af257b5c84c10f48b75aeb1,3,7
UCHILE_f05ad3a29e17be2c5aa67ca31572daf2,3,7
UCHILE_f0ab6bba509e276101991b95a620de46,3,7
UCHILE_f0f7367667cfa53518c65d6626aabdb5,3,7
UCHILE_f154b17caebfddcea7a21124ffc6a405,3,7
UCHILE_f1e7eb84b64745b08c702f1bad114849,3,7
UCHILE_f3baf956fa35b98446fb74d05dcbae00,3,7
UCHILE_f4a2c932ed048a52b7544d076d8a904d,3,7
UCHILE_f7c1e2e1625d032159800ca5cb6adabf,3,7
UCHILE_f8ab3cd3bcd1227f2d8af084506fe05b,3,7
UCHILE_fc0c37c9cac2f5dacfa0d8bae8b02b63,3,7
UCHILE_fc154ea85ec3870e2bdfc3a1c83bb660,3,7
UCHILE_fdf2929b94303ed1ca8a386538afbca1,3,7
UCHILE_fdf6825922fec1e6b4b6a7ed3c296ccc,3,7
UCHILE_ffbf0ae67a122429e4d77b8d8e42128a,3,7
UCM_022d0b178a5770060f09d380d3578a9d,1,7
UCM_05ddb22493a8af1abd20b42490e42600,1,7
UCM_07a1084bb7a2d46836da25024974d210,3,7
UCM_0b43e945d1f399642437641598275578,1,7
UCM_0c7c80766311579828cacf41b89b6fe8,1,7
UCM_126f3db5b2463c698712e18c69c6ced0,1,7
UCM_1347ec87da3b6b2ac2fe190c5b8db71f,6,7
UCM_1741fa7cc2d8f579e4f5350c0a817ae0,6,7
UCM_1cf103fed8fa25a251c6b7466ec1860d,6,7
UCM_2c2398983fbade59984d71a128ed48c1,1,7
UCM_3049d4d0f2c0195750b639ce8c5a3bfb,1,7
UCM_3bcf11da5189f04d53890eddaf5bdef3,6,7
UCM_3cb093642bddc4371de42e1f2f1c13a4,1,7
UCM_3dd3e0b5aa105d169aa82d40c8f395cb,6,7
UCM_3fcbfeebf7ed38da24346f8709399d8a,6,7
UCM_41a77c6b021207613552e8b09ff95872,1,7
UCM_441d3badf71b30d0be367b7d4d281475,1,7
UCM_558e451984230820f73d843f1431bfcd,6,7
UCM_5e03c9c5184c66e3f98c23641af8f226,1,7
UCM_60c33c1bb28d0c981a2be1cd2bce31b2,1,7
UCM_660a8088d7b004db89db586d26aa3632,6,7
UCM_66580d838872824ea25cb2cebc52d05c,6,7
UCM_760e6fcde8aa40f5318b271b73d9242a,1,7
UCM_776df2ebca045748ce441dcc5b9c39c2,1,7
UCM_7a1675e16fe55a9b9aa880fc62574390,6,7
UCM_7d1d60ef7b8674ee74e0ea5a2f134332,6,7
UCM_7e3090b5f90450285ed1ed827008f5e9,6,7
UCM_808d82f0b6afb2cb39952965f02ce9f1,6,7
UCM_83ab06adea55fc6de7e05299aa35b37f,6,7
UCM_87cd053cc661219c556b83ee65c57e29,1,7
UCM_8d57e1d502eeeca1cca1c6adc41c519a,1,7
UCM_8ddd113058e1b76925ac2933ef335904,1,7
UCM_953c89994db757ba041a0f37f5c2f71a,6,7
UCM_9829569117c236fd5835213d615c6e38,1,7
UCM_b49479e47a553b567104bf5373953d47,1,7
UCM_ba0aff0fcb29702649d32bd3f01a2dd9,6,7
UCM_bbb8f1d99405663904a82c73a50cc86d,6,7
UCM_bde0f78eaa530408350de4ce298900dc,6,7
UCM_c6e5ab96e7318b2a33c1e189409384a7,1,7
UCM_cc90bff8668e089aa5023ff01f92f378,6,7
UCM_cf21a299289924094cb6d604e5586759,6,7
UCM_cf2fae3c27b1c09a76db4b20173502b8,1,7
UCM_df63ddbbe18bd1383ae55b6eb8da9097,6,7
UCM_e140c248e7d931b77c5c758656fb5b21,6,7
UCM_e159ef8a11797b4e726448f3139eae35,6,7
UCM_e2fdcf4a2ee6eb437e4b044587e832e5,6,7
UCM_e4a1b3275a3d5e069a64f491c714647d,1,7
UCM_ed7d04ed11b7966620de1e79e81d9279,6,7
UCM_ed87e9dc3adff4bc745f20f4756402cd,6,7
UCM_ee34e578c7331d249fe959bebd1be94d,6,7
UCM_f256cc47ed53b7f0905b945edd11c3a3,1,7
UCM_f3e01da107ccffcd9e3a7ba87f2662ff,6,7
UCM_f444d54b758d6d4c6afbd4229ce86b4b,6,7
UCM_f5f67c1dd4ed92f121e58a2d6babf7ef,1,7
UCM_fb43013e8e9ff594204d9e9cd4798b7a,6,7
UCSC_00964acace2bcaa84eb92ad430c9598f,1,7
UCSC_0237aa3f9cb167da8b90defb3a5155cc,1,7
UCSC_041a5c43fcb3478896ba3b3738fc81ac,6,7
UCSC_05048af59eb3b1fba4f5ca19678431a6,6,7
UCSC_0666c09fc29b800d61ad1ede8fe632ec,6,7
UCSC_07309065900f65f5ca0652410258aa7f,1,7
UCSC_084e79e9a1b0a62ffd0adfd3e9668865,6,7
UCSC_09235b0da9c2ee19118b7d9947b1e90a,6,7
UCSC_0a1b472f2a610346d01e76ff6854b64b,1,7
UCSC_0af4ad0f68afbb749517eedb615d8244,6,7
UCSC_0bb92cf69c4332317befb20d3f4fbd29,6,7
UCSC_0f6261d287ef82cbe9167fcdf494b287,1,7
UCSC_0fbfac21074f46e06367673fd662ef96,1,7
UCSC_112d4ab53aba708db0c6e46d6b42e8a9,3,7
UCSC_11912db331e9818984e790516f395a7e,6,7
UCSC_1408d76177a2e24af298ad7a52120262,6,7
UCSC_1528a660497d59c5c334e8c3c1989269,1,7
UCSC_15cc0255d75d3e3f7755fa519e7cf493,6,7
UCSC_198adee90d7f20d86ff8d88d1fd1bd90,1,7
UCSC_1cb33ceb88c001adab07713266e07f46,6,7
UCSC_1dd19b44513013c91fac0f00a71046a3,3,7
UCSC_23d0bfa40702a6d7e10b3b44331b88e0,3,7
UCSC_2635b6108e1912b6edfc088a902ec829,6,7
UCSC_26525f56da9f6ce34bde1ad98a451366,6,7
UCSC_2b2ef37df727f2295375b86d2437bf64,6,7
UCSC_30d993aa35eed3df7e731bd50097db31,6,7
UCSC_31ba492478ac41a13a88051228083608,1,7
UCSC_329db98b9756d94e52149aeee218c54a,6,7
UCSC_35ae025d23f6da8c92702106a2646c0b,6,7
UCSC_35d4b6b9e1cc9f55ced6df33ed7296f8,3,7
UCSC_36f1f67405f7d4d65ca53292d0964117,1,7
UCSC_39c0df96aca1eafa197f9c06fb81c105,1,7
UCSC_3a74ea329e68b7517e23e9f73c62d41c,1,7
UCSC_3b0b629b7da2b9132771633aa1b0aa7a,6,7
UCSC_3dd3f1e57bd3dcc3b8e365b986a76948,3,7
UCSC_40679f836d7dda45ed0fe974a4ec3e49,6,7
UCSC_47a7e3f9ff5989d82a2728696aac1187,6,7
UCSC_4a4419314a9b2e2efb057226dc67ba3e,6,7
UCSC_4f830b790bf715e7f27d487ee4dc99fd,6,7
UCSC_5166761cf72307a7e078ba14b1234227,1,7
UCSC_51c45c837341f676ad27f2c5727092bd,6,7
UCSC_53df8cc696b1c6e42852a51ed1314208,1,7
UCSC_54e3c7472885739a9d549a375a6691e6,6,7
UCSC_5cf8c3ec83a1f779779d0573243d2ca8,1,7
UCSC_5dafcdda0e0f0e8af0ac867fd6e83e98,6,7
UCSC_5e21a8d1309099ee4cf16f3870aee19f,1,7
UCSC_5ed35d7f6df4f8c7c673efbdb22bb437,6,7
UCSC_621f75042e8c896a758070e09eb43e66,6,7
UCSC_6396dbdabf0a17c0002fa3268f62b932,1,7
UCSC_63c9ad1f6b2ecd011620af488738e9e6,6,7
UCSC_64bac4c43b0d2897a6111f8a59c3972f,1,7
UCSC_6754cfdb86907b2a363ae70ff6fa84ae,6,7
UCSC_6e55eb6f0a4df39be3798199126e1f5f,6,7
UCSC_741e813aaf302bd5ef86a7704ea4e899,1,7
UCSC_74e5d951d12778e7967e0136924d6abf,1,7
UCSC_75886d47304dbff90722a2ec878c6d9c,6,7
UCSC_79c695efc0e54ae39b61c6ddf19f76d6,6,7
UCSC_7d9cf3b218f29a5862e0b1c5439c2214,1,7
UCSC_80865783313e1eac0ba26eeda30b82cd,6,7
UCSC_819e696537de89bbe182c25619d9f6d6,6,7
UCSC_84aca7ffbe80c8e702a37d6c9633243e,1,7
UCSC_87ab5a1df3fea05d00ae4769850ad444,6,7
UCSC_8a0713e5ed1290cfbb6f894028d4ce7c,6,7
UCSC_8a3c601ac401a57888e2e760f1dc2ff5,6,7
UCSC_8cb48b6edd36dd3ac041c220efe81858,3,7
UCSC_8e569c2f536b2916e70be163f3cb5a58,6,7
UCSC_9241a12f6ed35e436f38c150c1cc5d9a,1,7
UCSC_924f2cc069080042a7e042e6f360874a,6,7
UCSC_950e4261c55fc7de295b8816900b4aea,1,7
UCSC_97458659dce729c0297326746a4b7360,1,7
UCSC_9a8173b1f73dbe99ca9a5535e48fe54b,6,7
UCSC_9beb7d8e57387d8d4922de4fc7655b77,6,7
UCSC_9c3597a7b68a859981dd708237ec2bf7,1,7
UCSC_9dd9313af26246573becae5418e3e097,6,7
UCSC_9f7e399fa50430f111c5eb5ee2a87389,6,7
UCSC_a02588d3b3d8b0660994ce00dc91ceee,1,7
UCSC_a04f4364908acfd1c843e286c0fc265e,6,7
UCSC_a1a8ab2b6e193702c07c6653a05cb98a,6,7
UCSC_a2f0d7b587fdc4b7324a1ceb96a60d23,1,7
UCSC_a3d4512b2270fbf5893fbd0695122300,6,7
UCSC_a4ef3b63eb3a29820be6dd432a673c4a,6,7
UCSC_a67728ba6f61a8c6f7b987d793a25211,1,7
UCSC_a6ba1ab4a03878ac89848b9e4fa6f8d3,6,7
UCSC_ad162edf351a33efd86ce9aa5692fd04,1,7
UCSC_ae434f98f0e7c04e60cae3e94b8b2551,6,7
UCSC_aea8599670edf5f5586b7492a7ccb170,6,7
UCSC_af6939115f019b19866970b1efa055c8,1,7
UCSC_b133604c2f45192eafa9abf935682125,3,7
UCSC_b1b32ab1b0e57ae3b828636112e835cc,6,7
UCSC_b65ee5dec11f21861d3a3daf3b586717,6,7
UCSC_b68fe44a73f2fd89cc8da962591270bf,6,7
UCSC_b8750f57da2a82eb053e5e590bd5c2fe,3,7
UCSC_ba31ad516be8210111ea3be3d2dfdfcf,6,7
UCSC_bb1d6e5b6242a8e154f9524b41880e5e,6,7
UCSC_c42260d144c5c36800d1b0df93c4248a,6,7
UCSC_c658fc652d923296a12327fcc142766c,6,7
UCSC_c74ceffafe22935d31155c2b37efac4f,1,7
UCSC_c866fea58296d848ae7889703f26b88b,6,7
UCSC_c9d1adde7bd1d1bc582df59553a43122,1,7
UCSC_ca97e807115aac2e8403e7286a2165be,6,7
UCSC_cabce1cf8c8f34f52dd99b5b85a15336,6,7
UCSC_cb061a75a9a3f68f65911462c099b90c,6,7
UCSC_cea97c04a9a76d34b50a2efe5f8ff295,3,7
UCSC_cf50c34d5b2e0f2664444a1ef6d2a2b1,6,7
UCSC_d319269d40b4f942c4ff5936d228ab4b,6,7
UCSC_d5897fdcc25e53b32cf3f2dc797768fa,6,7
UCSC_d793f7841beaff8cb1904d9ac96b2170,6,7
UCSC_d82ba5cec7b176491271437667635f52,1,7
UCSC_d87cf9caa421b9f1506b3bada0a4d3b4,6,7
UCSC_d96e63b5bcb744f160c2a6faf6b98e7a,6,7
UCSC_dad940ec1ed8c08f7a2364c381bcd228,6,7
UCSC_db1c442a5096d252d30017339635d7b9,6,7
UCSC_dbc1ae89f0f4b7788dd201de2597d72f,1,7
UCSC_dc934429598bd230f1d517097fc65f44,6,7
UCSC_df60e3b92aab0fd86548d5e253437f93,6,7
UCSC_e1a7b9e5338afb100cea632161b0358c,1,7
UCSC_e1ab8c9d1b1d6a7765e015b4785ff079,1,7
UCSC_e3291ae6b6313b98dae9c63a7e2f3a4a,6,7
UCSC_e416a2bdeac9e5a2b3d83a8cf6638b3b,6,7
UCSC_e755050bcf5731a2eba8357f342113f8,6,7
UCSC_eb5e57371343b0db313dd8b78ca58527,1,7
UCSC_ecac7a1fd53bb17d9fd1b8b3c1b52048,1,7
UCSC_ecc9e986e536a62aae9d3feb99ee13ed,6,7
UCSC_ecfd1c9b752e1ab86c626b4cdafbe2f1,6,7
UCSC_f0e0cae46e78a50decb6a7d5251e7b75,1,7
UCSC_f24aaec427154a1dc0adba946d889eaa,6,7
UCSC_f4faeec0bba15e6b4e65d3b0fd2e9f1d,1,7
UCSC_f638f8b85d4ab050a8d4aa17aaf345f6,1,7
UCSC_f7dd49e8c4b9f4677bfb6570cfd8c33e,6,7
UCSC_fd873a5f630d857cd1e7ef0f6923fb25,6,7
UDD_25cccec3c1085ffb3c785f673b01c8b5,1,7
UDD_29ff79e3216ce992e221dd8f3ffb5a6e,6,7
UDD_7c219465100d3dd7eafe5045054c35d9,6,7
UDD_b6b71f4f064fb53dda654141ad15db22,6,7
UDD_ea5e547ea0168fc4b313d465642e04e4,6,7
UDEC_0b1fa3b37e64c3fdffc08ff8b244d8f9,7,7
UDEC_0b8807e0acdbc3194e27624a9a6d77e5,7,7
UDEC_10da7336d47f09eef0eae3424b603eca,7,7
UDEC_1b1c8ea999910d1c26e4a9f9bb40cddb,7,7
UDEC_27848758d4c19d3c35106643c6f47b0e,7,7
UDEC_2dfd7ef931b2c0d2f1f72a7b4b6877b2,7,7
UDEC_3e5eee21a8e59968894ccf5bcf1caf93,3,7
UDEC_4185177e78d595c94910aa3ffb96f53e,7,7
UDEC_46ec2fd597e8358a0748a839cd541052,7,7
UDEC_4d343759aa0f4973b778e1695d0a380b,7,7
UDEC_4eed2109ce1467b035f4e718555295a9,7,7
UDEC_56bdeff827790508b4f2a7d026cda125,7,7
UDEC_64201e32a4eddc4c7bf3a8ae3259eaf8,7,7
UDEC_65a57fd1ca10ea49b340c6d53268b37e,7,7
UDEC_69f7859aefd2e9e96e28d55ebc504f1a,7,7
UDEC_7061b76fe9ea161b7eb18fd2e93cc8b7,7,7
UDEC_7498ef99e1057048ac40900aab4c332a,7,7
UDEC_7fe0c046bf8b2c88ec83db75242106dc,5,7
UDEC_85ed9a043f58891efc6e663092aa24cb,7,7
UDEC_8af6ed66aad682e1769a3f26e7103096,7,7
UDEC_8f755ee5e4a40673652812a27e3531c6,7,7
UDEC_91194368216a0dfed66cfaeb34a7c55b,3,7
UDEC_941419dd0b7d9c41bdc6f58ba8372a82,7,7
UDEC_9478a5c51d420c7abd392509f8357ffc,2,7
UDEC_a42aa21a7106a3d4df94d22c4337c8fd,3,7
UDEC_a8ddf5e1679d1aa6ecc2be6fc41121d0,7,7
UDEC_bce52b4c2a481df79406225194bdb56f,7,7
UDEC_cab33ba488563dfe98d07e92c22df0cd,3,7
UDEC_d027f1f859e22894f8c9f38e494a34f5,7,7
UDEC_dac3db1883ce8cba57b6f93e0e20cb27,7,7
UDEC_e21ff798c43abffb8730bd03c96d009f,7,7
UDEC_f240fc86f4671ee694417cf37557fac8,7,7
UDEC_f72f3aba9feea55af86345cb492a96da,7,7
UDEC_f9e32bcf23464578fd6bc2b9c6fe604e,7,7
UDEC_fab7794d62fb5256fa59b1e0e309006a,7,7
UFRO_e40c08e4e320afaa1ee4246e78a41392,6,7
UMAG_00aeec0b655d260a079cffff405abe00,6,7
UMAG_043871f42d2fb25f7b4737444624b19c,6,7
UMAG_0706911dc7add63b946ce782ebce59a8,6,7
UMAG_08cb109875f9036c2f89ea58b52c7ce1,1,7
UMAG_09c5df25161876f29990f7539575800c,6,7
UMAG_0a48c4b720cddd10788b2d2c273f4166,1,7
UMAG_0c9724c7c9a097950697d5b7397c6032,6,7
UMAG_0d38912ba4830fa3fac5395fc22a7c29,1,7
UMAG_0e8d39889c598fc191d7d18e0d72d127,6,7
UMAG_0f16fdc69eae0bf5a083c623c4964ae9,6,7
UMAG_0f2deadcbf23b4efa11e2ab9d7318e6e,6,7
UMAG_1036989861f9576d2e3be7830941d454,6,7
UMAG_123692a527bcf0a35171e8e74498c070,1,7
UMAG_14dea77148e6edf9757eba14460cde78,1,7
UMAG_1527397cec0d0f2b48914624dd2c6b3a,6,7
UMAG_152e5d3be869f4d59e0ace7e5ee9f0a6,6,7
UMAG_167ad7e2863bdd7b7b773ec7614e2edf,1,7
UMAG_188baa109da49094f2e973ab7a280e3a,1,7
UMAG_19a1bdf1468334efb85ef0f885f4a785,1,7
UMAG_1a208fa283fdf81051bc4f41f6bc94ad,6,7
UMAG_1a57c5de8f71adfed2d825bdcc08326f,1,7
UMAG_1bb461988097baa6d085e8365c9f4063,6,7
UMAG_269bcc246f25ea5402b7619d91130059,3,7
UMAG_2aed1ac64e08f9399f0fd89fc24f2670,6,7
UMAG_2c9f39d47c7cac00f13b338e2933f759,6,7
UMAG_2f0897c323ba32320274030adbb56e48,1,7
UMAG_315d38c265ceae9c69a5dcf0e6881855,1,7
UMAG_337c3a89b5b1145af9bc85c2cd9b6cba,3,7
UMAG_33f636d18b6741a48a478a846264a230,1,7
UMAG_3693b6a6ee74ad28286b3588d41a69db,6,7
UMAG_383ed1346bb13c4eb15670f0f34cc996,6,7
UMAG_3a54bde2f948b9bc0381e3afa6055226,6,7
UMAG_3b764aed14dc280e123c02cda1dc53b5,6,7
UMAG_3bb248f277ac82abd58f1768d1e0329c,1,7
UMAG_3c67fe817a5d9571f8120425f6a46bc0,6,7
UMAG_3cbdeb246541efaa004d8119c515e8bf,3,7
UMAG_3cc3c1aa037f7763ff9c84ea0a7ac98e,6,7
UMAG_3d6dd5a440881fb22589c069f051ec90,6,7
UMAG_42cfd442d8f186c1e09dea5fb9a53c3a,6,7
UMAG_42ed15d171fe87a965eeb8bc3f86b772,6,7
UMAG_46fde817c987a1ae3b4af944276b94af,3,7
UMAG_498c60091e886c61ea77ffd7ed9f96fe,3,7
UMAG_4cfeb3890c81515985d0f7d2a77b58cd,3,7
UMAG_4e65e65fed1f567910d7725d40021397,6,7
UMAG_4e7afd65e306f7f0d225d20c18fc4362,6,7
UMAG_4f7b13d7d9ab184a54c8188d2cc47363,3,7
UMAG_53d72f8f39bbd144b6342e547fa96b7e,1,7
UMAG_54170683279bf2eb6fc95d6f0031d82b,6,7
UMAG_5446bafd01460838be2ca85b8df8fb8a,3,7
UMAG_56be8a0adc359aa9ecf6fc01f98cc052,1,7
UMAG_58b08912aa8eb3c204bf13caaac78ff9,1,7
UMAG_5a2220c23ba36be54be7c665f536b1b8,6,7
UMAG_5baaaec345a5f9d49470eeed9219ed34,1,7
UMAG_5c47c6e37ae977781cb0c115d70af7fd,6,7
UMAG_62d88123b732b62272969e9f3f35d1aa,6,7
UMAG_655589be3c4c64e82aaa56a38e51b97d,6,7
UMAG_662e402e98c92b2bd4e4856cceb44b26,1,7
UMAG_685eb75ebdf993dbb8ad83f9d2b73bc8,6,7
UMAG_6adf196a0b260d94bb2ea3d6cd8040d8,6,7
UMAG_6b7b89103fc9a63dde8a35110cb08efb,6,7
UMAG_6e75ec8d54ec3d4f26f83549e05e54d0,1,7
UMAG_7000538d55371f7e8595a68ec2593dab,1,7
UMAG_71044e1b0aeb6d0a73af363b4b619aeb,1,7
UMAG_726b13ed6964678b9acb22dc0e9f9cec,6,7
UMAG_7305f38b988dd0b8f018cae288c5bb96,1,7
UMAG_73c850f3e9a6e24c109cf1b512ab5cf0,6,7
UMAG_74452e8c2f260a8ce6d40cbf033f4cfe,6,7
UMAG_76a857550b2fbef22466468f5314fd5e,6,7
UMAG_77a28d99ebb890e21787bf35a3fa4e74,6,7
UMAG_797d7c4cd64211fb9f5707fc207c98c0,1,7
UMAG_797e3bf2ced7bee91ca1e3e7256ec24d,1,7
UMAG_7aceb9babb021adc5a6ad22290575c4b,3,7
UMAG_7cef8ec5e6d7771514ba41086b88c574,1,7
UMAG_7e1e89b2fab98adc3196e50c7b19008f,6,7
UMAG_7e232cd2f61761b158bb6d6791b88862,1,7
UMAG_80185a78679737c276a11534a4a134ff,3,7
UMAG_841502bf692d8d108a80195e5d501d71,6,7
UMAG_84750fce30fb28ecadf552e8e97c2687,1,7
UMAG_85169ba143db32e391b8f4c9a998a638,6,7
UMAG_8535c3137844e606193089986d30c384,3,7
UMAG_8550b6f3f92cb5e558fb7e36e101d6dd,1,7
UMAG_85a7296d7e2cffac496e0a4a58450868,1,7
UMAG_889eea03bd0b91f26285a70587373b25,1,7
UMAG_8bed039ff5711bd09ab89795fd985c26,1,7
UMAG_92ef6583bd56df1b9ae9d2108d67e252,6,7
UMAG_930852ecbf9d1581f3291ee78aa40578,6,7
UMAG_96acbfae9b8146ea8957a693838458d8,6,7
UMAG_9bc58014d0c52a880174f68557314b7d,6,7
UMAG_a50862ae465d16cdd54f3ad4e1edcb1a,6,7
UMAG_a6d6146fca9727a05c8ff97782d7269f,6,7
UMAG_a993fa0b146d8e20691e0f1c1aa115a6,3,7
UMAG_adf903f70a7999d4ea1133b130e97c41,3,7
UMAG_ae2b6a778f6ef2749c77ce2d35e9fa26,1,7
UMAG_b04601efb774d5c9d3e1605906522bf5,6,7
UMAG_b2ca67685928db2390e07563dfa724c7,6,7
UMAG_b32a1ad671131a9632d313ad1a1ad0df,3,7
UMAG_b6c40a74b9f880d539460c00f548afb1,3,7
UMAG_b81ac2b5685c17fe440a36a2e2c18855,3,7
UMAG_b8bf60f91e1cdbc334f4e8a36c7cf2d8,6,7
UMAG_b9daeabfac48c034bafff1d4890b6023,6,7
UMAG_ba40fe04f6f4a16832e2fca5051962cc,1,7
UMAG_be387cf2e5fcd59565c18174e362ef97,6,7
UMAG_be9ffe0bf65589bd91545e07bd72d591,1,7
UMAG_c595694805852cb2ebbf1ca8135d1aa4,1,7
UMAG_c7763c2349c367a10385f0a9ab0e7df2,6,7
UMAG_cb387c4924d6a273dce717857e2b26b9,3,7
UMAG_cc77a9a235d2362b3dd751f0a8af0586,1,7
UMAG_ccbb6227f51ae5f95a2f142a1ce232cb,1,7
UMAG_d04764eee86a04289dc41567c3187d02,3,7
UMAG_d1b3ed241597dfd2d9afca9080feaac9,6,7
UMAG_d29deca9aa77a39167520d61510cdb07,6,7
UMAG_d3bf60e988a4a5975efb9bbd37e43dba,6,7
UMAG_d47cc1a3350a3165cc40e086ce9f7016,1,7
UMAG_d5667e2b117c922a56d21f50d7210fb3,6,7
UMAG_d5957fad52a52ad70bbfe19af1b48b08,1,7
UMAG_da572556e60db8f46647f541fe8c0316,6,7
UMAG_dd2b6c034b8026feaeed3862e042c202,6,7
UMAG_deb6fde0fd6c1e438a01378bfa4e490b,6,7
UMAG_e67f6951fb50a3c7b20bf1a712be6f88,1,7
UMAG_e71a3e1bfa712565517cffba7451e4dc,6,7
UMAG_e7273bfa8f63390488ecc48b0cf17072,3,7
UMAG_e769703eb69b70887b0b280e87293137,6,7
UMAG_e7b3df8a3d0f24b39b0598856d798a97,3,7
UMAG_ebf47b69217effd5f305b6af24193665,3,7
UMAG_eec48e3a2cc78d14a9a51d877af4e6cb,6,7
UMAG_ef319a373b66fa3563b5f4dbb3eca672,1,7
UMAG_efa5ab4031be0a6986511134a3a8b9fe,6,7
UMAG_efcf201d2369beb8307ded4c3922e19f,6,7
UMAG_f1d52f8021277430ca0e724637d2f75f,1,7
UMAG_f1dddaddca8bfd5640790a45f19c3530,1,7
UMAG_f389f9f0e29070d443a1f4ef36333e6d,6,7
UMAG_f6ab74d0779fd05186924e3f2323dfd4,1,7
UMAG_f88b74f7eaf61068fada0a856b8c3948,6,7
UMAG_fa640b4624011a0cb65c1e7b76e37445,6,7
UMAG_fc3da86633fe82d0b3936070b3337652,6,7
UMAG_fde8c97e3e8e8af2a301faa450c90701,1,7
UMAG_fdf292b62ede760aa85f675320311228,1,7
USACH_08d6f433be1067352155246c4d79bd95,1,7
USACH_11e279148fa37ebc7db18d59bdce7202,1,7
USACH_2a3ae2070f0446afcd0bf8b629ef4961,6,7
USACH_369cc495333827d4559dc49b7c7a22db,1,7
USACH_4fc7a16571868e2cfeb630dbee6d393e,6,7
USACH_73018ee28c4c9b66195d74653de9fa51,1,7
USACH_73c605bc836f07107bc863e226f2b3b3,6,7
USACH_90e608b96e454eb38b942f4293a2fb08,1,7
USACH_ad87979760c819d26a98200ff70ec2f8,1,7
USACH_b2d48c19bddf3128131965a0d9d9ff36,1,7
USACH_eaa3cebef00d091698a0f0e453c31d03,1,7
